game_id,nba_game_id,game_date,season,season_type,home_score,away_score,home_team_id,away_team_id,home_team,away_team,home_avg_points,home_off_rating,home_def_rating,home_pace,home_fg_pct,home_fg3_pct,home_3pt_rate,home_win_pct,home_home_avg_pts,home_home_avg_pts_allowed,away_avg_points,away_off_rating,away_def_rating,away_pace,away_fg_pct,away_fg3_pct,away_3pt_rate,away_win_pct,away_away_avg_pts,away_away_avg_pts_allowed,pace_differential,home_rest_days,away_rest_days,rest_advantage,home_back_to_back,away_back_to_back,h2h_home_avg_score,h2h_away_avg_score,h2h_home_win_pct,h2h_games_count
3638,0022300021,2023-11-14,2023-24,Regular Season,123,87,24,23,OKC,SAS,115.9,113.49,112.01,101.95,0.4911,0.3778,1.0,0.6,119.67,,113.0,108.52,119.86,101.88,0.4712,0.3492,1.0,0.2,109.2,,0.07,3,3,0,0,0,115.9,113.0,0.5,0
3636,0022300026,2023-11-14,2023-24,Regular Season,134,107,11,27,LAL,MEM,111.0,108.97,114.14,99.65,0.4762,0.3,1.0,0.5,113.0,,108.6,106.49,111.35,101.24,0.4364,0.3325,1.0,0.2,109.0,,1.59,3,3,0,0,0,111.0,108.6,0.5,0
3634,0022300022,2023-11-14,2023-24,Regular Season,131,110,4,6,NOP,DAL,109.1,107.66,114.54,101.4,0.4547,0.3484,1.0,0.4,110.4,,124.1,121.87,115.7,101.8,0.4852,0.3999,1.0,0.8,123.6,,0.4,3,3,0,0,0,109.1,124.1,0.5,0
3625,0022300192,2023-11-15,2023-24,Regular Season,117,130,28,6,WAS,DAL,115.3,109.8,116.31,105.05,0.478,0.3648,1.0,0.2,112.33,,122.5,120.37,117.18,101.65,0.4799,0.4013,1.0,0.7,120.4,,3.4,3,1,2,0,1,115.3,122.5,0.5,0
3626,0022300195,2023-11-15,2023-24,Regular Season,112,128,25,13,TOR,MIL,108.2,108.14,109.07,98.2,0.458,0.3243,1.0,0.5,107.2,,115.9,113.73,116.08,101.95,0.4783,0.3542,1.0,0.5,115.25,,3.75,3,3,0,0,0,108.2,115.9,0.5,0
3630,0022300196,2023-11-15,2023-24,Regular Season,94,96,5,17,CHI,ORL,110.4,111.07,113.59,97.54,0.4479,0.3599,1.0,0.4,115.0,,109.5,110.04,108.08,99.7,0.4528,0.3327,1.0,0.5,105.2,,2.16,3,3,0,0,0,110.4,109.5,0.5,0
3628,0022300199,2023-11-15,2023-24,Regular Season,95,109,21,3,POR,CLE,105.7,104.42,110.46,99.27,0.4391,0.3105,1.0,0.3,104.0,,110.7,110.37,113.46,100.4,0.4587,0.3404,1.0,0.4,113.83,,1.13,3,3,0,0,0,105.7,110.7,0.5,0
3627,0022300194,2023-11-15,2023-24,Regular Season,107,117,19,2,PHI,BOS,121.2,118.99,109.96,101.65,0.4865,0.3604,1.0,0.9,123.86,,119.6,119.72,106.04,99.05,0.4777,0.3729,1.0,0.8,114.0,,2.6,3,3,0,0,0,121.2,119.6,0.5,0
3629,0022300197,2023-11-15,2023-24,Regular Season,133,115,20,14,PHX,MIN,111.8,111.03,111.24,99.82,0.455,0.3604,1.0,0.5,115.8,,111.9,110.49,102.16,100.05,0.4884,0.3723,1.0,0.8,108.8,,0.23,3,3,0,0,0,111.8,111.9,0.5,0
3623,0022300193,2023-11-15,2023-24,Regular Season,114,116,1,16,ATL,NYK,120.9,116.93,113.41,103.5,0.4758,0.3514,1.0,0.6,121.5,,108.4,112.04,107.17,97.2,0.4286,0.3573,1.0,0.5,105.0,,6.3,3,3,0,0,0,120.9,108.4,0.5,0
3622,0022300200,2023-11-16,2023-24,Regular Season,122,115,12,15,MIA,BKN,110.3,109.83,110.16,100.4,0.4664,0.3684,1.0,0.6,111.33,,114.3,114.11,112.67,99.95,0.4644,0.3882,1.0,0.6,115.6,,0.45,3,3,0,0,0,110.3,114.3,0.5,0
3621,0022300201,2023-11-16,2023-24,Regular Season,109,128,8,24,GSW,OKC,112.9,113.03,110.86,99.75,0.4448,0.3522,1.0,0.5,105.75,,115.8,112.69,109.71,102.6,0.4879,0.3676,1.0,0.6,105.67,,2.85,3,3,0,0,0,112.9,115.8,0.5,0
3619,0022300032,2023-11-17,2023-24,Regular Season,120,129,23,22,SAS,SAC,109.8,105.61,119.68,101.78,0.4582,0.3478,1.0,0.2,116.25,,114.6,111.95,112.17,99.96,0.4571,0.3373,1.0,0.6,108.4,,1.82,3,3,0,0,0,109.8,114.6,0.5,0
3616,0022300036,2023-11-17,2023-24,Regular Season,95,107,21,11,POR,LAL,104.1,103.32,109.51,98.82,0.4292,0.3134,1.0,0.3,101.75,,114.7,112.1,114.95,100.3,0.4963,0.3491,1.0,0.5,110.2,,1.48,2,3,-1,0,0,104.1,114.7,0.5,0
3618,0022300029,2023-11-17,2023-24,Regular Season,116,126,1,19,ATL,PHI,121.3,118.35,114.34,102.65,0.4886,0.3729,1.0,0.6,120.0,,120.2,119.25,111.3,100.5,0.4811,0.3514,1.0,0.8,114.0,,2.15,2,3,-1,0,0,121.3,120.2,0.5,0
3620,0022300031,2023-11-17,2023-24,Regular Season,105,108,25,2,TOR,BOS,109.7,109.97,112.69,97.95,0.4576,0.3116,1.0,0.4,110.2,,120.5,121.05,106.83,98.7,0.4773,0.3781,1.0,0.8,115.8,,0.75,2,2,0,0,0,109.7,120.5,0.5,0
3617,0022300028,2023-11-17,2023-24,Regular Season,99,120,28,16,WAS,NYK,115.0,110.14,116.05,104.35,0.4805,0.3606,1.0,0.2,113.5,,109.6,113.4,107.92,97.1,0.4394,0.3605,1.0,0.6,106.83,,7.25,2,2,0,0,0,115.0,109.6,0.5,0
3613,0022300027,2023-11-17,2023-24,Regular Season,99,130,30,13,CHA,MIL,115.0,113.58,120.57,101.35,0.478,0.3225,1.0,0.3,111.4,,116.9,115.42,116.26,101.35,0.4795,0.3688,1.0,0.6,117.8,,0.0,3,2,1,0,0,115.0,116.9,0.5,0
3611,0022300034,2023-11-17,2023-24,Regular Season,115,110,4,7,NOP,DEN,111.1,109.48,114.82,101.6,0.4597,0.3414,1.0,0.4,113.83,,114.0,117.01,108.41,97.75,0.5049,0.3493,1.0,0.8,107.25,,3.85,3,3,0,0,0,111.1,114.0,0.5,0
3610,0022300033,2023-11-17,2023-24,Regular Season,97,103,5,17,CHI,ORL,109.4,111.12,113.94,97.47,0.4503,0.3667,1.0,0.3,113.0,,107.5,107.76,108.62,99.95,0.4435,0.3348,1.0,0.5,103.67,,2.48,2,2,0,0,0,94.0,96.0,0.0,1
3614,0022300030,2023-11-17,2023-24,Regular Season,108,100,3,29,CLE,DET,110.2,110.32,112.27,99.9,0.4679,0.3309,1.0,0.4,106.0,,111.4,111.27,117.6,100.35,0.471,0.3683,1.0,0.1,113.5,,0.45,3,3,0,0,0,110.2,111.4,0.5,0
3615,0022300035,2023-11-17,2023-24,Regular Season,128,131,26,20,UTA,PHX,114.0,112.09,116.69,101.65,0.4641,0.3733,1.0,0.4,120.25,,114.3,114.96,113.54,98.82,0.4708,0.3819,1.0,0.5,107.75,,2.83,3,3,0,0,0,114.0,114.3,0.5,0
3609,0022300202,2023-11-18,2023-24,Regular Season,108,122,30,16,CHA,NYK,113.3,112.04,122.61,101.25,0.4687,0.3159,1.0,0.2,108.0,,109.0,114.28,107.46,95.75,0.4411,0.3571,1.0,0.6,105.83,,5.5,1,1,0,1,1,113.3,109.0,0.5,0
3608,0022300205,2023-11-18,2023-24,Regular Season,132,125,13,6,MIL,DAL,118.9,117.26,113.66,101.35,0.4893,0.3813,1.0,0.7,117.5,,123.0,120.61,116.67,101.85,0.4837,0.4001,1.0,0.7,122.0,,0.5,3,3,0,0,0,118.9,123.0,0.5,0
3607,0022300206,2023-11-18,2023-24,Regular Season,108,120,23,27,SAS,MEM,109.2,105.47,120.86,102.38,0.456,0.3585,1.0,0.1,114.75,,108.9,107.41,114.38,100.64,0.4314,0.3423,1.0,0.2,108.67,,1.74,1,4,-3,1,0,109.2,108.9,0.5,0
3606,0022300207,2023-11-18,2023-24,Regular Season,123,130,8,24,GSW,OKC,113.2,112.88,113.55,100.25,0.4424,0.3463,1.0,0.4,106.4,,117.8,115.2,110.72,102.05,0.4925,0.377,1.0,0.6,112.33,,1.8,2,2,0,0,0,109.0,128.0,0.0,1
3605,0022300203,2023-11-18,2023-24,Regular Season,120,121,4,14,NOP,MIN,113.0,111.37,117.23,101.55,0.466,0.3663,1.0,0.4,117.0,,114.0,113.68,107.18,99.1,0.5001,0.365,1.0,0.8,113.0,,2.45,1,3,-2,1,0,113.0,114.0,0.5,0
3604,0022300204,2023-11-18,2023-24,Regular Season,102,97,5,12,CHI,MIA,108.9,110.15,112.09,97.77,0.4527,0.3619,1.0,0.3,110.33,,111.4,111.74,110.76,99.7,0.4756,0.3628,1.0,0.7,109.67,,1.93,1,3,-2,1,0,108.9,111.4,0.5,0
3596,0022300215,2023-11-19,2023-24,Regular Season,91,134,21,24,POR,OKC,103.9,103.12,109.91,98.87,0.4298,0.3123,1.0,0.3,101.25,,121.3,117.12,108.23,102.55,0.5034,0.393,1.0,0.7,116.75,,3.68,2,1,1,0,1,103.9,121.3,0.5,0
3598,0022300211,2023-11-19,2023-24,Regular Season,142,113,25,29,TOR,DET,109.9,111.13,114.17,97.93,0.4595,0.323,1.0,0.4,109.33,,109.6,108.78,117.76,100.8,0.4616,0.3511,1.0,0.0,110.8,,2.87,2,2,0,0,0,109.9,109.6,0.5,0
3595,0022300209,2023-11-19,2023-24,Regular Season,116,128,18,17,IND,ORL,124.9,121.34,119.6,103.25,0.4971,0.3785,1.0,0.6,127.0,,107.6,107.97,108.52,99.95,0.446,0.3351,1.0,0.5,103.83,,3.3,3,2,1,0,0,124.9,107.6,0.5,0
3597,0022300214,2023-11-19,2023-24,Regular Season,137,140,26,20,UTA,PHX,114.8,113.29,118.26,101.4,0.4709,0.3787,1.0,0.3,122.25,,117.9,119.28,117.12,98.12,0.4811,0.4074,1.0,0.6,116.75,,3.28,2,2,0,0,0,128.0,131.0,0.0,1
3601,0022300213,2023-11-19,2023-24,Regular Season,100,102,27,2,MEM,BOS,110.5,109.55,115.02,100.09,0.4344,0.3453,1.0,0.3,111.0,,119.4,120.17,106.23,98.6,0.4756,0.3719,1.0,0.8,114.5,,1.49,3,2,1,0,0,110.5,119.4,0.5,0
3600,0022300208,2023-11-19,2023-24,Regular Season,99,121,15,19,BKN,PHI,113.8,114.85,113.41,99.05,0.4626,0.3783,1.0,0.6,113.0,,121.4,119.98,111.39,101.05,0.48,0.359,1.0,0.8,120.0,,2.0,3,2,1,0,0,113.8,121.4,0.5,0
3602,0022300212,2023-11-19,2023-24,Regular Season,113,129,6,22,DAL,SAC,123.0,120.38,118.68,102.0,0.4832,0.3852,1.0,0.6,124.5,,114.5,111.74,112.52,100.11,0.4651,0.3429,1.0,0.6,108.2,,1.89,3,2,1,0,0,123.0,114.5,0.5,0
3603,0022300216,2023-11-19,2023-24,Regular Season,105,104,11,9,LAL,HOU,112.7,111.99,113.17,99.67,0.5018,0.3572,1.0,0.6,119.2,,109.9,111.79,107.72,97.15,0.4674,0.3635,1.0,0.6,102.67,,2.52,5,3,2,0,0,112.7,109.9,0.5,0
3599,0022300210,2023-11-19,2023-24,Regular Season,121,109,3,7,CLE,DEN,110.5,111.45,112.18,99.15,0.4778,0.3471,1.0,0.5,106.75,,114.2,117.63,109.7,97.45,0.5073,0.3365,1.0,0.7,107.75,,1.7,2,2,0,0,0,110.5,114.2,0.5,0
3594,0022300219,2023-11-20,2023-24,Regular Season,129,142,28,13,WAS,MIL,113.6,109.92,118.43,103.4,0.4826,0.3571,1.0,0.1,110.0,,119.9,118.33,114.82,101.25,0.4908,0.3867,1.0,0.7,119.83,,2.15,3,3,0,0,0,113.6,119.9,0.5,0
3593,0022300222,2023-11-20,2023-24,Regular Season,129,93,4,22,NOP,SAC,114.8,113.29,116.46,101.45,0.4763,0.3821,1.0,0.5,120.0,,116.0,114.32,112.2,99.41,0.4748,0.3554,1.0,0.7,111.67,,2.04,2,1,1,0,1,114.8,116.0,0.5,0
3592,0022300218,2023-11-20,2023-24,Regular Season,103,107,29,7,DET,DEN,109.7,108.67,119.24,101.0,0.4657,0.3321,1.0,0.0,108.4,,112.3,115.4,112.38,97.55,0.4947,0.3441,1.0,0.6,103.0,,3.45,3,1,2,0,1,109.7,112.3,0.5,0
3591,0022300220,2023-11-20,2023-24,Regular Season,100,118,5,12,CHI,MIA,107.9,110.13,112.33,96.82,0.4511,0.3622,1.0,0.3,109.14,,112.1,112.99,110.9,99.2,0.4783,0.3645,1.0,0.7,110.83,,2.38,2,2,0,0,0,102.0,97.0,1.0,1
3590,0022300221,2023-11-20,2023-24,Regular Season,117,100,14,16,MIN,NYK,115.5,115.07,110.12,99.2,0.5027,0.3716,1.0,0.7,117.25,,112.5,118.29,109.21,95.3,0.4549,0.3814,1.0,0.7,111.67,,3.9,3,2,1,0,0,115.5,112.5,0.5,0
3589,0022300217,2023-11-20,2023-24,Regular Season,121,118,30,2,CHA,BOS,114.2,114.12,124.95,100.1,0.48,0.3395,1.0,0.2,109.8,,117.0,118.9,106.58,97.6,0.4711,0.3748,1.0,0.8,110.5,,2.5,2,1,1,0,1,114.2,117.0,0.5,0
3588,0022300223,2023-11-20,2023-24,Regular Season,99,124,23,10,SAS,LAC,111.7,108.62,121.16,101.78,0.4619,0.3627,1.0,0.1,113.4,,111.5,111.07,110.89,99.07,0.4694,0.369,1.0,0.3,111.17,,2.71,2,3,-1,0,0,111.7,111.5,0.5,0
3587,0022300224,2023-11-20,2023-24,Regular Season,121,116,8,9,GSW,HOU,112.5,110.99,115.06,100.3,0.4358,0.3488,1.0,0.3,109.17,,111.7,113.35,106.35,97.4,0.4757,0.366,1.0,0.6,108.67,,2.9,2,1,1,0,1,112.5,111.7,0.5,0
3586,0022300041,2023-11-21,2023-24,Regular Season,120,107,20,21,PHX,POR,119.3,118.87,118.53,97.67,0.4772,0.4204,1.0,0.6,117.2,,103.2,103.19,111.79,98.07,0.4315,0.3162,1.0,0.3,107.2,,0.4,6,3,3,0,0,119.3,103.2,0.5,0
3585,0022300040,2023-11-21,2023-24,Regular Season,119,122,19,3,PHI,CLE,120.9,120.49,112.19,100.3,0.478,0.3654,1.0,0.8,121.14,,111.3,112.51,110.66,99.0,0.4893,0.3491,1.0,0.6,113.0,,1.3,6,6,0,0,0,120.9,111.3,0.5,0
3584,0022300038,2023-11-21,2023-24,Regular Season,126,107,17,25,ORL,TOR,110.1,109.31,108.55,100.9,0.4554,0.3301,1.0,0.6,113.25,,113.4,112.9,112.8,99.18,0.4697,0.3088,1.0,0.5,110.75,,1.72,3,3,0,0,0,110.1,113.4,0.5,0
3583,0022300042,2023-11-21,2023-24,Regular Season,131,99,11,26,LAL,UTA,112.6,111.99,113.38,99.57,0.4956,0.3483,1.0,0.6,119.0,,118.1,114.7,117.85,100.95,0.4686,0.3789,1.0,0.3,111.0,,1.38,2,3,-1,0,0,112.6,118.1,0.5,0
3582,0022300039,2023-11-21,2023-24,Regular Season,152,157,1,18,ATL,IND,120.9,118.96,115.31,101.8,0.4852,0.3718,1.0,0.6,119.2,,124.0,119.32,119.93,104.25,0.4923,0.3648,1.0,0.5,120.67,,2.45,4,3,1,0,0,120.9,124.0,0.5,0
3575,0022300228,2023-11-22,2023-24,Regular Season,119,116,2,13,BOS,MIL,113.3,115.24,108.17,96.68,0.4576,0.3497,1.0,0.7,117.33,,123.0,120.79,113.94,101.8,0.5032,0.3864,1.0,0.8,125.0,,5.12,3,2,1,0,0,113.3,123.0,0.5,0
3581,0022300225,2023-11-22,2023-24,Regular Season,117,114,30,28,CHA,WAS,114.2,113.91,123.11,99.38,0.4752,0.347,1.0,0.3,109.8,,115.8,112.15,120.1,103.3,0.4934,0.361,1.0,0.1,116.0,,3.92,2,3,-1,0,0,114.2,115.8,0.5,0
3580,0022300238,2023-11-22,2023-24,Regular Season,101,104,11,6,LAL,DAL,112.7,112.66,111.54,100.05,0.5015,0.3518,1.0,0.6,119.2,,122.9,119.79,121.07,102.25,0.4841,0.3788,1.0,0.5,122.0,,2.2,1,4,-3,1,0,112.7,122.9,0.5,0
3579,0022300231,2023-11-22,2023-24,Regular Season,111,91,9,27,HOU,MEM,111.1,114.57,107.87,96.8,0.47,0.3727,1.0,0.6,113.0,,109.9,109.8,115.0,99.19,0.4304,0.3435,1.0,0.3,111.0,,2.39,3,4,-1,0,0,111.1,109.9,0.5,0
3578,0022300234,2023-11-22,2023-24,Regular Season,116,102,24,5,OKC,CHI,122.3,119.31,106.94,101.7,0.5109,0.4093,1.0,0.7,124.4,,107.4,109.95,113.16,96.52,0.4496,0.3586,1.0,0.3,105.0,,5.18,8,3,5,0,0,122.3,107.4,0.5,0
3577,0022300226,2023-11-22,2023-24,Regular Season,124,119,17,7,ORL,DEN,112.5,111.98,107.8,100.6,0.4585,0.3455,1.0,0.7,115.8,,112.0,114.99,112.59,97.55,0.4847,0.3513,1.0,0.6,103.8,,3.05,1,2,-1,1,0,112.5,112.0,0.5,0
3576,0022300236,2023-11-22,2023-24,Regular Season,123,115,20,8,PHX,GSW,119.9,120.66,118.77,96.77,0.4832,0.4154,1.0,0.6,118.4,,114.4,113.34,116.96,100.0,0.4345,0.3621,1.0,0.3,117.5,,3.23,1,3,-2,1,0,119.9,114.4,0.5,0
3572,0022300227,2023-11-22,2023-24,Regular Season,147,145,1,15,ATL,BKN,123.4,120.82,118.93,102.35,0.4947,0.3797,1.0,0.5,124.67,,110.4,112.49,114.63,98.1,0.4532,0.3812,1.0,0.5,110.0,,4.25,1,6,-5,1,0,123.4,110.4,0.5,0
3574,0022300232,2023-11-22,2023-24,Regular Season,112,99,14,19,MIN,PHI,115.9,115.48,107.03,99.35,0.5051,0.3555,1.0,0.8,117.2,,121.4,119.76,113.07,100.48,0.474,0.3608,1.0,0.7,120.33,,1.13,2,3,-1,0,0,115.9,121.4,0.5,0
3571,0022300230,2023-11-22,2023-24,Regular Season,131,132,18,25,IND,TOR,129.2,123.53,123.13,104.8,0.512,0.3876,1.0,0.6,128.83,,115.0,113.61,114.63,100.03,0.48,0.345,1.0,0.5,110.0,,4.77,3,1,2,0,1,129.2,115.0,0.5,0
3570,0022300233,2023-11-22,2023-24,Regular Season,117,112,4,22,NOP,SAC,116.7,115.61,115.57,101.05,0.4914,0.394,1.0,0.5,121.29,,112.1,111.94,113.96,99.13,0.4656,0.3444,1.0,0.6,109.0,,1.92,2,2,0,0,0,129.0,93.0,1.0,1
3569,0022300237,2023-11-22,2023-24,Regular Season,121,105,21,26,POR,UTA,104.0,104.17,115.2,97.92,0.4305,0.33,1.0,0.2,99.2,,117.8,113.81,119.23,101.55,0.4645,0.3742,1.0,0.3,110.4,,3.63,3,1,2,0,1,104.0,117.8,0.5,0
3568,0022300235,2023-11-22,2023-24,Regular Season,102,109,23,10,SAS,LAC,110.1,107.23,122.04,101.73,0.4585,0.3512,1.0,0.1,111.0,,112.1,111.55,108.89,99.07,0.4636,0.3623,1.0,0.4,112.17,,2.66,2,2,0,0,0,99.0,124.0,0.0,1
3573,0022300229,2023-11-22,2023-24,Regular Season,96,129,3,12,CLE,MIA,114.4,114.22,110.44,99.18,0.4991,0.3588,1.0,0.7,114.67,,112.5,114.96,110.15,97.9,0.4806,0.3749,1.0,0.8,111.5,,1.28,3,2,1,0,0,114.4,112.5,0.5,0
3564,0022300045,2023-11-24,2023-24,Regular Season,100,98,16,12,NYK,MIA,111.6,117.05,111.55,95.6,0.4455,0.3669,1.0,0.6,113.75,,114.9,118.39,109.67,97.1,0.49,0.3978,1.0,0.9,114.0,,1.5,3,2,1,0,0,111.6,114.9,0.5,0
3561,0022300052,2023-11-24,2023-24,Regular Season,106,116,10,4,LAC,NOP,110.7,110.3,110.81,98.97,0.4579,0.3563,1.0,0.4,108.33,,115.9,115.05,115.17,100.95,0.4897,0.3735,1.0,0.5,106.0,,1.98,3,3,0,0,0,110.7,115.9,0.5,0
3567,0022300049,2023-11-24,2023-24,Regular Season,131,128,13,28,MIL,WAS,123.6,121.16,115.32,101.9,0.5051,0.3733,1.0,0.7,123.33,,115.1,112.54,119.98,102.3,0.4883,0.3704,1.0,0.1,114.83,,0.4,6,2,4,0,0,142.0,129.0,1.0,1
3565,0022300044,2023-11-24,2023-24,Regular Season,89,110,27,20,MEM,PHX,108.0,108.41,114.19,98.69,0.4176,0.3276,1.0,0.3,107.67,,120.1,120.74,117.09,96.82,0.4741,0.4047,1.0,0.7,121.4,,1.87,5,5,0,0,0,108.0,120.1,0.5,0
3566,0022300047,2023-11-24,2023-24,Regular Season,136,113,18,29,IND,DET,131.9,126.17,120.98,104.75,0.5214,0.4203,1.0,0.7,129.14,,109.9,109.76,119.57,100.25,0.4657,0.3275,1.0,0.0,111.0,,4.5,2,5,-3,0,0,131.9,109.9,0.5,0
3563,0022300051,2023-11-24,2023-24,Regular Season,118,112,8,23,GSW,SAS,111.8,111.43,116.02,99.5,0.429,0.3484,1.0,0.2,112.33,,107.1,104.06,120.51,101.98,0.445,0.3315,1.0,0.0,101.0,,2.48,4,10,-6,0,0,111.8,107.1,0.5,0
3560,0022300043,2023-11-24,2023-24,Regular Season,113,96,17,2,ORL,BOS,113.4,114.28,109.64,99.45,0.4669,0.3455,1.0,0.7,117.17,,112.8,114.62,108.14,96.83,0.4622,0.3569,1.0,0.7,109.5,,2.62,2,4,-2,0,0,113.4,112.8,0.5,0
3559,0022300048,2023-11-24,2023-24,Regular Season,105,86,9,7,HOU,DEN,112.7,115.9,106.0,97.1,0.4757,0.378,1.0,0.7,115.29,,115.0,118.4,114.42,97.25,0.4924,0.376,1.0,0.6,109.8,,0.15,2,2,0,0,0,112.7,115.0,0.5,0
3558,0022300050,2023-11-24,2023-24,Regular Season,111,124,14,22,MIN,SAC,116.1,115.81,108.25,99.2,0.5076,0.3559,1.0,0.8,117.6,,113.2,112.83,115.26,99.33,0.4694,0.3471,1.0,0.6,110.57,,0.13,2,2,0,0,0,116.1,113.2,0.5,0
3562,0022300046,2023-11-24,2023-24,Regular Season,121,108,25,5,TOR,CHI,115.2,112.55,115.66,100.93,0.4773,0.3462,1.0,0.4,117.5,,106.9,109.43,113.9,96.52,0.4399,0.3579,1.0,0.3,104.0,,4.41,5,2,3,0,0,115.2,106.9,0.5,0
3554,0022300243,2023-11-25,2023-24,Regular Season,105,100,26,4,UTA,NOP,115.0,112.09,121.36,100.65,0.4573,0.3553,1.0,0.2,123.25,,117.0,115.71,112.72,101.45,0.491,0.3894,1.0,0.6,108.5,,0.8,6,1,5,0,1,115.0,117.0,0.5,0
3553,0022300239,2023-11-25,2023-24,Regular Season,123,127,24,19,OKC,PHI,123.3,121.46,107.1,100.75,0.517,0.4266,1.0,0.8,126.4,,120.1,118.66,114.52,100.28,0.4653,0.346,1.0,0.6,115.0,,0.47,3,3,0,0,0,123.3,120.1,0.5,0
3552,0022300241,2023-11-25,2023-24,Regular Season,108,136,28,1,WAS,ATL,116.5,113.67,120.6,102.55,0.4795,0.3645,1.0,0.1,115.5,,125.4,120.4,120.02,103.06,0.4829,0.3697,1.0,0.5,121.5,,0.51,5,3,2,0,0,116.5,125.4,0.5,0
3557,0022300240,2023-11-25,2023-24,Regular Season,112,97,15,12,BKN,MIA,114.0,114.51,117.01,98.31,0.4568,0.3797,1.0,0.4,110.67,,112.6,116.43,108.69,96.75,0.4691,0.3767,1.0,0.8,112.0,,1.56,6,1,5,0,1,115.0,122.0,0.0,1
3556,0022300244,2023-11-25,2023-24,Regular Season,107,88,10,6,LAC,DAL,109.5,109.56,112.6,98.57,0.4542,0.3408,1.0,0.3,104.33,,121.9,119.22,118.59,102.05,0.476,0.3703,1.0,0.6,120.33,,3.48,1,3,-2,1,0,109.5,121.9,0.5,0
3555,0022300242,2023-11-25,2023-24,Regular Season,115,121,3,11,CLE,LAL,114.5,114.43,114.89,99.03,0.5027,0.368,1.0,0.6,110.0,,112.7,112.76,110.12,99.9,0.5039,0.363,1.0,0.6,107.5,,0.87,3,8,-5,0,0,114.5,112.7,0.5,0
3547,0022300247,2023-11-26,2023-24,Regular Season,113,116,16,20,NYK,PHX,112.7,117.98,111.66,95.8,0.4588,0.3847,1.0,0.7,116.5,,121.1,122.47,115.35,96.22,0.4894,0.4145,1.0,0.8,123.4,,0.42,2,2,0,0,0,112.7,121.1,0.5,0
3544,0022300252,2023-11-26,2023-24,Regular Season,132,120,7,23,DEN,SAS,111.1,114.38,113.51,97.25,0.4737,0.356,1.0,0.5,119.0,,106.7,103.89,120.15,102.85,0.44,0.3257,1.0,0.0,103.75,,5.6,3,2,1,0,0,111.1,106.7,0.5,0
3546,0022300249,2023-11-26,2023-24,Regular Season,97,119,27,14,MEM,MIN,106.0,107.89,113.59,97.24,0.4274,0.329,1.0,0.3,103.0,,114.9,113.99,110.74,99.65,0.4959,0.3548,1.0,0.7,114.6,,2.41,2,8,-6,0,0,106.0,114.9,0.5,0
3548,0022300250,2023-11-26,2023-24,Regular Season,118,109,15,5,BKN,CHI,114.3,114.7,115.85,98.41,0.461,0.3786,1.0,0.4,110.86,,107.6,110.73,114.36,96.02,0.4458,0.3754,1.0,0.3,106.33,,2.39,1,2,-1,1,0,114.3,107.6,0.5,0
3549,0022300245,2023-11-26,2023-24,Regular Season,108,102,13,21,MIL,POR,123.8,120.99,115.61,102.05,0.5094,0.369,1.0,0.7,125.25,,105.1,105.91,116.38,97.22,0.4347,0.3386,1.0,0.2,108.5,,4.83,2,5,-3,0,0,123.8,105.1,0.5,0
3551,0022300248,2023-11-26,2023-24,Regular Season,130,117,17,30,ORL,CHA,112.7,113.1,108.93,99.75,0.472,0.3484,1.0,0.7,116.0,,114.0,113.94,121.85,99.23,0.4725,0.3495,1.0,0.4,118.5,,0.52,2,3,-1,0,0,112.7,114.0,0.5,0
3545,0022300246,2023-11-26,2023-24,Regular Season,113,103,2,1,BOS,ATL,111.5,114.4,109.06,96.83,0.4639,0.3528,1.0,0.7,117.75,,126.0,121.78,119.61,102.31,0.4839,0.3902,1.0,0.5,124.4,,5.48,4,1,3,0,1,111.5,126.0,0.5,0
3550,0022300251,2023-11-26,2023-24,Regular Season,105,102,3,25,CLE,TOR,114.4,113.92,114.45,99.43,0.4976,0.3715,1.0,0.6,111.0,,117.4,115.25,115.52,100.58,0.4822,0.3438,1.0,0.5,116.6,,1.15,1,4,-3,1,0,114.4,117.4,0.5,0
3541,0022300256,2023-11-27,2023-24,Regular Season,114,112,26,4,UTA,NOP,114.2,112.03,120.61,99.95,0.4549,0.3538,1.0,0.3,121.25,,115.4,114.22,109.82,101.4,0.4829,0.3767,1.0,0.6,104.5,,1.45,2,2,0,0,0,105.0,100.0,1.0,1
3540,0022300254,2023-11-27,2023-24,Regular Season,110,114,18,21,IND,POR,133.4,128.05,121.13,104.4,0.5171,0.414,1.0,0.7,131.29,,103.8,105.06,116.51,97.73,0.4348,0.3511,1.0,0.1,107.2,,6.67,3,1,2,0,1,133.4,103.8,0.5,0
3542,0022300253,2023-11-27,2023-24,Regular Season,107,126,29,28,DET,WAS,109.6,109.57,120.93,100.1,0.4699,0.3322,1.0,0.0,108.8,,114.5,112.63,120.65,101.75,0.4774,0.3496,1.0,0.1,115.0,,1.65,7,3,4,0,0,109.6,114.5,0.5,0
3543,0022300257,2023-11-27,2023-24,Regular Season,104,113,10,7,LAC,DEN,107.7,109.71,110.24,97.9,0.4499,0.3272,1.0,0.4,105.0,,112.0,114.4,114.63,97.95,0.478,0.3545,1.0,0.5,105.83,,0.05,2,3,-1,0,0,107.7,112.0,0.5,0
3539,0022300255,2023-11-27,2023-24,Regular Season,138,94,19,11,PHI,LAL,118.2,118.47,115.67,98.93,0.4551,0.3414,1.0,0.6,119.0,,114.1,113.37,109.96,100.65,0.5018,0.3655,1.0,0.7,111.0,,1.72,6,2,4,0,0,118.2,114.1,0.5,0
3532,0022300055,2023-11-28,2023-24,Regular Season,128,105,3,1,CLE,ATL,113.4,113.14,114.55,99.18,0.4946,0.3741,1.0,0.6,109.0,,124.0,119.23,120.08,102.66,0.4764,0.3919,1.0,0.4,120.4,,3.48,2,2,0,0,0,113.4,124.0,0.5,0
3531,0022300053,2023-11-28,2023-24,Regular Season,124,97,2,5,BOS,CHI,112.5,115.81,109.07,96.48,0.4685,0.3486,1.0,0.8,116.8,,105.5,109.58,115.78,95.27,0.4424,0.36,1.0,0.2,107.0,,1.21,2,2,0,0,0,112.5,105.5,0.5,0
3535,0022300058,2023-11-28,2023-24,Regular Season,106,103,14,24,MIN,OKC,115.4,115.74,110.92,99.4,0.4972,0.3638,1.0,0.7,115.5,,121.7,120.9,106.76,99.95,0.5007,0.4121,1.0,0.8,120.2,,0.55,4,9,-5,0,0,115.4,121.7,0.5,0
3534,0022300060,2023-11-28,2023-24,Regular Season,124,123,22,8,SAC,GSW,116.7,115.64,115.1,99.93,0.4803,0.3689,1.0,0.7,119.33,,113.2,112.26,115.1,100.05,0.4422,0.3546,1.0,0.3,113.33,,0.12,3,6,-3,0,0,116.7,113.2,0.5,0
3533,0022300059,2023-11-28,2023-24,Regular Season,121,115,6,9,DAL,HOU,118.3,116.75,118.75,100.95,0.4661,0.3607,1.0,0.5,124.33,,110.4,113.96,103.2,96.7,0.4721,0.3626,1.0,0.7,106.67,,4.25,9,8,1,0,0,118.3,110.4,0.5,0
3536,0022300054,2023-11-28,2023-24,Regular Season,115,103,15,25,BKN,TOR,114.7,116.13,115.3,97.61,0.4674,0.3931,1.0,0.5,111.43,,115.3,114.16,115.49,100.65,0.4784,0.3292,1.0,0.4,112.4,,3.04,2,2,0,0,0,114.7,115.3,0.5,0
3537,0022300056,2023-11-28,2023-24,Regular Season,124,131,12,13,MIA,MIL,111.5,115.62,109.67,96.4,0.4662,0.3767,1.0,0.7,122.0,,122.6,120.37,114.48,101.6,0.5031,0.3726,1.0,0.7,122.83,,5.2,12,6,6,0,0,111.5,122.6,0.5,0
3538,0022300057,2023-11-28,2023-24,Regular Season,115,91,16,30,NYK,CHA,113.5,120.0,113.41,94.85,0.4645,0.4005,1.0,0.7,115.8,,113.2,112.22,121.7,99.93,0.4721,0.3528,1.0,0.3,116.5,,5.08,2,2,0,0,0,122.0,108.0,1.0,1
3527,0022300264,2023-11-29,2023-24,Regular Season,117,131,22,10,SAC,LAC,119.4,117.02,113.58,101.18,0.481,0.368,1.0,0.8,120.5,,108.4,110.32,110.21,98.05,0.4418,0.3228,1.0,0.4,112.0,,3.13,1,7,-6,1,0,119.4,108.4,0.5,0
3525,0022300258,2023-11-29,2023-24,Regular Season,107,133,29,11,DET,LAL,109.7,108.66,120.59,101.0,0.4627,0.3185,1.0,0.0,109.0,,114.1,113.67,111.26,100.4,0.5064,0.3625,1.0,0.7,111.0,,0.6,2,2,0,0,0,109.7,114.1,0.5,0
3524,0022300259,2023-11-29,2023-24,Regular Season,139,120,17,28,ORL,WAS,115.5,115.18,108.15,100.4,0.4789,0.3558,1.0,0.8,120.67,,113.9,111.59,119.19,102.25,0.4795,0.3422,1.0,0.1,113.8,,1.85,3,2,1,0,0,115.5,113.9,0.5,0
3530,0022300263,2023-11-29,2023-24,Regular Season,134,124,7,9,DEN,HOU,109.9,112.53,113.75,97.7,0.4721,0.3615,1.0,0.5,117.0,,111.2,114.67,106.33,96.85,0.4755,0.3541,1.0,0.6,108.75,,0.85,3,1,2,0,1,86.0,105.0,0.0,1
3528,0022300262,2023-11-29,2023-24,Regular Season,124,114,4,19,NOP,PHI,116.5,116.23,109.97,100.6,0.4942,0.3799,1.0,0.7,122.67,,121.4,122.31,115.46,98.33,0.4614,0.3627,1.0,0.6,117.4,,2.27,7,4,3,0,0,116.5,121.4,0.5,0
3529,0022300261,2023-11-29,2023-24,Regular Season,105,91,27,26,MEM,UTA,104.4,107.43,114.86,97.3,0.417,0.3274,1.0,0.3,101.8,,116.1,114.12,119.71,99.8,0.4584,0.3613,1.0,0.3,112.4,,2.5,3,7,-4,0,0,104.4,116.1,0.5,0
3526,0022300260,2023-11-29,2023-24,Regular Season,112,105,25,20,TOR,PHX,112.9,112.35,116.05,100.1,0.4675,0.3347,1.0,0.3,118.2,,120.7,123.1,116.95,95.47,0.4856,0.4185,1.0,0.8,122.6,,4.63,5,3,2,0,0,112.9,120.7,0.5,0
3515,0022300269,2023-11-30,2023-24,Regular Season,120,113,5,13,CHI,MIL,103.7,109.03,118.06,95.05,0.4419,0.3497,1.0,0.2,102.4,,123.3,121.18,114.4,101.5,0.5036,0.3764,1.0,0.8,124.0,,6.45,10,2,8,0,0,103.7,123.3,0.5,0
3517,0022300272,2023-11-30,2023-24,Regular Season,135,137,23,1,SAS,ATL,107.6,104.95,118.38,102.7,0.4426,0.3327,1.0,0.0,108.67,,122.8,118.49,120.62,102.31,0.4738,0.3881,1.0,0.4,118.0,,0.39,8,2,6,0,0,107.6,122.8,0.5,0
3518,0022300270,2023-11-30,2023-24,Regular Season,101,90,14,26,MIN,UTA,113.8,114.61,111.32,99.1,0.4846,0.3657,1.0,0.7,111.5,,113.9,112.39,117.76,99.3,0.4485,0.3651,1.0,0.3,108.0,,0.2,2,1,1,0,1,113.8,113.9,0.5,0
3520,0022300273,2023-11-30,2023-24,Regular Season,120,114,8,10,GSW,LAC,113.5,111.49,115.67,100.9,0.443,0.3668,1.0,0.2,113.14,,112.2,114.2,111.6,98.2,0.456,0.3506,1.0,0.5,119.6,,2.7,6,1,5,0,1,113.5,112.2,0.5,0
3516,0022300266,2023-11-30,2023-24,Regular Season,128,129,15,30,BKN,CHA,113.7,115.61,113.05,97.26,0.4638,0.3917,1.0,0.6,110.0,,110.5,110.45,121.64,99.13,0.4642,0.368,1.0,0.3,109.75,,1.87,2,2,0,0,0,113.7,110.5,0.5,0
3523,0022300268,2023-11-30,2023-24,Regular Season,118,112,16,29,NYK,DET,113.9,120.42,112.99,94.75,0.4645,0.4013,1.0,0.7,116.6,,109.5,107.51,120.77,101.9,0.4564,0.3169,1.0,0.0,110.4,,7.15,2,6,-4,0,0,113.9,109.5,0.5,0
3521,0022300265,2023-11-30,2023-24,Regular Season,95,103,3,21,CLE,POR,114.2,114.03,112.43,99.08,0.4978,0.3792,1.0,0.7,112.17,,105.2,105.92,115.66,98.28,0.443,0.37,1.0,0.2,108.33,,0.8,2,3,-1,0,0,109.0,95.0,1.0,1
3522,0022300267,2023-11-30,2023-24,Regular Season,142,132,12,18,MIA,IND,113.1,117.22,112.34,96.5,0.4718,0.3841,1.0,0.6,123.0,,132.0,126.1,119.23,105.0,0.5164,0.3893,1.0,0.7,138.33,,8.5,2,9,-7,0,0,113.1,132.0,0.5,0
3519,0022300271,2023-11-30,2023-24,Regular Season,133,110,24,11,OKC,LAL,119.4,119.31,106.43,99.3,0.4939,0.4088,1.0,0.7,122.5,,115.2,113.9,109.33,101.1,0.5075,0.3534,1.0,0.7,113.75,,1.8,5,1,4,0,1,119.4,115.2,0.5,0
3514,0022300279,2023-12-01,2023-24,Regular Season,111,119,20,7,PHX,DEN,119.6,123.4,117.95,95.25,0.4838,0.4058,1.0,0.7,118.8,,112.5,116.13,116.56,97.1,0.478,0.3743,1.0,0.5,106.86,,1.85,9,4,5,0,0,119.6,112.5,0.5,0
3509,0022300274,2023-12-01,2023-24,Regular Season,130,125,17,28,ORL,WAS,117.5,117.11,108.37,100.3,0.4929,0.3818,1.0,0.9,124.0,,114.2,111.77,120.52,102.35,0.4777,0.3433,1.0,0.1,114.83,,2.05,2,2,0,0,0,139.0,120.0,1.0,1
3510,0022300276,2023-12-01,2023-24,Regular Season,106,119,25,16,TOR,NYK,114.7,114.31,114.8,100.05,0.4742,0.3447,1.0,0.4,117.17,,113.1,119.48,113.59,94.85,0.4651,0.3951,1.0,0.7,111.2,,5.2,2,11,-9,0,0,114.7,113.1,0.5,0
3511,0022300275,2023-12-01,2023-24,Regular Season,125,119,2,19,BOS,PHI,112.8,116.13,108.15,96.43,0.4771,0.355,1.0,0.8,117.4,,121.4,122.31,116.92,98.48,0.4711,0.3718,1.0,0.5,117.4,,2.05,3,2,1,0,0,117.0,107.0,1.0,1
3512,0022300278,2023-12-01,2023-24,Regular Season,121,106,4,23,NOP,SAS,118.8,118.1,111.09,100.75,0.5027,0.3812,1.0,0.8,122.86,,110.6,106.63,117.97,103.85,0.4476,0.3501,1.0,0.0,106.33,,3.1,2,5,-3,0,0,118.8,110.6,0.5,0
3513,0022300277,2023-12-01,2023-24,Regular Season,94,108,6,27,DAL,MEM,118.7,117.53,120.31,100.7,0.4633,0.3585,1.0,0.5,123.5,,103.7,107.05,114.54,96.85,0.4158,0.3201,1.0,0.3,105.75,,3.85,3,9,-6,0,0,118.7,103.7,0.5,0
3499,0022300288,2023-12-02,2023-24,Regular Season,116,109,20,27,PHX,MEM,118.8,122.82,118.03,95.0,0.4855,0.3986,1.0,0.7,117.2,,104.3,108.0,113.74,96.4,0.4258,0.3228,1.0,0.4,106.2,,1.4,1,1,0,1,1,110.0,89.0,1.0,1
3507,0022300286,2023-12-02,2023-24,Regular Season,132,121,13,1,MIL,ATL,124.9,121.66,113.8,101.65,0.4991,0.3787,1.0,0.8,122.25,,124.5,119.4,121.57,102.86,0.4766,0.392,1.0,0.4,121.4,,1.21,6,2,4,0,0,124.9,124.5,0.5,0
3501,0022300283,2023-12-02,2023-24,Regular Season,101,110,29,3,DET,CLE,108.9,107.79,121.48,101.1,0.4605,0.3357,1.0,0.0,108.6,,111.9,112.68,112.79,98.13,0.4975,0.3644,1.0,0.6,117.0,,2.97,3,11,-8,0,0,100.0,108.0,0.0,1
3502,0022300287,2023-12-02,2023-24,Regular Season,120,126,6,24,DAL,OKC,116.5,116.59,119.35,99.7,0.4527,0.3478,1.0,0.5,118.0,,119.9,119.79,105.37,99.35,0.4959,0.3992,1.0,0.7,117.33,,0.35,1,4,-3,1,0,116.5,119.9,0.5,0
3503,0022300280,2023-12-02,2023-24,Regular Season,113,112,10,8,LAC,GSW,111.0,113.47,109.68,97.8,0.4513,0.3585,1.0,0.5,104.8,,115.0,113.3,116.67,100.65,0.45,0.3739,1.0,0.3,119.0,,2.85,5,4,1,0,0,114.0,120.0,0.0,1
3505,0022300281,2023-12-02,2023-24,Regular Season,117,123,30,14,CHA,MIN,111.8,112.52,122.44,98.38,0.4628,0.3943,1.0,0.3,110.0,,112.2,113.88,110.12,98.3,0.479,0.3658,1.0,0.7,115.0,,0.08,10,6,4,0,0,111.8,112.2,0.5,0
3508,0022300285,2023-12-02,2023-24,Regular Season,124,118,5,4,CHI,NOP,103.8,107.34,117.22,95.45,0.4394,0.3481,1.0,0.2,102.6,,118.5,118.72,109.1,99.95,0.501,0.3663,1.0,0.9,109.33,,4.5,2,5,-3,0,0,103.8,118.5,0.5,0
3500,0022300284,2023-12-02,2023-24,Regular Season,129,144,12,18,MIA,IND,115.6,119.26,114.1,96.85,0.4788,0.3906,1.0,0.6,129.33,,130.0,124.1,122.26,105.0,0.5095,0.3623,1.0,0.6,136.75,,8.15,2,2,0,0,0,142.0,132.0,1.0,1
3497,0022300282,2023-12-02,2023-24,Regular Season,129,101,15,17,BKN,ORL,116.5,118.92,117.0,97.01,0.4731,0.394,1.0,0.6,114.0,,119.3,118.18,110.57,100.85,0.5017,0.382,1.0,0.9,107.75,,3.84,2,13,-11,0,0,116.5,119.3,0.5,0
3498,0022300289,2023-12-02,2023-24,Regular Season,118,113,26,21,UTA,POR,111.1,110.54,115.53,98.4,0.4395,0.3568,1.0,0.3,119.8,,103.7,105.73,114.56,98.0,0.443,0.3736,1.0,0.3,105.83,,0.4,5,2,3,0,0,105.0,121.0,0.0,1
3506,0022300290,2023-12-02,2023-24,Regular Season,123,117,22,7,SAC,DEN,119.0,117.62,115.92,101.3,0.4814,0.37,1.0,0.7,119.5,,114.0,117.47,116.62,97.35,0.4886,0.3837,1.0,0.6,109.0,,3.95,3,1,2,0,1,119.0,114.0,0.5,0
3504,0022300291,2023-12-02,2023-24,Regular Season,107,97,11,9,LAL,HOU,114.6,112.89,111.23,101.45,0.5031,0.3656,1.0,0.6,116.2,,111.4,115.18,110.63,96.65,0.4729,0.3447,1.0,0.5,111.8,,4.8,10,3,7,0,0,105.0,104.0,1.0,1
3495,0022301202,2023-12-04,2023-24,Regular Season,122,112,18,2,IND,BOS,131.0,126.15,124.29,104.2,0.5239,0.3806,1.0,0.6,123.8,,113.6,116.08,110.11,97.03,0.473,0.3694,1.0,0.8,108.2,,7.17,7,10,-3,0,0,131.0,113.6,0.5,0
3496,0022301204,2023-12-04,2023-24,Regular Season,117,127,22,4,SAC,NOP,120.8,118.62,116.95,102.05,0.4881,0.3894,1.0,0.7,124.0,,117.2,118.41,111.6,99.05,0.4989,0.3615,1.0,0.8,111.5,,3.0,2,2,0,0,0,102.5,123.0,0.0,2
3494,0022301201,2023-12-05,2023-24,Regular Season,146,122,13,16,MIL,NYK,126.3,122.31,114.31,102.25,0.5115,0.3892,1.0,0.8,125.75,,112.1,117.88,113.14,95.2,0.4611,0.3978,1.0,0.7,112.5,,7.05,3,4,-1,0,0,126.3,112.1,0.5,0
3493,0022301203,2023-12-05,2023-24,Regular Season,106,103,11,20,LAL,PHX,111.9,109.57,109.82,101.9,0.49,0.3323,1.0,0.6,110.8,,120.5,123.88,117.05,95.65,0.4903,0.4022,1.0,0.8,120.4,,6.25,3,6,-3,0,0,111.9,120.5,0.5,0
3491,0022301210,2023-12-06,2023-24,Regular Season,102,94,14,23,MIN,SAS,112.9,115.34,111.31,97.8,0.4778,0.368,1.0,0.7,109.4,,110.2,106.75,118.93,103.35,0.4467,0.3558,1.0,0.0,106.25,,5.55,6,5,1,0,0,112.9,110.2,0.5,0
3482,0022301211,2023-12-06,2023-24,Regular Season,111,100,5,30,CHI,CHA,105.3,109.0,117.47,95.3,0.4559,0.3573,1.0,0.3,106.17,,111.1,112.67,123.81,97.73,0.4657,0.4209,1.0,0.2,111.0,,2.43,4,6,-2,0,0,105.3,111.1,0.5,0
3483,0022301213,2023-12-06,2023-24,Regular Season,147,97,6,26,DAL,UTA,114.1,113.58,118.72,100.2,0.4455,0.3391,1.0,0.4,112.0,,110.2,109.21,114.19,97.86,0.4345,0.3288,1.0,0.3,96.25,,2.34,4,6,-2,0,0,114.1,110.2,0.5,0
3486,0022301214,2023-12-06,2023-24,Regular Season,110,106,8,21,GSW,POR,115.2,113.91,116.62,100.25,0.4531,0.3792,1.0,0.3,114.57,,104.0,105.6,114.31,97.41,0.433,0.371,1.0,0.3,106.33,,2.84,6,4,2,0,0,115.2,104.0,0.5,0
3490,0022301215,2023-12-06,2023-24,Regular Season,111,102,10,7,LAC,DEN,112.2,114.36,109.83,98.2,0.4567,0.3565,1.0,0.6,107.2,,114.6,116.59,116.75,98.6,0.4847,0.3729,1.0,0.5,110.0,,0.4,4,4,0,0,0,104.0,113.0,0.0,1
3488,0022301205,2023-12-06,2023-24,Regular Season,121,111,3,17,CLE,ORL,110.9,111.05,109.24,98.53,0.4974,0.352,1.0,0.7,109.71,,119.0,117.33,110.42,101.35,0.4976,0.3782,1.0,0.9,107.0,,2.82,6,4,2,0,0,110.9,119.0,0.5,0
3489,0022301206,2023-12-06,2023-24,Regular Season,102,116,29,27,DET,MEM,108.4,107.17,120.85,101.25,0.461,0.3338,1.0,0.0,107.6,,103.1,106.48,112.54,96.6,0.4256,0.3122,1.0,0.4,106.67,,4.65,4,4,0,0,0,108.4,103.1,0.5,0
3485,0022301207,2023-12-06,2023-24,Regular Season,103,112,25,12,TOR,MIA,114.2,114.46,116.48,99.55,0.4682,0.3435,1.0,0.3,116.33,,116.7,120.62,117.38,96.7,0.4889,0.3999,1.0,0.5,108.33,,2.85,5,11,-6,0,0,114.2,116.7,0.5,0
3492,0022301208,2023-12-06,2023-24,Regular Season,126,131,28,19,WAS,PHI,117.3,114.54,123.0,102.55,0.4908,0.3653,1.0,0.1,113.25,,119.6,120.16,116.46,98.78,0.4663,0.3751,1.0,0.4,117.67,,3.77,11,5,6,0,0,117.3,119.6,0.5,0
3487,0022301209,2023-12-06,2023-24,Regular Season,113,114,1,15,ATL,BKN,125.7,120.45,122.9,102.96,0.4775,0.3924,1.0,0.4,132.25,,118.7,120.9,114.5,97.31,0.4789,0.3947,1.0,0.7,130.0,,5.65,14,14,0,0,0,147.0,145.0,1.0,1
3484,0022301212,2023-12-06,2023-24,Regular Season,110,101,9,24,HOU,OKC,108.3,111.76,111.63,96.95,0.4585,0.3378,1.0,0.4,106.75,,122.7,122.12,106.41,99.75,0.4951,0.4214,1.0,0.8,122.0,,2.8,12,4,8,0,0,108.3,122.7,0.5,0
3480,0022301229,2023-12-07,2023-24,Regular Season,119,128,13,18,MIL,IND,128.1,123.69,114.84,102.6,0.5201,0.3984,1.0,0.8,129.8,,130.6,125.63,123.0,104.3,0.5218,0.3864,1.0,0.6,138.2,,1.7,2,5,-3,0,0,128.1,130.6,0.5,0
3481,0022301230,2023-12-07,2023-24,Regular Season,133,89,11,4,LAL,NOP,111.5,110.41,108.86,100.75,0.4767,0.3244,1.0,0.7,110.0,,118.4,119.72,112.43,98.95,0.5006,0.3545,1.0,0.8,114.6,,1.8,2,3,-1,0,0,111.5,118.4,0.5,0
3474,0022301218,2023-12-08,2023-24,Regular Season,125,114,19,1,PHI,ATL,120.1,121.31,116.24,98.33,0.4674,0.3774,1.0,0.5,121.33,,124.4,119.3,122.21,102.96,0.4705,0.3903,1.0,0.4,120.4,,4.63,11,6,5,0,0,126.0,116.0,1.0,1
3471,0022301227,2023-12-08,2023-24,Regular Season,133,123,2,16,BOS,NYK,113.4,114.0,110.54,98.63,0.4698,0.3545,1.0,0.7,120.25,,114.5,118.31,114.5,96.75,0.4687,0.3853,1.0,0.7,116.5,,1.88,7,3,4,0,0,113.4,114.5,0.5,0
3479,0022301220,2023-12-08,2023-24,Regular Season,99,111,12,3,MIA,CLE,116.8,120.49,116.72,97.0,0.4868,0.4109,1.0,0.5,129.25,,112.1,111.56,109.91,99.28,0.4949,0.3632,1.0,0.7,116.0,,2.28,6,6,0,0,0,129.0,96.0,1.0,1
3478,0022301226,2023-12-08,2023-24,Regular Season,112,125,21,6,POR,DAL,104.7,106.4,114.03,97.26,0.4321,0.3744,1.0,0.3,100.5,,115.2,115.12,116.57,99.8,0.4519,0.3463,1.0,0.4,111.4,,2.54,16,13,3,0,0,104.7,115.2,0.5,0
3477,0022301228,2023-12-08,2023-24,Regular Season,106,114,20,22,PHX,SAC,117.5,119.77,115.48,96.25,0.4796,0.3954,1.0,0.7,117.5,,119.3,116.81,117.02,102.4,0.4738,0.3759,1.0,0.6,118.67,,6.15,6,14,-8,0,0,117.5,119.3,0.5,0
3475,0022301225,2023-12-08,2023-24,Regular Season,103,117,26,10,UTA,LAC,108.4,107.15,118.52,98.16,0.4284,0.335,1.0,0.2,120.4,,112.5,114.43,108.65,98.4,0.4597,0.3561,1.0,0.7,119.5,,0.24,6,8,-2,0,0,108.4,112.5,0.5,0
3472,0022301223,2023-12-08,2023-24,Regular Season,112,121,23,5,SAS,CHI,108.3,104.74,117.23,103.45,0.4381,0.3348,1.0,0.0,112.8,,107.0,110.62,117.87,95.35,0.4583,0.378,1.0,0.4,104.0,,8.1,8,10,-2,0,0,108.3,107.0,0.5,0
3473,0022301221,2023-12-08,2023-24,Regular Season,103,127,27,14,MEM,MIN,104.2,106.91,112.13,97.15,0.4352,0.3228,1.0,0.4,97.75,,112.7,115.04,110.4,97.95,0.4748,0.3568,1.0,0.7,119.5,,0.8,9,6,3,0,0,97.0,119.0,0.0,1
3470,0022301219,2023-12-08,2023-24,Regular Season,124,97,15,28,BKN,WAS,119.9,121.96,116.34,97.36,0.4868,0.4109,1.0,0.6,117.86,,119.2,115.95,124.82,102.8,0.4961,0.3591,1.0,0.1,122.6,,5.44,6,7,-1,0,0,119.9,119.2,0.5,0
3469,0022301222,2023-12-08,2023-24,Regular Season,138,136,24,8,OKC,GSW,121.7,120.87,107.21,100.0,0.4888,0.412,1.0,0.7,123.75,,115.2,114.02,115.73,100.15,0.4565,0.3807,1.0,0.4,116.67,,0.15,8,6,2,0,0,129.0,116.0,1.0,2
3468,0022301216,2023-12-08,2023-24,Regular Season,119,116,30,25,CHA,TOR,110.4,111.49,121.15,98.23,0.4622,0.4136,1.0,0.2,111.17,,113.3,113.54,114.98,99.5,0.4716,0.354,1.0,0.3,111.0,,1.27,6,10,-4,0,0,110.4,113.3,0.5,0
3467,0022301224,2023-12-08,2023-24,Regular Season,106,114,7,9,DEN,HOU,113.8,116.11,116.8,98.25,0.4775,0.3866,1.0,0.5,133.0,,108.9,112.36,111.53,97.0,0.4658,0.3547,1.0,0.4,109.33,,1.25,9,6,3,0,0,110.0,114.5,0.5,2
3476,0022301217,2023-12-08,2023-24,Regular Season,123,91,17,29,ORL,DET,120.5,118.31,112.81,101.75,0.5074,0.3583,1.0,0.8,127.0,,107.8,106.15,119.82,101.75,0.4629,0.3308,1.0,0.0,109.5,,0.0,7,8,-1,0,0,120.5,107.8,0.5,0
3457,0022300303,2023-12-11,2023-24,Regular Season,131,118,22,15,SAC,BKN,118.2,116.97,117.86,101.25,0.4695,0.3754,1.0,0.6,120.25,,119.9,121.31,114.9,97.96,0.4808,0.3925,1.0,0.6,124.67,,3.29,7,5,2,0,0,118.2,119.9,0.5,0
3460,0022300297,2023-12-11,2023-24,Regular Season,136,130,16,25,NYK,TOR,115.2,118.78,115.93,97.05,0.4708,0.3787,1.0,0.6,111.5,,114.4,114.65,116.1,99.5,0.4738,0.3364,1.0,0.3,112.0,,2.45,11,3,8,0,0,119.0,106.0,1.0,1
3462,0022300296,2023-12-11,2023-24,Regular Season,122,129,1,7,ATL,DEN,124.4,118.7,122.76,103.36,0.4552,0.3849,1.0,0.4,132.0,,113.5,116.03,116.08,98.15,0.4721,0.374,1.0,0.5,109.0,,5.21,5,5,0,0,0,124.4,113.5,0.5,0
3454,0022300298,2023-12-11,2023-24,Regular Season,93,82,9,23,HOU,SAS,109.6,112.73,111.63,97.2,0.466,0.3567,1.0,0.4,108.67,,110.8,108.32,118.37,102.35,0.4464,0.3453,1.0,0.0,108.0,,5.15,5,5,0,0,0,109.6,110.8,0.5,0
3459,0022300294,2023-12-11,2023-24,Regular Season,104,94,17,3,ORL,CLE,122.5,119.77,111.91,102.15,0.5144,0.3644,1.0,0.8,126.43,,112.4,111.53,109.61,99.53,0.4897,0.3571,1.0,0.7,114.33,,2.62,3,3,0,0,0,111.0,121.0,0.0,1
3455,0022300300,2023-12-11,2023-24,Regular Season,133,129,13,5,MIL,CHI,127.0,122.3,117.42,102.85,0.5098,0.3859,1.0,0.7,128.0,,109.4,113.36,118.82,95.25,0.4601,0.3899,1.0,0.5,107.4,,7.6,4,3,1,0,0,113.0,120.0,0.0,1
3456,0022300292,2023-12-11,2023-24,Regular Season,114,116,30,12,CHA,MIA,111.8,112.46,121.31,98.58,0.4735,0.4187,1.0,0.3,113.5,,114.5,117.27,115.32,97.75,0.4779,0.4037,1.0,0.4,108.5,,0.83,3,5,-2,0,0,111.8,114.5,0.5,0
3458,0022300299,2023-12-11,2023-24,Regular Season,113,120,27,6,MEM,DAL,103.8,106.95,111.55,96.9,0.4414,0.328,1.0,0.4,98.8,,116.7,116.98,114.74,99.6,0.4613,0.3438,1.0,0.5,114.4,,2.7,3,3,0,0,0,108.0,94.0,1.0,1
3465,0022300304,2023-12-11,2023-24,Regular Season,132,127,10,21,LAC,POR,113.6,115.77,109.05,98.25,0.4652,0.362,1.0,0.7,108.2,,106.4,107.06,114.7,98.16,0.4318,0.3742,1.0,0.3,107.5,,0.09,5,5,0,0,0,113.6,106.4,0.5,0
3466,0022300293,2023-12-11,2023-24,Regular Season,123,131,29,18,DET,IND,104.9,103.6,120.0,101.4,0.4527,0.3163,1.0,0.0,104.0,,130.8,125.22,120.53,104.85,0.5186,0.3666,1.0,0.7,138.6,,3.45,5,4,1,0,0,113.0,136.0,0.0,1
3461,0022300302,2023-12-11,2023-24,Regular Season,134,120,24,26,OKC,UTA,123.2,121.27,110.93,99.77,0.4891,0.3907,1.0,0.7,127.5,,105.9,104.35,117.09,98.26,0.423,0.3196,1.0,0.2,96.4,,1.51,3,5,-2,0,0,123.2,105.9,0.5,0
3464,0022300301,2023-12-11,2023-24,Regular Season,121,107,4,14,NOP,MIN,115.3,116.24,113.12,99.35,0.4852,0.3357,1.0,0.7,122.75,,113.9,115.77,106.74,98.3,0.4791,0.3778,1.0,0.8,122.5,,1.05,10,3,7,0,0,120.0,121.0,0.0,1
3463,0022300295,2023-12-11,2023-24,Regular Season,146,101,19,28,PHI,WAS,121.9,122.43,115.06,98.98,0.4698,0.3774,1.0,0.6,127.33,,117.2,114.21,124.6,102.55,0.4896,0.344,1.0,0.1,118.33,,3.57,3,3,0,0,0,131.0,126.0,1.0,1
3452,0022300307,2023-12-12,2023-24,Regular Season,106,114,5,7,CHI,DEN,112.1,114.45,120.59,95.72,0.4569,0.3984,1.0,0.4,113.75,,115.7,118.25,117.78,98.25,0.4795,0.3761,1.0,0.5,112.14,,2.53,6,1,5,0,1,112.1,115.7,0.5,0
3453,0022300309,2023-12-12,2023-24,Regular Season,119,99,10,22,LAC,SAC,114.4,117.1,112.14,97.95,0.4729,0.3669,1.0,0.7,112.17,,118.4,117.9,118.45,100.6,0.4665,0.3881,1.0,0.6,114.4,,2.65,1,4,-3,1,0,131.0,117.0,1.0,1
3451,0022300308,2023-12-12,2023-24,Regular Season,119,116,20,8,PHX,GSW,115.0,117.33,113.91,96.25,0.4755,0.3753,1.0,0.6,115.2,,118.7,115.64,117.33,100.62,0.4616,0.387,1.0,0.4,121.5,,4.37,4,4,0,0,0,123.0,115.0,1.0,1
3450,0022300306,2023-12-12,2023-24,Regular Season,127,125,6,11,DAL,LAL,115.7,116.36,114.9,99.2,0.4591,0.3458,1.0,0.5,119.0,,114.1,112.17,107.6,101.45,0.482,0.3316,1.0,0.7,114.5,,2.25,6,12,-6,0,0,104.0,101.0,1.0,1
3449,0022300305,2023-12-12,2023-24,Regular Season,120,113,2,3,BOS,CLE,115.0,114.85,111.58,99.18,0.4748,0.3589,1.0,0.7,122.8,,109.7,109.28,109.67,99.03,0.4701,0.3389,1.0,0.6,109.25,,0.15,4,1,3,0,1,115.0,109.7,0.5,0
3445,0022300312,2023-12-13,2023-24,Regular Season,115,104,12,30,MIA,CHA,116.4,119.31,116.47,97.8,0.4831,0.4133,1.0,0.5,123.5,,113.3,114.85,121.16,97.68,0.4804,0.4371,1.0,0.3,109.25,,0.12,5,7,-2,0,0,116.0,114.0,1.0,1
3448,0022300315,2023-12-13,2023-24,Regular Season,140,126,13,18,MIL,IND,127.1,121.81,117.34,102.27,0.5089,0.3886,1.0,0.7,128.17,,130.7,125.36,120.91,104.45,0.5235,0.3734,1.0,0.7,138.4,,2.18,2,2,0,0,0,119.0,128.0,0.0,1
3447,0022300313,2023-12-13,2023-24,Regular Season,135,128,25,1,TOR,ATL,113.2,114.38,118.94,98.9,0.4689,0.3334,1.0,0.2,110.5,,125.0,119.3,122.93,103.41,0.4561,0.3871,1.0,0.4,119.33,,4.51,7,5,2,0,0,113.2,125.0,0.5,0
3446,0022300318,2023-12-13,2023-24,Regular Season,117,113,26,16,UTA,NYK,104.2,103.86,117.78,99.21,0.4291,0.3186,1.0,0.2,110.0,,116.8,119.61,118.41,97.65,0.4818,0.3952,1.0,0.6,117.2,,1.56,5,5,0,0,0,104.2,116.8,0.5,0
3441,0022300317,2023-12-13,2023-24,Regular Season,112,116,20,15,PHX,BKN,112.9,116.7,113.36,97.0,0.4717,0.3712,1.0,0.6,115.83,,120.2,120.61,114.88,98.71,0.4814,0.4019,1.0,0.6,125.67,,1.71,1,2,-1,1,0,112.9,120.2,0.5,0
3444,0022300311,2023-12-13,2023-24,Regular Season,122,142,28,4,WAS,NOP,117.4,112.74,125.22,104.15,0.4869,0.3417,1.0,0.1,121.0,,114.5,115.32,114.31,99.5,0.4797,0.3298,1.0,0.7,110.33,,4.65,7,6,1,0,0,117.4,114.5,0.5,0
3443,0022300314,2023-12-13,2023-24,Regular Season,117,104,9,27,HOU,MEM,108.9,111.94,109.07,97.35,0.4572,0.3552,1.0,0.5,104.75,,103.1,106.12,112.42,97.1,0.441,0.3356,1.0,0.3,106.0,,0.25,2,7,-5,0,0,111.0,91.0,1.0,1
3442,0022300310,2023-12-13,2023-24,Regular Season,111,129,29,19,DET,PHI,107.2,105.23,121.23,102.15,0.4654,0.3251,1.0,0.0,107.17,,123.9,122.96,112.52,100.08,0.4756,0.3776,1.0,0.6,118.5,,2.07,2,7,-5,0,0,107.2,123.9,0.5,0
3440,0022300316,2023-12-13,2023-24,Regular Season,119,122,23,11,SAS,LAL,107.0,105.15,115.41,101.85,0.4353,0.3158,1.0,0.0,111.2,,116.1,114.48,110.08,101.3,0.4888,0.3626,1.0,0.6,116.6,,0.55,5,1,4,0,1,107.0,116.1,0.5,0
3439,0022300324,2023-12-14,2023-24,Regular Season,128,123,22,24,SAC,OKC,115.4,114.17,118.59,101.1,0.4551,0.3726,1.0,0.5,122.4,,123.8,121.23,111.24,100.37,0.4906,0.3787,1.0,0.7,118.8,,0.73,3,8,-5,0,0,115.4,123.8,0.5,0
3438,0022300322,2023-12-14,2023-24,Regular Season,124,101,7,15,DEN,BKN,115.2,118.11,116.01,98.05,0.4792,0.3799,1.0,0.6,124.0,,121.9,122.77,113.93,98.56,0.4806,0.3992,1.0,0.7,123.25,,0.51,6,1,5,0,1,115.2,121.9,0.5,0
3435,0022300319,2023-12-14,2023-24,Regular Season,116,107,2,3,BOS,CLE,116.2,116.2,112.62,99.03,0.4743,0.365,1.0,0.7,122.33,,108.8,109.74,111.02,98.9,0.469,0.3451,1.0,0.5,107.0,,0.13,2,2,0,0,0,120.0,113.0,1.0,1
3434,0022300325,2023-12-14,2023-24,Regular Season,121,113,10,8,LAC,GSW,115.4,117.96,111.95,97.95,0.4794,0.3727,1.0,0.7,113.14,,119.4,115.89,115.97,101.02,0.4654,0.3877,1.0,0.4,120.4,,3.07,2,2,0,0,0,113.5,116.0,0.5,2
3433,0022300320,2023-12-14,2023-24,Regular Season,116,124,12,5,MIA,CHI,116.1,118.21,116.0,98.5,0.4808,0.4147,1.0,0.5,121.8,,112.7,114.86,120.02,95.87,0.4531,0.4012,1.0,0.4,111.0,,2.63,1,3,-2,1,0,107.5,101.0,0.5,2
3436,0022300321,2023-12-14,2023-24,Regular Season,101,119,6,14,DAL,MIN,115.9,117.43,115.23,98.45,0.459,0.3606,1.0,0.6,120.33,,112.5,114.16,106.6,98.5,0.4693,0.372,1.0,0.8,119.0,,0.05,2,3,-1,0,0,115.9,112.5,0.5,0
3437,0022300323,2023-12-14,2023-24,Regular Season,114,122,21,26,POR,UTA,109.6,110.25,117.28,98.21,0.4392,0.3947,1.0,0.3,108.0,,106.0,105.7,116.15,99.11,0.4342,0.3317,1.0,0.3,100.6,,0.9,6,3,3,0,0,117.0,111.5,0.5,2
3431,0022300330,2023-12-15,2023-24,Regular Season,104,125,25,1,TOR,ATL,116.0,117.26,119.01,98.9,0.4757,0.3363,1.0,0.3,115.4,,122.6,117.78,121.9,102.71,0.4441,0.3826,1.0,0.4,120.57,,3.81,2,2,0,0,0,135.0,128.0,1.0,1
3425,0022300331,2023-12-15,2023-24,Regular Season,129,115,23,11,SAS,LAL,108.1,104.84,114.26,103.1,0.4388,0.3215,1.0,0.0,113.4,,115.2,112.97,111.38,101.9,0.4856,0.3647,1.0,0.6,117.5,,1.2,2,2,0,0,0,119.0,122.0,0.0,1
3426,0022300333,2023-12-15,2023-24,Regular Season,122,139,20,16,PHX,NYK,112.1,115.3,114.2,97.25,0.4627,0.3621,1.0,0.5,114.5,,115.9,117.87,118.52,98.35,0.4749,0.3751,1.0,0.5,115.4,,1.1,2,2,0,0,0,116.0,113.0,1.0,1
3427,0022300327,2023-12-15,2023-24,Regular Season,124,92,19,29,PHI,DET,124.7,122.74,112.99,100.83,0.4805,0.3686,1.0,0.6,132.0,,107.0,105.25,120.35,101.9,0.4627,0.3208,1.0,0.0,105.33,,1.07,4,7,-3,0,0,129.0,111.0,1.0,1
3428,0022300326,2023-12-15,2023-24,Regular Season,107,112,30,4,CHA,NOP,112.9,114.0,120.18,97.98,0.4848,0.4272,1.0,0.3,117.6,,117.0,116.9,114.73,100.1,0.4847,0.3536,1.0,0.7,114.86,,2.12,4,2,2,0,0,112.9,117.0,0.5,0
3429,0022300328,2023-12-15,2023-24,Regular Season,137,123,28,18,WAS,IND,116.7,111.84,124.83,104.4,0.4825,0.3504,1.0,0.1,118.67,,131.7,125.97,121.78,104.7,0.5243,0.3782,1.0,0.7,136.33,,0.3,2,2,0,0,0,116.7,131.7,0.5,0
3430,0022300332,2023-12-15,2023-24,Regular Season,96,103,27,9,MEM,HOU,103.5,105.58,112.82,98.05,0.4448,0.3233,1.0,0.3,101.4,,110.2,112.58,108.46,97.9,0.4537,0.3549,1.0,0.6,113.2,,0.15,4,7,-3,0,0,97.5,114.0,0.0,2
3432,0022300329,2023-12-15,2023-24,Regular Season,128,111,2,17,BOS,ORL,117.6,117.31,113.13,99.28,0.4794,0.3624,1.0,0.7,121.43,,120.1,119.33,111.39,100.5,0.5114,0.3563,1.0,0.8,106.0,,1.22,1,9,-8,1,0,96.0,113.0,0.0,1
3415,0022300334,2023-12-16,2023-24,Regular Season,146,114,13,29,MIL,DET,126.9,120.63,116.17,103.07,0.5043,0.3766,1.0,0.7,129.86,,105.9,103.48,121.58,102.45,0.4615,0.3065,1.0,0.0,102.0,,0.62,3,1,2,0,1,126.9,105.9,0.5,0
3424,0022300343,2023-12-16,2023-24,Regular Season,144,122,10,16,LAC,NYK,116.9,120.2,112.12,97.45,0.4843,0.3836,1.0,0.8,115.29,,119.8,122.2,119.15,98.15,0.4999,0.41,1.0,0.6,123.2,,0.7,2,1,1,0,1,116.9,119.8,0.5,0
3418,0022300339,2023-12-16,2023-24,Regular Season,124,120,8,15,GSW,BKN,118.4,116.68,117.0,100.47,0.4635,0.3842,1.0,0.4,117.25,,117.5,120.17,113.3,98.3,0.473,0.383,1.0,0.7,112.25,,2.17,10,2,8,0,0,118.4,117.5,0.5,0
3416,0022300336,2023-12-16,2023-24,Regular Season,127,119,3,1,CLE,ATL,109.9,110.89,109.26,99.05,0.4704,0.3317,1.0,0.5,112.8,,120.4,117.49,119.8,102.25,0.4516,0.3849,1.0,0.4,121.13,,3.2,10,1,9,0,1,128.0,105.0,1.0,1
3417,0022300340,2023-12-16,2023-24,Regular Season,117,118,7,24,DEN,OKC,119.0,121.28,115.3,98.5,0.4927,0.3899,1.0,0.7,124.0,,123.1,120.8,112.11,101.12,0.4817,0.3745,1.0,0.6,117.4,,2.62,2,2,0,0,0,119.0,123.1,0.5,0
3421,0022300341,2023-12-16,2023-24,Regular Season,120,131,21,6,POR,DAL,111.9,112.67,116.01,98.21,0.4409,0.4038,1.0,0.3,115.67,,114.7,116.02,113.57,98.8,0.4594,0.3472,1.0,0.6,109.25,,0.59,2,5,-3,0,0,112.0,125.0,0.0,1
3420,0022300342,2023-12-16,2023-24,Regular Season,125,104,22,26,SAC,UTA,118.9,116.72,116.97,101.95,0.4667,0.3882,1.0,0.6,123.33,,107.7,107.83,115.93,98.76,0.4407,0.3327,1.0,0.4,104.0,,3.19,2,2,0,0,0,118.9,107.7,0.5,0
3422,0022300335,2023-12-16,2023-24,Regular Season,82,135,30,19,CHA,PHI,111.5,113.5,120.55,98.15,0.4852,0.4229,1.0,0.2,114.8,,125.2,123.76,110.65,101.35,0.4806,0.375,1.0,0.7,119.83,,3.2,1,3,-2,1,0,111.5,125.2,0.5,0
3423,0022300337,2023-12-16,2023-24,Regular Season,118,116,12,5,MIA,CHI,114.8,116.21,118.65,98.85,0.4748,0.4017,1.0,0.4,120.83,,114.9,116.77,119.4,96.27,0.4629,0.4015,1.0,0.5,114.67,,2.58,2,2,0,0,0,110.33333333333333,108.66666666666667,0.3333333333333333,3
3419,0022300338,2023-12-16,2023-24,Regular Season,127,109,14,18,MIN,IND,112.7,114.12,106.6,98.65,0.468,0.3848,1.0,0.8,106.4,,128.3,122.55,119.94,105.05,0.5086,0.3668,1.0,0.6,130.67,,6.4,10,1,9,0,1,112.7,128.3,0.5,0
3413,0022300344,2023-12-17,2023-24,Regular Season,114,97,2,17,BOS,ORL,118.6,119.41,113.15,99.35,0.4883,0.3733,1.0,0.8,122.25,,118.6,118.18,113.83,100.2,0.5097,0.3576,1.0,0.7,107.67,,0.85,2,2,0,0,0,112.0,112.0,0.5,2
3411,0022300346,2023-12-17,2023-24,Regular Season,128,119,13,9,MIL,HOU,129.9,123.3,115.25,103.37,0.5165,0.3836,1.0,0.8,131.88,,108.9,110.88,105.49,98.2,0.4438,0.3611,1.0,0.7,110.6,,5.17,1,2,-1,1,0,129.9,108.9,0.5,0
3410,0022300345,2023-12-17,2023-24,Regular Season,110,146,23,4,SAS,NOP,111.1,107.87,113.48,103.05,0.445,0.3381,1.0,0.1,119.4,,116.6,116.5,115.04,100.0,0.4833,0.3452,1.0,0.7,114.29,,3.05,2,2,0,0,0,106.0,121.0,0.0,1
3414,0022300348,2023-12-17,2023-24,Regular Season,114,118,21,8,POR,GSW,113.2,112.58,115.42,99.46,0.4472,0.3805,1.0,0.3,116.75,,118.7,116.34,116.79,100.97,0.4651,0.3885,1.0,0.4,119.17,,1.51,1,3,-2,1,0,106.0,110.0,0.0,1
3412,0022300347,2023-12-17,2023-24,Regular Season,112,108,20,28,PHX,WAS,112.0,115.45,117.14,96.95,0.4702,0.3621,1.0,0.4,114.33,,119.0,112.78,124.11,105.55,0.4936,0.3641,1.0,0.2,116.17,,8.6,2,6,-4,0,0,112.0,119.0,0.5,0
3400,0022300357,2023-12-18,2023-24,Regular Season,125,108,26,15,UTA,BKN,107.6,107.84,118.69,98.61,0.4412,0.3302,1.0,0.3,113.0,,118.3,120.38,115.73,98.7,0.4714,0.3836,1.0,0.6,113.8,,0.09,5,2,3,0,0,107.6,118.3,0.5,0
3404,0022300349,2023-12-18,2023-24,Regular Season,135,130,3,9,CLE,HOU,111.1,113.23,110.11,98.1,0.4716,0.3377,1.0,0.6,115.2,,109.7,111.58,109.13,98.3,0.4532,0.3692,1.0,0.6,112.0,,0.2,2,1,1,0,1,111.1,109.7,0.5,0
3403,0022300351,2023-12-18,2023-24,Regular Season,104,108,19,5,PHI,CHI,128.8,127.33,107.3,101.55,0.5017,0.3983,1.0,0.8,133.25,,115.7,117.91,119.36,96.07,0.4598,0.3992,1.0,0.5,116.0,,5.48,3,2,1,0,0,128.8,115.7,0.5,0
3405,0022300350,2023-12-18,2023-24,Regular Season,127,151,18,10,IND,LAC,126.1,121.09,120.43,104.35,0.5037,0.3492,1.0,0.5,122.67,,120.6,122.81,114.63,98.35,0.4979,0.4045,1.0,0.8,120.67,,6.0,14,10,4,0,0,126.1,120.6,0.5,0
3409,0022300356,2023-12-18,2023-24,Regular Season,130,104,7,6,DEN,DAL,117.5,120.53,115.91,97.85,0.4817,0.3845,1.0,0.6,120.25,,117.4,117.67,114.7,99.6,0.4693,0.3492,1.0,0.6,116.0,,1.75,2,2,0,0,0,117.5,117.4,0.5,0
3399,0022300359,2023-12-18,2023-24,Regular Season,109,114,11,16,LAL,NYK,116.6,114.06,113.46,102.25,0.4875,0.3574,1.0,0.6,115.33,,122.0,124.08,123.37,98.45,0.4986,0.4069,1.0,0.5,123.0,,3.8,11,2,9,0,0,116.6,122.0,0.5,0
3407,0022300355,2023-12-18,2023-24,Regular Season,116,97,24,27,OKC,MEM,121.5,118.73,114.35,101.47,0.4724,0.3467,1.0,0.6,128.8,,104.0,106.19,111.89,98.05,0.4521,0.3289,1.0,0.3,109.25,,3.42,7,5,2,0,0,121.5,104.0,0.5,0
3406,0022300354,2023-12-18,2023-24,Regular Season,114,99,25,30,TOR,CHA,113.2,115.32,119.03,98.3,0.4743,0.3279,1.0,0.3,113.5,,108.0,110.0,123.04,98.0,0.4742,0.3997,1.0,0.1,108.2,,0.3,3,5,-2,0,0,116.0,119.0,0.0,1
3402,0022300352,2023-12-18,2023-24,Regular Season,130,124,1,29,ATL,DET,118.7,116.56,122.4,101.65,0.4488,0.378,1.0,0.3,117.5,,106.0,102.93,121.88,103.0,0.4585,0.289,1.0,0.0,102.25,,1.35,7,2,5,0,0,118.7,106.0,0.5,0
3401,0022300358,2023-12-18,2023-24,Regular Season,143,131,22,28,SAC,WAS,120.2,118.28,115.66,101.85,0.4761,0.403,1.0,0.7,123.57,,117.0,110.96,122.5,105.4,0.4867,0.354,1.0,0.2,112.83,,3.55,2,1,1,0,1,120.2,117.0,0.5,0
3408,0022300353,2023-12-18,2023-24,Regular Season,108,112,12,14,MIA,MIN,116.8,119.28,121.2,98.1,0.4875,0.4118,1.0,0.5,120.43,,114.2,115.4,107.29,98.9,0.4755,0.4063,1.0,0.8,119.0,,0.8,2,4,-2,0,0,116.8,114.2,0.5,0
3395,0022300360,2023-12-19,2023-24,Regular Season,113,115,4,27,NOP,MEM,121.2,120.02,114.63,100.85,0.4975,0.367,1.0,0.8,122.0,,104.8,105.77,111.0,99.35,0.4411,0.3368,1.0,0.3,106.8,,1.5,8,1,7,0,1,121.2,104.8,0.5,0
3398,0022300362,2023-12-19,2023-24,Regular Season,132,126,8,2,GSW,BOS,119.0,117.11,116.37,100.57,0.4702,0.3914,1.0,0.5,118.0,,118.1,119.15,111.68,99.05,0.4833,0.38,1.0,0.8,104.0,,1.52,3,15,-12,0,0,119.0,118.1,0.5,0
3397,0022300361,2023-12-19,2023-24,Regular Season,132,119,13,23,MIL,SAS,129.6,123.75,115.08,102.77,0.5143,0.3907,1.0,0.8,131.5,,111.9,108.06,116.31,103.65,0.4491,0.3449,1.0,0.1,102.8,,0.88,2,8,-6,0,0,129.6,111.9,0.5,0
3396,0022300363,2023-12-19,2023-24,Regular Season,109,104,21,20,POR,PHX,112.5,112.24,116.87,99.26,0.4432,0.374,1.0,0.2,115.0,,112.2,114.49,118.06,97.95,0.4645,0.3492,1.0,0.4,108.0,,1.31,2,14,-12,0,0,107.0,120.0,0.0,1
3391,0022300371,2023-12-20,2023-24,Regular Season,127,134,9,1,HOU,ATL,112.2,113.59,113.37,97.83,0.4505,0.3642,1.0,0.5,106.67,,121.4,118.78,123.03,102.05,0.462,0.3866,1.0,0.4,121.29,,4.22,7,4,3,0,0,112.2,121.4,0.5,0
3385,0022300366,2023-12-20,2023-24,Regular Season,106,115,17,12,ORL,MIA,115.9,115.03,112.95,100.5,0.4936,0.3537,1.0,0.6,123.17,,117.9,120.2,120.96,98.3,0.4909,0.4161,1.0,0.5,114.0,,2.2,9,9,0,0,0,115.9,117.9,0.5,0
3393,0022300372,2023-12-20,2023-24,Regular Season,111,120,6,10,DAL,LAC,119.0,118.71,116.73,100.05,0.4765,0.3597,1.0,0.6,118.33,,125.3,126.72,115.43,98.9,0.5138,0.4245,1.0,0.9,128.25,,1.15,6,2,4,0,0,88.0,107.0,0.0,1
3392,0022300368,2023-12-20,2023-24,Regular Season,102,121,15,16,BKN,NYK,117.3,118.46,116.38,99.45,0.4653,0.3774,1.0,0.5,124.0,,122.1,122.84,121.31,99.55,0.501,0.3988,1.0,0.6,121.71,,0.1,12,2,10,0,0,117.3,122.1,0.5,0
3394,0022300364,2023-12-20,2023-24,Regular Season,124,116,3,26,CLE,UTA,114.1,115.73,112.43,97.53,0.4737,0.345,1.0,0.6,121.2,,108.7,108.46,117.69,99.06,0.4487,0.336,1.0,0.4,104.0,,1.53,2,4,-2,0,0,114.1,108.7,0.5,0
3390,0022300369,2023-12-20,2023-24,Regular Season,104,113,25,7,TOR,DEN,112.5,114.19,117.52,98.7,0.4725,0.3222,1.0,0.3,112.33,,119.2,122.54,115.91,97.75,0.4902,0.3928,1.0,0.6,116.2,,0.95,2,8,-6,0,0,112.5,119.2,0.5,0
3389,0022300370,2023-12-20,2023-24,Regular Season,124,108,5,11,CHI,LAL,115.6,117.43,117.36,96.42,0.4588,0.4031,1.0,0.6,115.25,,115.4,113.33,113.89,101.8,0.4777,0.3558,1.0,0.5,116.5,,5.38,8,5,3,0,0,115.6,115.4,0.5,0
3387,0022300373,2023-12-20,2023-24,Regular Season,119,144,22,2,SAC,BOS,122.1,119.49,117.15,102.3,0.4801,0.3939,1.0,0.7,126.0,,121.1,121.33,112.71,98.74,0.4837,0.3852,1.0,0.8,119.0,,3.56,2,1,1,0,1,122.1,121.1,0.5,0
3386,0022300365,2023-12-20,2023-24,Regular Season,144,113,18,30,IND,CHA,125.2,119.68,123.54,104.8,0.5073,0.3435,1.0,0.4,119.67,,106.2,109.06,122.54,97.15,0.465,0.3814,1.0,0.1,104.6,,7.65,2,2,0,0,0,125.2,106.2,0.5,0
3388,0022300367,2023-12-20,2023-24,Regular Season,127,113,19,14,PHI,MIN,126.5,125.2,105.99,101.35,0.4991,0.3986,1.0,0.7,127.4,,114.3,115.96,106.03,98.55,0.481,0.4078,1.0,0.9,117.83,,2.8,2,2,0,0,0,99.0,112.0,0.0,1
3378,0022300374,2023-12-21,2023-24,Regular Season,111,119,29,26,DET,UTA,107.7,105.06,122.72,102.55,0.4674,0.3088,1.0,0.0,108.8,,111.2,110.5,119.29,99.46,0.4622,0.3383,1.0,0.4,108.17,,3.09,8,1,7,0,1,107.7,111.2,0.5,0
3384,0022300377,2023-12-21,2023-24,Regular Season,116,103,27,18,MEM,IND,106.6,107.63,110.75,99.2,0.4525,0.3421,1.0,0.4,104.25,,128.6,123.65,124.21,104.2,0.5209,0.3655,1.0,0.5,127.57,,5.0,6,5,1,0,0,106.6,128.6,0.5,0
3383,0022300379,2023-12-21,2023-24,Regular Season,134,115,24,10,OKC,LAC,121.5,117.33,112.76,102.62,0.4688,0.3394,1.0,0.6,128.8,,124.2,125.98,115.54,98.45,0.5158,0.41,1.0,0.9,125.5,,4.17,3,1,2,0,1,121.5,124.2,0.5,0
3382,0022300376,2023-12-21,2023-24,Regular Season,114,95,5,23,CHI,SAS,118.3,119.47,114.93,97.07,0.47,0.4239,1.0,0.7,117.0,,112.6,108.41,117.28,103.95,0.452,0.3494,1.0,0.1,104.2,,6.88,1,2,-1,1,0,121.0,112.0,1.0,1
3381,0022300378,2023-12-21,2023-24,Regular Season,118,114,13,17,MIL,ORL,132.0,125.16,116.0,103.52,0.5222,0.3941,1.0,0.8,134.5,,115.2,114.88,115.58,99.95,0.4891,0.3394,1.0,0.5,105.0,,3.57,2,4,-2,0,0,132.0,115.2,0.5,0
3380,0022300375,2023-12-21,2023-24,Regular Season,104,123,3,4,CLE,NOP,113.7,115.95,113.96,97.08,0.4668,0.354,1.0,0.6,120.4,,121.3,119.88,114.61,101.0,0.4946,0.3792,1.0,0.7,122.33,,3.92,1,4,-3,1,0,113.7,121.3,0.5,0
3379,0022300380,2023-12-21,2023-24,Regular Season,118,111,14,11,MIN,LAL,113.7,115.24,108.6,98.8,0.4791,0.3997,1.0,0.8,109.0,,116.8,114.03,111.7,102.45,0.4754,0.3632,1.0,0.5,118.83,,3.65,5,1,4,0,1,113.7,116.8,0.5,0
3377,0022300381,2023-12-21,2023-24,Regular Season,117,118,21,28,POR,WAS,113.2,113.03,116.58,99.16,0.4473,0.3834,1.0,0.3,113.8,,119.3,112.95,122.79,105.65,0.4896,0.3751,1.0,0.2,115.43,,6.49,2,3,-1,0,0,113.2,119.3,0.5,0
3376,0022300384,2023-12-22,2023-24,Regular Season,122,113,12,1,MIA,ATL,117.0,120.03,119.03,97.75,0.488,0.4211,1.0,0.6,118.14,,124.3,122.13,123.43,101.65,0.4789,0.3996,1.0,0.5,125.43,,3.9,4,2,2,0,0,117.0,124.3,0.5,0
3372,0022300382,2023-12-22,2023-24,Regular Season,121,111,19,25,PHI,TOR,125.4,123.54,107.5,101.75,0.5022,0.3872,1.0,0.7,125.2,,112.7,114.95,118.68,98.3,0.4787,0.3305,1.0,0.3,116.33,,3.45,2,11,-9,0,0,125.4,112.7,0.5,0
3375,0022300383,2023-12-22,2023-24,Regular Season,117,122,15,7,BKN,DEN,116.0,117.16,118.08,99.5,0.457,0.3751,1.0,0.4,120.75,,117.1,119.58,113.34,98.15,0.4897,0.385,1.0,0.6,115.67,,1.35,2,2,0,0,0,101.0,124.0,0.0,1
3374,0022300385,2023-12-22,2023-24,Regular Season,122,96,9,6,HOU,DAL,113.4,114.56,114.31,98.08,0.4505,0.3837,1.0,0.5,111.75,,118.0,117.92,117.5,99.85,0.4722,0.357,1.0,0.5,120.0,,1.77,2,4,-2,0,0,115.0,121.0,0.0,1
3371,0022300386,2023-12-22,2023-24,Regular Season,129,118,8,28,GSW,WAS,120.4,118.3,117.68,99.61,0.4667,0.3862,1.0,0.5,121.5,,118.5,113.09,124.58,104.85,0.489,0.3806,1.0,0.2,114.29,,5.24,3,1,2,0,1,120.4,118.5,0.5,0
3373,0022300387,2023-12-22,2023-24,Regular Season,120,105,22,20,SAC,PHX,121.6,120.08,120.71,101.3,0.4823,0.4075,1.0,0.6,125.38,,111.0,112.04,116.33,99.0,0.463,0.3288,1.0,0.3,104.0,,2.3,2,3,-1,0,0,114.0,106.0,1.0,1
3370,0022300389,2023-12-23,2023-24,Regular Season,108,145,10,2,LAC,BOS,124.3,125.12,116.31,99.1,0.5189,0.412,1.0,0.9,123.33,,124.2,125.08,114.71,98.39,0.4949,0.4099,1.0,0.8,127.33,,0.71,7,3,4,0,0,124.3,124.2,0.5,0
3365,0022300399,2023-12-23,2023-24,Regular Season,126,106,8,21,GSW,POR,121.0,119.1,117.44,99.36,0.467,0.3847,1.0,0.6,123.0,,113.5,113.87,117.92,98.66,0.4455,0.3801,1.0,0.2,112.25,,0.7,1,12,-11,1,0,114.0,110.0,1.0,2
3362,0022300397,2023-12-23,2023-24,Regular Season,120,129,24,11,OKC,LAL,122.6,118.05,111.07,102.97,0.4835,0.3493,1.0,0.7,131.0,,114.6,112.36,113.18,102.05,0.4737,0.3696,1.0,0.4,115.17,,0.92,2,2,0,0,0,133.0,110.0,1.0,1
3358,0022300396,2023-12-23,2023-24,Regular Season,95,109,5,3,CHI,CLE,117.7,120.39,114.35,96.83,0.4785,0.4138,1.0,0.7,115.8,,114.6,117.25,116.21,96.88,0.4712,0.3707,1.0,0.6,107.0,,0.05,2,9,-7,0,0,117.7,114.6,0.5,0
3361,0022300392,2023-12-23,2023-24,Regular Season,104,106,4,9,NOP,HOU,121.2,120.69,114.28,100.35,0.4955,0.3888,1.0,0.7,118.33,,113.2,112.23,108.39,99.83,0.4442,0.3736,1.0,0.6,112.6,,0.52,4,5,-1,0,0,121.2,113.2,0.5,0
3366,0022300390,2023-12-23,2023-24,Regular Season,95,102,30,7,CHA,DEN,108.4,111.01,125.11,97.45,0.4708,0.3653,1.0,0.1,107.8,,117.4,120.02,114.48,97.9,0.4846,0.3898,1.0,0.6,116.17,,0.45,7,1,6,0,1,108.4,117.4,0.5,0
3359,0022300391,2023-12-23,2023-24,Regular Season,110,117,18,17,IND,ORL,125.7,121.71,122.65,103.4,0.5121,0.3745,1.0,0.5,131.0,,113.6,113.57,115.89,99.75,0.4806,0.3266,1.0,0.4,106.8,,3.65,3,2,1,0,0,116.0,128.0,0.0,1
3364,0022300398,2023-12-23,2023-24,Regular Season,144,119,6,23,DAL,SAS,118.2,116.73,117.55,101.2,0.4699,0.3437,1.0,0.5,121.2,,110.1,106.58,116.34,103.3,0.4525,0.3449,1.0,0.1,99.2,,2.1,3,2,1,0,0,118.2,110.1,0.5,0
3367,0022300395,2023-12-23,2023-24,Regular Season,119,126,25,26,TOR,UTA,113.5,115.54,119.28,98.4,0.4849,0.3217,1.0,0.3,111.14,,114.1,112.89,119.87,99.91,0.47,0.3426,1.0,0.5,113.0,,1.51,3,2,1,0,0,113.5,114.1,0.5,0
3368,0022300393,2023-12-23,2023-24,Regular Season,119,125,1,27,ATL,MEM,121.9,120.87,123.24,100.75,0.4717,0.3924,1.0,0.4,121.67,,107.7,108.42,111.47,99.6,0.4543,0.3545,1.0,0.4,108.17,,1.15,5,4,1,0,0,121.9,107.7,0.5,0
3369,0022300400,2023-12-23,2023-24,Regular Season,98,110,22,14,SAC,MIN,121.9,120.62,117.95,101.25,0.4888,0.4074,1.0,0.7,125.75,,114.9,116.21,109.18,99.0,0.4851,0.3962,1.0,0.8,116.83,,2.25,1,3,-2,1,0,124.0,111.0,1.0,1
3363,0022300388,2023-12-23,2023-24,Regular Season,111,130,16,13,NYK,MIL,122.7,122.96,121.93,100.0,0.5007,0.3987,1.0,0.6,127.0,,130.7,123.54,114.67,103.82,0.511,0.3867,1.0,0.8,113.0,,3.82,12,23,-11,0,0,122.0,146.0,0.0,1
3360,0022300394,2023-12-23,2023-24,Regular Season,126,115,15,29,BKN,DET,114.9,116.12,117.48,99.4,0.4558,0.3756,1.0,0.3,118.0,,108.1,105.96,121.84,102.1,0.4762,0.2961,1.0,0.0,106.6,,2.7,1,5,-4,1,0,114.9,108.1,0.5,0
3355,0022300401,2023-12-25,2023-24,Regular Season,129,122,16,13,NYK,MIL,122.0,121.82,123.24,100.4,0.4982,0.3907,1.0,0.5,123.5,,132.4,125.98,114.74,104.03,0.5188,0.4034,1.0,0.9,130.0,,3.63,2,2,0,0,0,116.5,138.0,0.0,2
3357,0022300405,2023-12-25,2023-24,Regular Season,114,128,20,6,PHX,DAL,111.0,111.71,117.02,99.2,0.4669,0.3219,1.0,0.3,114.0,,120.6,118.4,116.14,101.8,0.4771,0.3583,1.0,0.6,115.2,,2.6,8,3,5,0,0,111.0,120.6,0.5,0
3356,0022300402,2023-12-25,2023-24,Regular Season,120,114,7,8,DEN,GSW,115.9,119.5,112.77,96.95,0.4784,0.4058,1.0,0.7,119.25,,121.6,119.2,116.13,99.76,0.4748,0.3765,1.0,0.6,119.0,,2.81,7,8,-1,0,0,115.9,121.6,0.5,0
3353,0022300404,2023-12-25,2023-24,Regular Season,119,113,12,19,MIA,PHI,115.0,118.83,117.88,97.15,0.4787,0.4266,1.0,0.6,115.29,,126.1,124.01,106.21,101.85,0.5033,0.3912,1.0,0.8,128.5,,4.7,3,9,-6,0,0,115.0,126.1,0.5,0
3354,0022300403,2023-12-25,2023-24,Regular Season,115,126,11,2,LAL,BOS,116.5,114.78,112.63,101.5,0.4815,0.3863,1.0,0.5,113.75,,126.3,126.81,115.84,98.54,0.4948,0.4142,1.0,0.8,131.75,,2.96,7,2,5,0,0,116.5,126.3,0.5,0
3352,0022300413,2023-12-26,2023-24,Regular Season,130,113,21,22,POR,SAC,113.8,113.85,120.65,99.01,0.4401,0.3772,1.0,0.1,114.33,,119.4,119.33,118.36,100.2,0.4838,0.3845,1.0,0.6,106.5,,1.19,5,14,-9,0,0,113.8,119.4,0.5,0
3346,0022300406,2023-12-26,2023-24,Regular Season,112,118,29,15,DET,BKN,108.4,106.15,122.52,102.2,0.4725,0.2961,1.0,0.0,109.6,,114.6,115.82,118.88,99.4,0.4576,0.3761,1.0,0.3,112.83,,2.8,5,8,-3,0,0,115.0,126.0,0.0,1
3345,0022300407,2023-12-26,2023-24,Regular Season,119,127,28,17,WAS,ORL,118.3,112.9,123.61,104.85,0.4873,0.3741,1.0,0.2,128.33,,111.4,112.65,115.59,98.95,0.4733,0.2969,1.0,0.4,108.5,,5.9,11,3,8,0,0,122.5,134.5,0.0,2
3349,0022300408,2023-12-26,2023-24,Regular Season,118,113,5,1,CHI,ATL,114.8,117.72,113.91,96.48,0.4678,0.3942,1.0,0.6,110.0,,121.7,121.14,123.05,100.35,0.474,0.3831,1.0,0.4,122.17,,3.87,3,4,-1,0,0,114.8,121.7,0.5,0
3344,0022300409,2023-12-26,2023-24,Regular Season,117,123,9,18,HOU,IND,114.1,113.76,108.96,99.13,0.4465,0.3691,1.0,0.6,113.8,,122.3,118.48,121.94,103.1,0.4986,0.3686,1.0,0.4,120.0,,3.97,4,5,-1,0,0,114.1,122.3,0.5,0
3348,0022300414,2023-12-26,2023-24,Regular Season,113,104,10,30,LAC,CHA,123.8,124.95,119.87,98.85,0.5161,0.4111,1.0,0.8,122.5,,105.0,107.36,121.9,97.7,0.4589,0.3356,1.0,0.1,104.0,,1.15,3,6,-3,0,0,123.8,105.0,0.5,0
3351,0022300412,2023-12-26,2023-24,Regular Season,118,130,23,26,SAS,UTA,108.5,105.01,117.1,103.3,0.4435,0.3321,1.0,0.1,117.5,,114.9,114.38,121.25,100.25,0.4738,0.3667,1.0,0.5,114.86,,3.05,9,3,6,0,0,108.5,114.9,0.5,0
3350,0022300411,2023-12-26,2023-24,Regular Season,129,106,24,14,OKC,MIN,124.3,119.99,113.37,102.87,0.4908,0.3443,1.0,0.7,129.17,,115.8,117.14,110.11,98.95,0.4919,0.3894,1.0,0.8,115.86,,3.92,3,3,0,0,0,103.0,106.0,0.0,1
3347,0022300410,2023-12-26,2023-24,Regular Season,115,116,4,27,NOP,MEM,119.5,119.65,114.72,99.85,0.4924,0.3823,1.0,0.7,112.67,,109.4,109.67,113.37,100.1,0.4569,0.3554,1.0,0.4,111.0,,0.25,3,3,0,0,0,113.0,115.0,0.0,1
3341,0022300419,2023-12-27,2023-24,Regular Season,129,120,24,16,OKC,NYK,123.9,119.97,113.49,102.47,0.4981,0.3572,1.0,0.7,128.5,,123.0,122.45,124.51,100.7,0.5025,0.3771,1.0,0.5,122.0,,1.77,1,7,-6,1,0,123.9,123.0,0.5,0
3342,0022300415,2023-12-27,2023-24,Regular Season,92,112,17,19,ORL,PHI,111.1,112.14,114.81,99.15,0.4743,0.3044,1.0,0.4,111.0,,125.5,123.65,105.85,101.65,0.5002,0.3833,1.0,0.8,127.0,,2.5,7,2,5,0,0,111.1,125.5,0.5,0
3343,0022300420,2023-12-27,2023-24,Regular Season,110,113,6,3,DAL,CLE,118.7,116.94,117.99,101.55,0.4753,0.3498,1.0,0.6,120.75,,114.5,118.1,116.12,96.23,0.4661,0.3641,1.0,0.6,106.8,,5.32,4,4,0,0,0,118.7,114.5,0.5,0
3338,0022300418,2023-12-27,2023-24,Regular Season,113,129,9,20,HOU,PHX,114.8,114.12,110.71,99.48,0.4468,0.3444,1.0,0.5,115.2,,111.3,111.45,117.29,99.7,0.4649,0.3227,1.0,0.3,104.0,,0.22,1,5,-4,1,0,114.8,111.3,0.5,0
3339,0022300417,2023-12-27,2023-24,Regular Season,122,144,15,13,BKN,MIL,115.0,116.43,118.89,99.25,0.4619,0.3763,1.0,0.4,117.25,,131.4,125.49,116.01,103.63,0.5066,0.392,1.0,0.8,126.0,,4.38,4,2,2,0,0,115.0,131.4,0.5,0
3340,0022300416,2023-12-27,2023-24,Regular Season,102,132,28,25,WAS,TOR,117.7,112.12,123.1,105.05,0.4861,0.3658,1.0,0.2,126.0,,114.2,116.13,121.07,98.6,0.4876,0.3253,1.0,0.2,119.0,,6.45,1,5,-4,1,0,117.7,114.2,0.5,0
3336,0022300428,2023-12-28,2023-24,Regular Season,133,112,11,30,LAL,CHA,117.3,116.02,115.98,101.1,0.4844,0.3973,1.0,0.4,115.75,,103.7,105.68,120.36,98.05,0.4567,0.3083,1.0,0.1,104.0,,3.05,3,2,1,0,0,117.3,103.7,0.5,0
3333,0022300425,2023-12-28,2023-24,Regular Season,142,105,7,27,DEN,MEM,117.7,120.75,112.73,97.35,0.4854,0.4083,1.0,0.8,119.4,,110.1,109.36,112.27,100.04,0.4549,0.3503,1.0,0.4,112.17,,2.69,3,2,1,0,0,117.7,110.1,0.5,0
3335,0022300424,2023-12-28,2023-24,Regular Season,112,105,4,26,NOP,UTA,119.2,117.63,112.21,100.39,0.4857,0.3826,1.0,0.7,113.25,,118.2,117.67,118.47,100.2,0.4831,0.3675,1.0,0.6,119.57,,0.19,2,2,0,0,0,106.0,109.5,0.0,2
3334,0022300423,2023-12-28,2023-24,Regular Season,118,110,14,6,MIN,DAL,114.1,114.79,110.69,99.45,0.4873,0.3983,1.0,0.7,115.67,,117.2,115.91,118.52,101.15,0.468,0.346,1.0,0.5,115.8,,1.7,7,3,4,0,0,119.0,101.0,1.0,1
3330,0022300421,2023-12-28,2023-24,Regular Season,128,122,2,29,BOS,DET,126.4,127.53,116.02,98.04,0.4947,0.3967,1.0,0.8,122.2,,109.5,106.93,123.09,102.45,0.4699,0.3054,1.0,0.0,107.2,,4.41,11,5,6,0,0,126.4,109.5,0.5,0
3331,0022300426,2023-12-28,2023-24,Regular Season,102,114,8,12,GSW,MIA,121.8,119.51,116.71,99.76,0.4766,0.372,1.0,0.6,124.2,,114.0,117.45,114.38,97.45,0.4724,0.4161,1.0,0.7,114.33,,2.31,5,8,-3,0,0,121.8,114.0,0.5,0
3337,0022300427,2023-12-28,2023-24,Regular Season,105,118,21,23,POR,SAS,115.5,116.49,121.18,99.15,0.4501,0.3847,1.0,0.2,116.57,,109.7,105.76,117.62,103.65,0.4426,0.3368,1.0,0.1,101.8,,4.5,2,5,-3,0,0,115.5,109.7,0.5,0
3332,0022300422,2023-12-28,2023-24,Regular Season,104,120,5,18,CHI,IND,115.5,118.43,115.24,96.48,0.4713,0.3742,1.0,0.6,111.4,,122.4,118.58,122.54,103.05,0.5053,0.3653,1.0,0.4,120.43,,6.57,2,2,0,0,0,115.5,122.4,0.5,0
3327,0022300432,2023-12-29,2023-24,Regular Season,120,118,2,25,BOS,TOR,128.0,128.51,115.25,97.61,0.4958,0.3956,1.0,0.9,123.17,,116.8,117.89,118.7,99.25,0.5007,0.346,1.0,0.3,122.25,,1.64,1,2,-1,1,0,108.0,105.0,1.0,1
3322,0022300433,2023-12-29,2023-24,Regular Season,111,119,3,13,CLE,MIL,113.7,117.42,116.45,95.98,0.4561,0.3624,1.0,0.6,122.5,,131.2,125.44,116.13,103.53,0.5046,0.3766,1.0,0.8,132.0,,7.55,8,2,6,0,0,113.7,131.2,0.5,0
3329,0022300435,2023-12-29,2023-24,Regular Season,93,119,7,24,DEN,OKC,121.3,123.65,111.38,97.85,0.5005,0.4214,1.0,0.9,126.6,,124.2,120.51,113.95,102.17,0.5085,0.3555,1.0,0.7,114.0,,4.32,1,13,-12,1,0,117.0,118.0,0.0,1
3328,0022300430,2023-12-29,2023-24,Regular Season,110,104,28,15,WAS,BKN,115.3,110.02,123.19,104.95,0.4763,0.35,1.0,0.2,120.0,,114.8,116.11,123.64,99.25,0.4584,0.3679,1.0,0.3,113.5,,5.7,2,3,-1,0,0,97.0,124.0,0.0,1
3326,0022300431,2023-12-29,2023-24,Regular Season,110,117,1,22,ATL,SAC,121.7,121.7,124.01,99.85,0.4754,0.3777,1.0,0.3,123.67,,119.0,119.16,119.06,99.95,0.4875,0.3742,1.0,0.6,108.67,,0.1,6,3,3,0,0,121.7,119.0,0.5,0
3325,0022300436,2023-12-29,2023-24,Regular Season,133,119,20,30,PHX,CHA,112.6,112.85,118.01,99.5,0.4788,0.3305,1.0,0.3,114.17,,104.9,106.15,121.7,98.75,0.4605,0.3268,1.0,0.1,106.4,,0.75,4,1,3,0,1,112.6,104.9,0.5,0
3323,0022300438,2023-12-29,2023-24,Regular Season,117,106,10,27,LAC,MEM,124.0,124.92,119.75,99.1,0.5172,0.4079,1.0,0.8,122.83,,109.0,108.39,116.33,99.94,0.4449,0.3451,1.0,0.3,110.33,,0.84,3,1,2,0,1,124.0,109.0,0.5,0
3321,0022300434,2023-12-29,2023-24,Regular Season,127,131,9,19,HOU,PHI,114.7,113.67,112.32,99.93,0.4458,0.3526,1.0,0.4,114.83,,123.6,122.6,103.33,100.9,0.496,0.3894,1.0,0.8,122.25,,0.97,2,2,0,0,0,114.7,123.6,0.5,0
3320,0022300429,2023-12-29,2023-24,Regular Season,117,108,17,16,ORL,NYK,110.2,111.52,113.46,98.85,0.4737,0.3007,1.0,0.4,106.25,,122.8,122.49,122.97,100.55,0.5031,0.3879,1.0,0.5,121.71,,1.7,2,2,0,0,0,110.2,122.8,0.5,0
3324,0022300437,2023-12-29,2023-24,Regular Season,134,128,21,23,POR,SAS,115.4,116.29,121.87,99.25,0.4437,0.3805,1.0,0.2,115.13,,112.1,108.16,117.92,103.65,0.4532,0.3424,1.0,0.2,106.6,,4.4,1,1,0,1,1,105.0,118.0,0.0,1
3315,0022300441,2023-12-30,2023-24,Regular Season,140,126,18,16,IND,NYK,121.6,118.51,121.71,102.45,0.5069,0.3893,1.0,0.4,127.0,,121.3,120.32,120.68,101.15,0.4973,0.3674,1.0,0.5,119.57,,1.3,7,1,6,0,1,121.6,121.3,0.5,0
3316,0022300444,2023-12-30,2023-24,Regular Season,122,132,8,6,GSW,DAL,121.0,119.03,117.86,99.46,0.4767,0.3668,1.0,0.5,122.6,,116.2,114.8,118.79,101.3,0.4624,0.3459,1.0,0.4,113.8,,1.84,2,2,0,0,0,121.0,116.2,0.5,0
3314,0022300440,2023-12-30,2023-24,Regular Season,129,127,29,25,DET,TOR,111.5,108.12,123.57,102.08,0.4723,0.3066,1.0,0.0,114.25,,118.3,119.42,119.51,99.25,0.504,0.3468,1.0,0.3,121.4,,2.83,4,1,3,0,1,113.0,142.0,0.0,1
3318,0022300442,2023-12-30,2023-24,Regular Season,105,92,5,19,CHI,PHI,113.8,116.09,115.57,96.93,0.4664,0.3537,1.0,0.5,110.17,,124.2,123.48,104.89,100.7,0.5,0.3891,1.0,0.8,124.0,,3.77,2,1,1,0,1,108.0,104.0,1.0,1
3317,0022300443,2023-12-30,2023-24,Regular Season,108,106,14,11,MIN,LAL,115.7,116.37,112.18,99.5,0.4973,0.4198,1.0,0.7,121.0,,120.0,117.64,116.14,101.9,0.5007,0.4173,1.0,0.4,118.33,,2.4,2,7,-5,0,0,118.0,111.0,1.0,1
3319,0022300439,2023-12-30,2023-24,Regular Season,117,109,26,12,UTA,MIA,118.4,118.21,118.44,99.85,0.4803,0.3693,1.0,0.6,121.0,,114.2,117.77,114.5,97.3,0.4747,0.4116,1.0,0.7,115.0,,2.55,12,2,10,0,0,118.4,114.2,0.5,0
3313,0022300447,2023-12-31,2023-24,Regular Season,124,108,24,15,OKC,BKN,126.0,122.1,112.14,102.32,0.5165,0.3622,1.0,0.8,128.57,,113.4,115.49,122.24,98.6,0.4536,0.3517,1.0,0.3,111.17,,3.72,4,2,2,0,0,126.0,113.4,0.5,0
3312,0022300445,2023-12-31,2023-24,Regular Season,126,130,28,1,WAS,ATL,116.6,112.21,121.97,104.2,0.485,0.3713,1.0,0.3,118.0,,121.3,121.3,123.08,99.9,0.4754,0.3793,1.0,0.3,122.0,,4.3,2,5,-3,0,0,108.0,136.0,0.0,1
3311,0022300448,2023-12-31,2023-24,Regular Season,101,134,23,2,SAS,BOS,113.7,108.68,118.19,104.5,0.4573,0.3443,1.0,0.2,119.0,,126.7,127.32,114.74,97.56,0.492,0.3988,1.0,0.9,135.25,,6.94,5,6,-1,0,0,113.7,126.7,0.5,0
3310,0022300450,2023-12-31,2023-24,Regular Season,112,107,20,17,PHX,ORL,115.6,116.64,119.61,99.15,0.4917,0.3425,1.0,0.4,116.86,,110.8,111.88,111.86,99.1,0.4698,0.3132,1.0,0.5,113.2,,0.05,2,5,-3,0,0,115.6,110.8,0.5,0
3309,0022300446,2023-12-31,2023-24,Regular Season,129,109,4,11,NOP,LAL,117.7,116.84,111.21,99.99,0.4866,0.3744,1.0,0.7,113.0,,117.3,115.35,118.41,101.55,0.488,0.3979,1.0,0.3,116.57,,1.56,3,1,2,0,1,89.0,133.0,0.0,1
3308,0022300449,2023-12-31,2023-24,Regular Season,92,123,27,22,MEM,SAC,109.3,107.82,114.68,100.59,0.4456,0.3347,1.0,0.3,108.33,,119.3,119.23,119.13,100.2,0.4935,0.3761,1.0,0.6,109.67,,0.39,10,2,8,0,0,109.3,119.3,0.5,0
3306,0022300458,2024-01-01,2023-24,Regular Season,121,104,10,12,LAC,MIA,124.0,124.56,119.74,99.4,0.5177,0.392,1.0,0.8,122.0,,115.2,118.45,114.65,97.65,0.4753,0.4049,1.0,0.7,113.5,,1.75,3,2,1,0,0,124.0,115.2,0.5,0
3302,0022300451,2024-01-01,2023-24,Regular Season,112,106,16,14,NYK,MIN,120.3,119.2,121.28,101.35,0.4842,0.3547,1.0,0.4,120.0,,113.8,114.05,111.72,100.0,0.4973,0.4156,1.0,0.7,111.17,,1.35,7,6,1,0,0,100.0,117.0,0.0,1
3307,0022300454,2024-01-01,2023-24,Regular Season,113,122,13,18,MIL,IND,131.2,125.88,114.82,103.18,0.5111,0.3816,1.0,0.9,132.83,,122.5,119.88,122.36,102.1,0.5092,0.4009,1.0,0.4,117.33,,1.08,11,4,7,0,0,129.5,127.0,0.5,2
3301,0022300453,2024-01-01,2023-24,Regular Season,136,113,9,29,HOU,DET,118.1,117.42,117.79,99.53,0.4652,0.3685,1.0,0.3,120.5,,115.3,111.42,123.6,102.43,0.4803,0.3295,1.0,0.1,113.4,,2.9,3,4,-1,0,0,118.1,115.3,0.5,0
3300,0022300452,2024-01-01,2023-24,Regular Season,124,121,25,3,TOR,CLE,119.4,120.03,119.77,99.75,0.504,0.378,1.0,0.3,115.2,,113.7,117.2,118.22,96.18,0.4577,0.3396,1.0,0.5,107.2,,3.57,9,5,4,0,0,102.0,105.0,0.0,1
3304,0022300456,2024-01-01,2023-24,Regular Season,109,88,20,21,PHX,POR,116.2,117.26,119.01,99.1,0.4935,0.3377,1.0,0.5,117.71,,117.6,118.53,122.04,99.25,0.4571,0.4058,1.0,0.3,116.5,,0.15,1,9,-8,1,0,112.0,108.0,0.5,2
3303,0022300457,2024-01-01,2023-24,Regular Season,127,90,26,6,UTA,DAL,118.1,118.14,116.26,99.65,0.4787,0.3645,1.0,0.7,119.67,,116.7,114.78,117.97,101.7,0.4687,0.3371,1.0,0.4,116.83,,2.05,2,2,0,0,0,97.0,147.0,0.0,1
3305,0022300455,2024-01-01,2023-24,Regular Season,111,93,7,30,DEN,CHA,117.7,119.92,110.96,97.95,0.4895,0.407,1.0,0.8,121.0,,104.9,106.54,124.28,98.3,0.4526,0.3248,1.0,0.0,108.5,,0.35,3,3,0,0,0,102.0,95.0,1.0,1
3294,0022300459,2024-01-02,2023-24,Regular Season,110,97,19,5,PHI,CHI,118.8,120.09,107.12,98.95,0.4844,0.3693,1.0,0.7,119.0,,111.4,115.56,113.37,96.3,0.4758,0.3376,1.0,0.6,116.0,,2.65,11,15,-4,0,0,98.0,106.5,0.0,2
3299,0022300461,2024-01-02,2023-24,Regular Season,112,85,4,15,NOP,BKN,121.7,121.1,109.21,99.69,0.5025,0.4018,1.0,0.8,115.67,,112.6,113.51,122.73,99.4,0.4455,0.3412,1.0,0.2,109.83,,0.29,2,2,0,0,0,121.7,112.6,0.5,0
3298,0022300464,2024-01-02,2023-24,Regular Season,104,111,22,30,SAC,CHA,118.5,118.43,116.53,100.2,0.4935,0.369,1.0,0.6,122.17,,102.8,104.33,123.49,98.4,0.4469,0.3218,1.0,0.0,106.29,,1.8,10,1,9,0,1,118.5,102.8,0.5,0
3297,0022300460,2024-01-02,2023-24,Regular Season,106,98,27,23,MEM,SAS,107.2,105.61,114.98,100.64,0.4361,0.3238,1.0,0.3,101.33,,115.6,110.35,121.74,104.8,0.4643,0.3588,1.0,0.2,115.8,,4.16,2,4,-2,0,0,120.0,108.0,1.0,1
3296,0022300463,2024-01-02,2023-24,Regular Season,121,115,8,17,GSW,ORL,119.6,119.3,118.93,99.14,0.4752,0.3668,1.0,0.5,122.5,,109.2,110.61,114.31,98.8,0.4614,0.3071,1.0,0.4,112.17,,0.34,3,2,1,0,0,119.6,109.2,0.5,0
3295,0022300462,2024-01-02,2023-24,Regular Season,127,123,24,2,OKC,BOS,124.6,122.38,110.7,102.15,0.5187,0.3995,1.0,0.8,126.57,,128.1,127.71,112.8,98.31,0.5005,0.3936,1.0,0.9,135.0,,3.84,2,2,0,0,0,124.6,128.1,0.5,0
3290,0022300468,2024-01-03,2023-24,Regular Season,116,100,16,5,NYK,CHI,120.2,119.78,120.96,100.7,0.4844,0.3669,1.0,0.5,117.33,,110.5,113.7,111.89,97.2,0.4724,0.324,1.0,0.6,111.25,,3.5,2,1,1,0,1,120.2,110.5,0.5,0
3283,0022300469,2024-01-03,2023-24,Regular Season,112,101,9,15,HOU,BKN,120.0,119.12,118.56,99.63,0.4759,0.3739,1.0,0.3,123.67,,111.0,112.75,122.6,98.5,0.4401,0.3401,1.0,0.2,107.17,,1.13,2,1,1,0,1,120.0,111.0,0.5,0
3291,0022300476,2024-01-03,2023-24,Regular Season,138,135,22,17,SAC,ORL,119.0,119.02,115.97,100.05,0.4951,0.3809,1.0,0.6,119.57,,110.3,111.04,116.31,99.45,0.4596,0.3191,1.0,0.3,112.57,,0.6,1,1,0,1,1,119.0,110.3,0.5,0
3293,0022300475,2024-01-03,2023-24,Regular Season,96,110,11,12,LAL,MIA,115.7,113.12,118.22,101.95,0.4818,0.3775,1.0,0.3,119.0,,114.0,116.81,115.25,97.85,0.4694,0.3944,1.0,0.6,110.5,,4.1,6,2,4,0,0,115.7,114.0,0.5,0
3292,0022300472,2024-01-03,2023-24,Regular Season,126,97,6,21,DAL,POR,115.6,113.52,118.52,101.9,0.4615,0.3427,1.0,0.4,121.67,,113.7,114.15,119.22,99.65,0.4506,0.385,1.0,0.3,97.0,,2.25,7,2,5,0,0,128.0,116.0,1.0,2
3284,0022300467,2024-01-03,2023-24,Regular Season,141,138,1,24,ATL,OKC,122.1,121.02,121.61,100.85,0.4791,0.3782,1.0,0.4,119.67,,123.9,122.32,111.8,101.55,0.5193,0.3971,1.0,0.8,120.0,,0.7,5,5,0,0,0,122.1,123.9,0.5,0
3282,0022300474,2024-01-03,2023-24,Regular Season,154,148,26,29,UTA,DET,119.1,119.11,114.03,99.65,0.4858,0.3537,1.0,0.7,123.0,,114.3,110.46,124.19,102.38,0.4729,0.3398,1.0,0.1,113.33,,2.73,2,2,0,0,0,119.0,111.0,1.0,1
3287,0022300473,2024-01-03,2023-24,Regular Season,122,131,20,10,PHX,LAC,115.2,116.61,116.46,98.85,0.4958,0.3397,1.0,0.5,116.29,,122.9,123.55,117.48,99.3,0.5214,0.4021,1.0,0.8,128.67,,0.45,2,13,-11,0,0,115.2,122.9,0.5,0
3289,0022300466,2024-01-03,2023-24,Regular Season,142,130,18,13,IND,MIL,122.1,120.26,120.62,101.4,0.5085,0.3846,1.0,0.5,130.25,,129.2,124.55,114.61,103.75,0.504,0.3661,1.0,0.8,128.75,,2.35,4,5,-1,0,0,125.33333333333333,124.0,0.6666666666666666,3
3288,0022300470,2024-01-03,2023-24,Regular Season,111,116,27,25,MEM,TOR,107.4,106.33,113.73,100.09,0.4397,0.3291,1.0,0.4,102.5,,118.8,119.06,118.03,100.0,0.5033,0.3788,1.0,0.4,122.0,,0.09,1,4,-3,1,0,107.4,118.8,0.5,0
3286,0022300471,2024-01-03,2023-24,Regular Season,106,117,14,4,MIN,NOP,113.7,114.6,111.29,99.5,0.5007,0.4188,1.0,0.7,117.75,,120.8,121.03,107.86,98.89,0.5003,0.4058,1.0,0.8,130.75,,0.61,4,13,-9,0,0,114.0,120.5,0.5,2
3285,0022300465,2024-01-03,2023-24,Regular Season,140,101,3,28,CLE,WAS,116.4,118.84,119.08,97.18,0.4707,0.3504,1.0,0.5,120.2,,119.1,114.59,120.62,104.1,0.4895,0.3744,1.0,0.3,118.75,,6.92,5,12,-7,0,0,116.4,119.1,0.5,0
3280,0022300477,2024-01-04,2023-24,Regular Season,121,125,23,13,SAS,MIL,113.5,109.53,121.47,103.6,0.4598,0.3479,1.0,0.2,114.5,,128.2,124.2,116.53,103.3,0.5001,0.378,1.0,0.7,129.0,,0.3,4,1,3,0,1,119.0,132.0,0.0,1
3281,0022300478,2024-01-04,2023-24,Regular Season,127,130,8,7,GSW,DEN,120.1,120.26,119.22,98.64,0.4844,0.3691,1.0,0.6,122.29,,117.4,119.34,109.47,98.1,0.4919,0.3998,1.0,0.8,112.33,,0.54,2,12,-10,0,0,114.0,120.0,0.0,1
3273,0022300481,2024-01-05,2023-24,Regular Season,124,115,15,24,BKN,OKC,109.1,110.85,121.38,98.5,0.4304,0.3301,1.0,0.2,116.75,,125.4,123.94,113.13,101.4,0.5311,0.4165,1.0,0.8,125.0,,2.9,9,2,7,0,0,108.0,124.0,0.0,1
3270,0022300483,2024-01-05,2023-24,Regular Season,92,128,19,16,PHI,NYK,116.9,118.35,105.76,98.9,0.4802,0.3726,1.0,0.7,117.2,,117.9,117.53,119.04,100.5,0.4763,0.3478,1.0,0.5,118.5,,1.6,3,6,-3,0,0,116.9,117.9,0.5,0
3275,0022300490,2024-01-05,2023-24,Regular Season,113,109,8,29,GSW,DET,121.5,121.72,120.31,98.59,0.4953,0.3752,1.0,0.6,122.88,,118.0,112.78,125.42,102.27,0.4819,0.3558,1.0,0.1,118.29,,3.68,1,2,-1,1,0,121.5,118.0,0.5,0
3266,0022300487,2024-01-05,2023-24,Regular Season,139,103,6,21,DAL,POR,115.1,113.04,116.31,101.9,0.462,0.352,1.0,0.4,122.75,,112.0,111.48,118.5,100.55,0.448,0.3819,1.0,0.3,97.0,,1.35,2,2,0,0,0,127.33333333333333,109.66666666666667,1.0,3
3269,0022300492,2024-01-05,2023-24,Regular Season,135,130,22,25,SAC,TOR,120.0,118.86,116.33,98.88,0.4942,0.3784,1.0,0.6,121.0,,116.9,117.06,116.15,100.15,0.494,0.3721,1.0,0.4,120.8,,1.27,2,2,0,0,0,120.0,116.9,0.5,0
3274,0022300480,2024-01-05,2023-24,Regular Season,150,116,18,1,IND,ATL,124.0,122.55,120.65,100.85,0.5192,0.3871,1.0,0.6,132.6,,123.4,121.65,121.14,101.4,0.4816,0.3702,1.0,0.5,122.33,,0.55,2,5,-3,0,0,157.0,152.0,1.0,1
3267,0022300486,2024-01-05,2023-24,Regular Season,95,111,4,10,NOP,LAC,118.3,120.21,107.64,97.64,0.5038,0.4049,1.0,0.8,114.17,,124.1,125.94,120.75,98.45,0.5243,0.4171,1.0,0.8,129.25,,0.81,3,2,1,0,0,116.0,106.0,1.0,1
3272,0022300479,2024-01-05,2023-24,Regular Season,126,97,2,26,BOS,UTA,128.8,128.17,114.35,98.61,0.4956,0.395,1.0,0.8,122.5,,122.3,120.02,115.13,100.34,0.484,0.3704,1.0,0.7,116.67,,1.73,7,8,-1,0,0,128.8,122.3,0.5,0
3276,0022300485,2024-01-05,2023-24,Regular Season,95,122,9,14,HOU,MIN,120.9,119.92,118.76,99.83,0.4882,0.3847,1.0,0.3,122.0,,112.4,114.22,113.87,98.7,0.4958,0.4059,1.0,0.6,109.4,,1.13,2,4,-2,0,0,120.9,112.4,0.5,0
3277,0022300491,2024-01-05,2023-24,Regular Season,113,127,11,27,LAL,MEM,113.1,111.35,118.18,101.2,0.4702,0.3508,1.0,0.2,113.25,,108.9,107.1,114.59,100.64,0.4421,0.3373,1.0,0.4,110.67,,0.56,2,7,-5,0,0,134.0,107.0,1.0,1
3278,0022300489,2024-01-05,2023-24,Regular Season,113,97,20,12,PHX,MIA,116.2,117.8,117.93,98.85,0.5014,0.3505,1.0,0.5,117.71,,113.5,115.86,114.17,98.2,0.4658,0.3825,1.0,0.6,110.4,,0.65,2,2,0,0,0,116.2,113.5,0.5,0
3279,0022300484,2024-01-05,2023-24,Regular Season,104,91,5,30,CHI,CHA,108.1,111.58,112.25,96.9,0.4656,0.3257,1.0,0.5,110.0,,103.5,104.92,122.06,98.6,0.4449,0.3184,1.0,0.1,107.29,,1.7,6,3,3,0,0,111.0,100.0,1.0,1
3271,0022300482,2024-01-05,2023-24,Regular Season,114,90,3,28,CLE,WAS,119.1,121.62,117.23,97.13,0.4764,0.3558,1.0,0.6,123.5,,117.0,113.49,121.65,103.2,0.4799,0.3655,1.0,0.3,115.2,,6.07,2,2,0,0,0,140.0,101.0,1.0,1
3268,0022300488,2024-01-05,2023-24,Regular Season,120,122,7,17,DEN,ORL,118.0,121.13,112.8,97.35,0.5009,0.4011,1.0,0.8,118.83,,112.7,111.35,115.07,99.28,0.4602,0.3359,1.0,0.3,116.0,,1.93,4,2,2,0,0,119.0,124.0,0.0,1
3265,0022300493,2024-01-06,2023-24,Regular Season,101,118,18,2,IND,BOS,128.1,125.8,118.66,101.55,0.533,0.4072,1.0,0.7,135.5,,128.6,126.8,111.76,99.76,0.4867,0.3868,1.0,0.8,133.0,,1.79,1,4,-3,1,0,122.0,112.0,1.0,1
3264,0022300496,2024-01-06,2023-24,Regular Season,112,108,9,13,HOU,MIL,118.5,117.28,117.79,100.08,0.4753,0.3815,1.0,0.3,118.63,,126.1,122.18,117.3,103.25,0.4966,0.3681,1.0,0.7,128.33,,3.17,1,2,-1,1,0,119.0,128.0,0.0,1
3263,0022300495,2024-01-06,2023-24,Regular Season,109,120,19,26,PHI,UTA,113.7,115.51,109.71,98.55,0.4791,0.3609,1.0,0.6,110.8,,121.6,118.25,113.93,101.49,0.476,0.3556,1.0,0.7,115.5,,2.94,1,1,0,1,1,113.7,121.6,0.5,0
3262,0022300494,2024-01-06,2023-24,Regular Season,105,121,28,16,WAS,NYK,112.3,110.44,122.42,101.75,0.4651,0.3474,1.0,0.2,114.25,,118.5,118.25,114.12,100.35,0.4778,0.3603,1.0,0.6,119.5,,1.4,6,1,5,0,1,99.0,120.0,0.0,1
3259,0022300497,2024-01-07,2023-24,Regular Season,117,115,3,23,CLE,SAS,119.8,122.22,114.45,97.23,0.4814,0.371,1.0,0.7,122.14,,112.7,108.13,121.99,104.05,0.4587,0.34,1.0,0.1,112.83,,6.82,2,5,-3,0,0,119.8,112.7,0.5,0
3260,0022300505,2024-01-07,2023-24,Regular Season,106,103,11,10,LAL,LAC,112.9,110.82,117.6,101.5,0.4713,0.3559,1.0,0.2,113.2,,123.1,125.01,119.09,98.3,0.5225,0.4182,1.0,0.8,125.6,,3.2,2,2,0,0,0,112.9,123.1,0.5,0
3258,0022300503,2024-01-07,2023-24,Regular Season,115,121,20,27,PHX,MEM,115.3,117.24,113.92,98.55,0.4998,0.3512,1.0,0.6,116.43,,111.9,110.4,114.62,100.29,0.4605,0.3532,1.0,0.5,115.67,,1.74,2,2,0,0,0,113.0,99.0,1.0,2
3261,0022300502,2024-01-07,2023-24,Regular Season,131,114,7,29,DEN,DET,118.3,120.96,112.72,97.75,0.5062,0.3909,1.0,0.8,119.33,,119.7,114.83,124.79,101.87,0.4836,0.3663,1.0,0.1,120.71,,4.12,2,2,0,0,0,107.0,103.0,1.0,1
3257,0022300498,2024-01-07,2023-24,Regular Season,127,134,15,21,BKN,POR,110.7,112.34,120.27,98.6,0.4322,0.325,1.0,0.3,118.2,,110.3,109.39,118.65,101.05,0.4391,0.3925,1.0,0.3,98.5,,2.45,2,2,0,0,0,110.7,110.3,0.5,0
3254,0022300500,2024-01-07,2023-24,Regular Season,100,133,22,4,SAC,NOP,121.0,119.08,118.32,99.43,0.4921,0.3848,1.0,0.6,122.43,,116.6,119.12,108.64,97.09,0.4922,0.413,1.0,0.7,128.67,,2.34,2,4,-2,0,0,107.33333333333333,124.33333333333333,0.0,3
3256,0022300499,2024-01-07,2023-24,Regular Season,117,110,17,1,ORL,ATL,115.2,113.41,115.2,99.68,0.472,0.3525,1.0,0.4,105.0,,122.5,120.11,124.89,102.0,0.4731,0.355,1.0,0.4,120.83,,2.32,9,2,7,0,0,115.2,122.5,0.5,0
3255,0022300501,2024-01-07,2023-24,Regular Season,115,108,6,14,DAL,MIN,118.6,115.18,112.22,103.1,0.4757,0.3625,1.0,0.5,126.0,,111.9,113.35,112.47,98.85,0.4923,0.3883,1.0,0.6,111.5,,4.25,2,2,0,0,0,105.5,118.5,0.0,2
3253,0022300504,2024-01-07,2023-24,Regular Season,118,133,8,25,GSW,TOR,120.4,120.6,119.21,98.59,0.4932,0.3642,1.0,0.6,121.5,,119.5,119.16,116.75,100.5,0.4961,0.3749,1.0,0.4,122.33,,1.91,2,2,0,0,0,120.4,119.5,0.5,0
3252,0022300507,2024-01-08,2023-24,Regular Season,133,131,18,2,IND,BOS,125.5,123.47,115.82,101.3,0.5227,0.3898,1.0,0.7,131.17,,129.0,126.96,111.86,100.01,0.4904,0.3786,1.0,0.8,130.86,,1.29,2,2,0,0,0,111.5,115.0,0.5,2
3251,0022300511,2024-01-08,2023-24,Regular Season,138,111,10,20,LAC,PHX,119.0,121.19,117.94,98.0,0.5053,0.4075,1.0,0.7,114.75,,115.6,117.22,114.85,98.85,0.4993,0.3572,1.0,0.5,112.67,,0.85,7,12,-5,0,0,131.0,122.0,1.0,1
3250,0022300510,2024-01-08,2023-24,Regular Season,116,132,13,26,MIL,UTA,124.1,119.94,116.36,103.45,0.4927,0.3585,1.0,0.6,121.0,,121.1,117.51,113.71,101.74,0.484,0.3411,1.0,0.7,116.14,,1.71,7,2,5,0,0,124.1,121.1,0.5,0
3249,0022300508,2024-01-08,2023-24,Regular Season,128,136,28,24,WAS,OKC,112.0,110.45,123.41,101.55,0.4711,0.3521,1.0,0.2,112.4,,125.1,123.29,113.71,101.6,0.5335,0.4122,1.0,0.7,124.0,,0.05,2,3,-1,0,0,112.0,125.1,0.5,0
3248,0022300506,2024-01-08,2023-24,Regular Season,112,119,30,5,CHA,CHI,101.9,103.89,122.04,97.95,0.4407,0.3188,1.0,0.1,88.5,,106.9,110.01,109.06,97.1,0.4716,0.3193,1.0,0.6,101.67,,0.85,16,5,11,0,0,95.5,107.5,0.0,2
3247,0022300509,2024-01-08,2023-24,Regular Season,120,113,12,9,MIA,HOU,111.6,114.46,113.41,97.8,0.4605,0.3654,1.0,0.6,116.75,,116.7,115.86,115.37,100.8,0.4726,0.3833,1.0,0.4,106.0,,3.0,14,16,-2,0,0,111.6,116.7,0.5,0
3245,0022300514,2024-01-09,2023-24,Regular Season,112,84,16,21,NYK,POR,119.2,118.93,113.93,100.25,0.4795,0.3659,1.0,0.6,117.0,,112.3,110.03,118.36,101.09,0.4394,0.408,1.0,0.4,105.6,,0.84,6,2,4,0,0,119.2,112.3,0.5,0
3243,0022300515,2024-01-09,2023-24,Regular Season,103,120,6,27,DAL,MEM,119.0,115.48,110.96,103.15,0.4781,0.3674,1.0,0.6,126.8,,112.5,109.96,113.7,101.24,0.4548,0.3556,1.0,0.5,116.67,,1.91,2,2,0,0,0,107.0,110.5,0.5,2
3246,0022300512,2024-01-09,2023-24,Regular Season,110,131,29,22,DET,SAC,119.7,115.6,124.12,101.22,0.486,0.3824,1.0,0.1,117.33,,116.7,116.12,119.69,98.43,0.4809,0.3786,1.0,0.5,117.67,,2.79,10,9,1,0,0,119.7,116.7,0.5,0
3242,0022300516,2024-01-09,2023-24,Regular Season,132,131,11,25,LAL,TOR,112.6,111.06,116.72,101.15,0.4801,0.3621,1.0,0.3,112.6,,121.4,120.71,118.69,100.65,0.5034,0.3928,1.0,0.4,123.86,,0.5,2,2,0,0,0,112.6,121.4,0.5,0
3244,0022300513,2024-01-09,2023-24,Regular Season,92,113,17,14,ORL,MIN,116.3,113.3,113.35,99.83,0.4698,0.369,1.0,0.5,108.67,,111.5,113.17,113.56,98.6,0.4865,0.3821,1.0,0.5,110.83,,1.23,2,2,0,0,0,116.3,111.5,0.5,0
3241,0022300521,2024-01-10,2023-24,Regular Season,139,132,1,19,ATL,PHI,121.6,118.22,122.73,101.95,0.4711,0.3433,1.0,0.4,125.0,,111.1,112.42,113.27,98.85,0.4593,0.3341,1.0,0.5,112.0,,3.1,7,11,-4,0,0,115.0,125.5,0.0,2
3240,0022300524,2024-01-10,2023-24,Regular Season,124,111,26,7,UTA,DEN,122.7,119.26,112.66,101.79,0.4849,0.3433,1.0,0.8,132.67,,118.4,120.79,113.74,97.85,0.5087,0.3741,1.0,0.8,116.75,,3.94,7,6,1,0,0,122.7,118.4,0.5,0
3239,0022300518,2024-01-10,2023-24,Regular Season,98,123,30,22,CHA,SAC,104.9,106.67,119.81,97.33,0.447,0.3393,1.0,0.1,103.5,,117.9,116.44,115.21,99.18,0.491,0.3703,1.0,0.6,121.0,,1.85,2,1,1,0,1,111.0,104.0,1.0,1
3238,0022300525,2024-01-10,2023-24,Regular Season,105,141,8,4,GSW,NOP,120.4,120.48,120.76,98.79,0.4853,0.3604,1.0,0.5,121.11,,115.3,119.45,109.08,95.79,0.4971,0.4149,1.0,0.7,124.33,,3.0,3,3,0,0,0,120.4,115.3,0.5,0
3237,0022300517,2024-01-10,2023-24,Regular Season,127,120,2,14,BOS,MIN,129.5,128.02,112.55,100.53,0.5014,0.3979,1.0,0.8,124.67,,111.5,113.28,110.28,98.45,0.4891,0.3861,1.0,0.6,110.83,,2.08,5,1,4,0,1,129.5,111.5,0.5,0
3236,0022300526,2024-01-10,2023-24,Regular Season,126,120,10,25,LAC,TOR,117.7,120.75,117.05,97.4,0.5106,0.4092,1.0,0.7,119.4,,124.1,122.13,119.49,101.65,0.512,0.4081,1.0,0.4,124.75,,4.25,2,1,1,0,1,117.7,124.1,0.5,0
3235,0022300519,2024-01-10,2023-24,Regular Season,108,130,29,23,DET,SAS,118.3,114.24,124.22,101.22,0.482,0.3793,1.0,0.1,115.5,,113.2,109.77,120.41,103.0,0.4638,0.3421,1.0,0.1,113.14,,1.78,1,3,-2,1,0,118.3,113.2,0.5,0
3234,0022300522,2024-01-10,2023-24,Regular Season,120,128,12,24,MIA,OKC,111.8,113.73,112.31,98.45,0.4587,0.37,1.0,0.6,117.25,,127.1,125.55,117.11,101.25,0.5469,0.4316,1.0,0.7,127.0,,2.8,2,2,0,0,0,111.8,127.1,0.5,0
3233,0022300523,2024-01-10,2023-24,Regular Season,124,119,5,9,CHI,HOU,108.0,110.19,109.21,96.83,0.4733,0.3125,1.0,0.6,109.14,,115.3,114.68,114.07,100.65,0.4652,0.3703,1.0,0.4,109.5,,3.82,5,2,3,0,0,108.0,115.3,0.5,0
3232,0022300520,2024-01-10,2023-24,Regular Season,112,104,18,28,IND,WAS,124.4,121.83,117.13,101.7,0.5141,0.3911,1.0,0.7,129.33,,111.7,110.52,123.12,101.25,0.4687,0.3516,1.0,0.2,106.75,,0.45,2,5,-3,0,0,123.0,137.0,0.0,1
3229,0022300530,2024-01-11,2023-24,Regular Season,128,124,6,16,DAL,NYK,119.7,117.18,111.78,102.15,0.4873,0.3832,1.0,0.6,122.83,,118.3,118.5,112.57,99.8,0.4748,0.364,1.0,0.6,120.6,,2.35,2,5,-3,0,0,119.7,118.3,0.5,0
3230,0022300531,2024-01-11,2023-24,Regular Season,109,127,11,20,LAL,PHX,115.0,113.14,117.16,101.35,0.4897,0.3741,1.0,0.4,115.83,,116.3,118.36,118.24,98.45,0.504,0.3688,1.0,0.5,115.0,,2.9,2,3,-1,0,0,106.0,103.0,1.0,1
3227,0022300527,2024-01-11,2023-24,Regular Season,111,102,3,15,CLE,BKN,118.8,121.07,113.91,97.33,0.4818,0.3701,1.0,0.7,120.71,,113.2,114.01,120.69,98.29,0.4461,0.3309,1.0,0.3,103.2,,0.96,4,8,-4,0,0,118.8,113.2,0.5,0
3228,0022300528,2024-01-11,2023-24,Regular Season,135,102,13,2,MIL,BOS,122.5,119.54,119.01,102.35,0.4902,0.369,1.0,0.5,115.67,,127.8,125.07,111.69,100.4,0.4893,0.3859,1.0,0.8,129.5,,1.95,3,3,0,0,0,116.0,119.0,0.0,1
3231,0022300529,2024-01-11,2023-24,Regular Season,139,77,24,21,OKC,POR,126.5,124.95,117.72,101.2,0.5476,0.4269,1.0,0.7,125.8,,109.8,108.18,119.73,100.49,0.433,0.3787,1.0,0.3,102.0,,0.71,9,2,7,0,0,134.0,91.0,1.0,1
3223,0022300541,2024-01-12,2023-24,Regular Season,135,99,23,30,SAS,CHA,114.3,112.22,119.32,101.85,0.468,0.3454,1.0,0.2,113.33,,104.8,106.89,120.88,97.13,0.4434,0.3564,1.0,0.1,106.14,,4.72,8,7,1,0,0,114.3,104.8,0.5,0
3224,0022300533,2024-01-12,2023-24,Regular Season,108,126,1,18,ATL,IND,122.5,118.01,122.48,101.79,0.4641,0.3342,1.0,0.4,127.25,,125.3,122.41,115.59,102.0,0.5165,0.3885,1.0,0.8,121.67,,0.21,2,11,-9,0,0,134.0,153.5,0.0,2
3225,0022300538,2024-01-12,2023-24,Regular Season,116,93,14,21,MIN,POR,111.7,113.25,111.61,97.67,0.4871,0.3884,1.0,0.5,110.67,,105.8,104.03,121.57,100.69,0.4154,0.3544,1.0,0.3,98.43,,3.02,9,1,8,0,1,111.7,105.8,0.5,0
3226,0022300535,2024-01-12,2023-24,Regular Season,99,96,12,17,MIA,ORL,113.0,114.59,113.56,98.75,0.4577,0.375,1.0,0.6,120.25,,114.1,111.52,113.41,99.38,0.4605,0.3758,1.0,0.5,120.5,,0.63,2,7,-5,0,0,115.0,106.0,1.0,1
3217,0022300534,2024-01-12,2023-24,Regular Season,110,112,29,9,DET,HOU,118.0,114.16,125.82,100.91,0.4778,0.3816,1.0,0.1,114.75,,115.0,114.1,116.43,99.85,0.4643,0.3658,1.0,0.3,112.67,,1.06,2,2,0,0,0,113.0,136.0,0.0,1
3218,0022300537,2024-01-12,2023-24,Regular Season,119,128,27,10,MEM,LAC,112.9,110.24,113.81,101.24,0.452,0.3477,1.0,0.5,103.0,,118.3,121.25,117.74,97.55,0.5075,0.4178,1.0,0.7,115.0,,3.69,9,5,4,0,0,106.0,117.0,0.0,1
3219,0022300540,2024-01-12,2023-24,Regular Season,145,113,26,25,UTA,TOR,123.2,119.87,112.77,101.69,0.4946,0.346,1.0,0.8,130.5,,125.0,123.64,120.52,101.2,0.522,0.4208,1.0,0.4,125.88,,0.49,2,2,0,0,0,126.0,119.0,1.0,1
3220,0022300532,2024-01-12,2023-24,Regular Season,112,93,19,22,PHI,SAC,113.9,113.38,114.31,99.44,0.4612,0.335,1.0,0.5,111.8,,118.2,117.15,114.92,98.83,0.4897,0.3758,1.0,0.6,121.4,,0.61,6,2,4,0,0,113.9,118.2,0.5,0
3221,0022300539,2024-01-12,2023-24,Regular Season,125,113,7,4,DEN,NOP,118.2,120.12,114.96,98.4,0.5044,0.3771,1.0,0.7,119.5,,118.1,121.92,107.72,96.09,0.5074,0.4184,1.0,0.8,128.5,,2.31,5,2,3,0,0,110.0,115.0,0.0,1
3222,0022300536,2024-01-12,2023-24,Regular Season,131,140,5,8,CHI,GSW,108.0,109.32,109.44,96.59,0.463,0.3,1.0,0.6,109.14,,117.7,118.76,123.22,99.0,0.4832,0.3512,1.0,0.4,114.0,,2.41,2,18,-16,0,0,108.0,117.7,0.5,0
3212,0022300545,2024-01-13,2023-24,Regular Season,129,118,13,8,MIL,GSW,124.2,121.97,118.24,101.85,0.5045,0.3822,1.0,0.5,121.33,,118.8,120.65,125.16,98.45,0.4868,0.3538,1.0,0.4,127.0,,3.4,2,1,1,0,1,124.2,118.8,0.5,0
3209,0022300543,2024-01-13,2023-24,Regular Season,99,127,1,28,ATL,WAS,119.9,115.27,122.25,101.89,0.4574,0.3284,1.0,0.3,123.4,,110.3,108.9,122.4,101.45,0.4619,0.3342,1.0,0.1,103.25,,0.44,1,3,-2,1,0,133.0,117.0,1.0,2
3210,0022300549,2024-01-13,2023-24,Regular Season,132,125,26,11,UTA,LAL,125.1,121.22,111.82,102.04,0.4978,0.3501,1.0,0.8,133.4,,114.8,113.05,118.16,101.25,0.4903,0.3706,1.0,0.4,114.67,,0.79,1,13,-12,1,0,99.0,131.0,0.0,1
3211,0022300542,2024-01-13,2023-24,Regular Season,145,113,2,9,BOS,HOU,123.5,120.72,114.34,100.45,0.4746,0.3644,1.0,0.7,125.25,,115.6,114.37,116.48,100.25,0.4672,0.3615,1.0,0.4,114.67,,0.2,3,1,2,0,1,123.5,115.6,0.5,0
3214,0022300546,2024-01-13,2023-24,Regular Season,112,100,24,17,OKC,ORL,128.4,126.47,112.37,101.45,0.5562,0.4352,1.0,0.8,129.6,,112.0,109.5,112.83,99.03,0.451,0.3725,1.0,0.4,117.0,,2.42,2,1,1,0,1,128.4,112.0,0.5,0
3215,0022300547,2024-01-13,2023-24,Regular Season,108,118,6,4,DAL,NOP,118.1,116.77,113.49,101.15,0.4853,0.3736,1.0,0.6,120.17,,117.1,120.02,108.8,96.89,0.4999,0.4149,1.0,0.7,126.0,,4.26,2,1,1,0,1,110.0,131.0,0.0,1
3216,0022300544,2024-01-13,2023-24,Regular Season,94,106,27,16,MEM,NYK,112.3,110.14,115.24,100.84,0.4437,0.3553,1.0,0.4,107.0,,119.6,120.25,112.75,99.45,0.4801,0.3663,1.0,0.6,121.17,,1.39,1,2,-1,1,0,112.3,119.6,0.5,0
3213,0022300548,2024-01-13,2023-24,Regular Season,116,122,23,5,SAS,CHI,118.3,115.48,117.21,102.45,0.474,0.3595,1.0,0.3,118.75,,109.7,111.2,114.13,96.49,0.4667,0.32,1.0,0.5,105.33,,5.96,1,5,-4,1,0,103.5,117.5,0.0,2
3204,0022300551,2024-01-14,2023-24,Regular Season,104,87,12,30,MIA,CHA,111.4,113.24,112.95,98.4,0.4541,0.3541,1.0,0.6,116.0,,103.4,104.88,119.19,97.73,0.432,0.36,1.0,0.1,104.14,,0.67,2,2,0,0,0,115.5,109.0,1.0,2
3206,0022300553,2024-01-14,2023-24,Regular Season,109,105,14,10,MIN,LAC,112.3,113.63,110.79,97.92,0.4915,0.3936,1.0,0.5,112.0,,119.6,123.31,116.74,97.05,0.5153,0.4267,1.0,0.8,118.25,,0.87,2,2,0,0,0,112.3,119.6,0.5,0
3205,0022300550,2024-01-14,2023-24,Regular Season,117,109,7,18,DEN,IND,118.5,119.66,113.57,99.1,0.5083,0.3772,1.0,0.7,120.29,,126.9,123.55,113.94,102.5,0.5312,0.4055,1.0,0.9,122.75,,3.4,2,2,0,0,0,118.5,126.9,0.5,0
3207,0022300552,2024-01-14,2023-24,Regular Season,143,142,13,22,MIL,SAC,124.1,122.51,119.38,101.4,0.5061,0.3741,1.0,0.5,123.25,,117.7,116.63,115.25,98.78,0.4799,0.3727,1.0,0.6,116.67,,2.62,1,2,-1,1,0,124.1,117.7,0.5,0
3208,0022300554,2024-01-14,2023-24,Regular Season,116,127,21,20,POR,PHX,104.5,102.6,120.56,100.74,0.4092,0.353,1.0,0.3,123.0,,118.5,120.32,116.79,98.7,0.5092,0.3847,1.0,0.6,122.33,,2.04,16,3,13,0,0,101.33333333333333,111.0,0.3333333333333333,3
3198,0022300559,2024-01-15,2023-24,Regular Season,109,99,1,23,ATL,SAS,118.5,113.6,122.26,102.24,0.448,0.3207,1.0,0.3,119.33,,118.0,116.38,116.2,101.45,0.4702,0.3675,1.0,0.3,117.8,,0.79,2,5,-3,0,0,137.0,135.0,1.0,1
3197,0022300561,2024-01-15,2023-24,Regular Season,109,91,3,5,CLE,CHI,116.4,118.95,111.49,98.05,0.4723,0.36,1.0,0.7,117.29,,112.4,113.29,114.0,97.14,0.474,0.3412,1.0,0.6,109.5,,0.91,4,2,2,0,0,109.0,95.0,1.0,1
3195,0022300562,2024-01-15,2023-24,Regular Season,95,96,15,12,BKN,MIA,111.7,111.63,118.84,98.94,0.4429,0.3211,1.0,0.3,124.75,,109.6,111.76,110.92,97.95,0.457,0.3545,1.0,0.6,106.8,,0.99,8,10,-2,0,0,113.5,109.5,0.5,2
3199,0022300565,2024-01-15,2023-24,Regular Season,112,105,11,24,LAL,OKC,114.4,112.05,118.26,101.95,0.4881,0.3654,1.0,0.3,114.86,,126.7,125.13,111.87,101.25,0.5414,0.4112,1.0,0.8,127.2,,0.7,4,5,-1,0,0,119.5,126.5,0.5,2
3193,0022300556,2024-01-15,2023-24,Regular Season,125,120,6,4,DAL,NOP,116.1,115.84,115.14,100.2,0.4768,0.3738,1.0,0.5,118.43,,118.5,121.79,109.5,96.59,0.503,0.4291,1.0,0.7,124.4,,3.61,2,2,0,0,0,109.0,124.5,0.0,2
3202,0022300563,2024-01-15,2023-24,Regular Season,96,105,25,2,TOR,BOS,124.4,122.69,121.87,101.55,0.5173,0.4302,1.0,0.4,124.0,,125.4,121.41,113.07,101.4,0.4778,0.3845,1.0,0.7,121.6,,0.15,14,4,10,0,0,111.5,114.0,0.0,2
3200,0022300557,2024-01-15,2023-24,Regular Season,94,98,16,17,NYK,ORL,117.3,118.17,110.04,99.3,0.474,0.3697,1.0,0.6,113.33,,109.3,107.73,113.14,98.18,0.4447,0.3463,1.0,0.3,112.5,,1.12,6,2,4,0,0,108.0,117.0,0.0,1
3196,0022300560,2024-01-15,2023-24,Regular Season,116,107,27,8,MEM,GSW,110.1,109.36,115.79,100.5,0.4418,0.3551,1.0,0.4,104.4,,118.0,119.84,127.5,98.45,0.477,0.3652,1.0,0.3,124.0,,2.05,2,2,0,0,0,110.1,118.0,0.5,0
3203,0022300564,2024-01-15,2023-24,Regular Season,132,105,26,18,UTA,IND,125.3,120.94,112.37,102.29,0.4935,0.3453,1.0,0.8,133.17,,125.5,122.39,114.17,102.3,0.5255,0.3889,1.0,0.8,119.25,,0.01,2,1,1,0,1,125.3,125.5,0.5,0
3201,0022300555,2024-01-15,2023-24,Regular Season,124,115,19,9,PHI,HOU,112.4,112.48,112.7,98.99,0.4506,0.3415,1.0,0.5,108.8,,115.2,113.36,117.97,100.8,0.4591,0.364,1.0,0.4,114.25,,1.81,3,2,1,0,0,131.0,127.0,1.0,1
3194,0022300558,2024-01-15,2023-24,Regular Season,117,129,28,29,WAS,DET,111.2,109.54,119.52,101.55,0.465,0.3403,1.0,0.2,115.0,,117.5,113.77,124.53,100.82,0.4784,0.373,1.0,0.1,121.2,,0.73,7,8,-1,0,0,126.0,107.0,1.0,1
3191,0022300567,2024-01-16,2023-24,Regular Season,119,117,20,22,PHX,SAC,119.8,122.51,116.08,98.15,0.5253,0.397,1.0,0.7,117.33,,120.6,117.32,114.5,99.41,0.4839,0.3904,1.0,0.6,121.5,,1.26,9,2,7,0,0,105.5,117.0,0.0,2
3190,0022300568,2024-01-16,2023-24,Regular Season,128,117,10,24,LAC,OKC,119.3,123.47,113.81,96.55,0.5126,0.4379,1.0,0.8,123.0,,124.3,122.86,111.3,101.1,0.5287,0.398,1.0,0.7,123.5,,4.55,6,1,5,0,1,115.0,134.0,0.0,1
3192,0022300566,2024-01-16,2023-24,Regular Season,126,121,19,7,PHI,DEN,112.7,113.16,113.69,98.59,0.4458,0.3447,1.0,0.5,109.4,,120.0,120.95,114.68,99.35,0.5298,0.3872,1.0,0.7,120.5,,0.76,1,6,-5,1,0,112.7,120.0,0.5,0
3187,0022300569,2024-01-17,2023-24,Regular Season,117,124,29,14,DET,MIN,119.2,115.95,125.02,100.37,0.4896,0.3757,1.0,0.2,114.25,,112.6,114.75,109.31,97.17,0.5016,0.3992,1.0,0.6,113.8,,3.2,5,7,-2,0,0,119.2,112.6,0.5,0
3185,0022300577,2024-01-17,2023-24,Regular Season,127,110,11,6,LAL,DAL,114.1,111.75,115.9,102.05,0.4927,0.3581,1.0,0.4,114.43,,117.6,117.49,115.84,100.15,0.4784,0.3887,1.0,0.6,110.67,,1.9,2,16,-14,0,0,113.0,115.5,0.0,2
3189,0022300573,2024-01-17,2023-24,Regular Season,109,94,16,9,NYK,HOU,114.7,116.85,108.67,97.95,0.4638,0.361,1.0,0.6,108.5,,115.4,114.04,117.98,100.4,0.4674,0.3521,1.0,0.4,114.4,,2.45,2,2,0,0,0,114.7,115.4,0.5,0
3188,0022300575,2024-01-17,2023-24,Regular Season,132,112,4,30,NOP,CHA,119.0,123.52,111.99,96.3,0.5103,0.4272,1.0,0.7,112.0,,102.6,104.25,119.5,97.58,0.4281,0.3558,1.0,0.1,102.0,,1.28,12,3,9,0,0,112.0,107.0,1.0,1
3186,0022300578,2024-01-17,2023-24,Regular Season,105,103,21,15,POR,BKN,103.1,101.16,122.16,100.69,0.4041,0.3606,1.0,0.2,118.33,,108.6,108.34,116.75,98.18,0.4249,0.3012,1.0,0.2,103.0,,2.51,3,6,-3,0,0,134.0,127.0,1.0,1
3183,0022300571,2024-01-17,2023-24,Regular Season,117,98,2,23,BOS,SAS,123.1,120.06,111.29,101.67,0.4695,0.3973,1.0,0.7,129.5,,116.1,114.03,113.58,102.05,0.4653,0.348,1.0,0.3,114.67,,0.38,4,2,2,0,0,134.0,101.0,1.0,1
3182,0022300570,2024-01-17,2023-24,Regular Season,106,104,1,17,ATL,ORL,117.5,111.7,118.76,103.19,0.4441,0.3247,1.0,0.4,117.67,,109.9,109.65,112.27,97.18,0.4502,0.3466,1.0,0.4,110.43,,6.01,2,2,0,0,0,110.0,117.0,0.0,1
3181,0022300574,2024-01-17,2023-24,Regular Season,121,97,25,12,TOR,MIA,120.8,119.41,122.47,101.3,0.5002,0.4032,1.0,0.3,110.0,,107.3,109.39,109.04,97.09,0.4473,0.3428,1.0,0.6,105.0,,4.21,2,2,0,0,0,103.0,112.0,0.0,1
3184,0022300572,2024-01-17,2023-24,Regular Season,135,95,3,13,CLE,MIL,114.9,117.31,108.96,98.1,0.4665,0.35,1.0,0.7,115.14,,126.2,122.96,118.94,101.68,0.5109,0.3896,1.0,0.6,125.2,,3.58,2,11,-9,0,0,111.0,119.0,0.0,1
3178,0022300583,2024-01-18,2023-24,Regular Season,121,126,22,18,SAC,IND,120.6,116.98,115.05,99.71,0.4822,0.3976,1.0,0.5,119.25,,124.0,120.56,116.84,102.5,0.5149,0.3727,1.0,0.7,115.5,,2.79,11,3,8,0,0,120.6,124.0,0.5,0
3179,0022300579,2024-01-18,2023-24,Regular Season,113,109,16,28,NYK,WAS,114.8,117.94,107.42,97.0,0.4644,0.3761,1.0,0.7,108.6,,111.0,110.48,120.81,100.6,0.4619,0.3485,1.0,0.2,105.5,,3.6,1,5,-4,1,0,120.5,102.0,1.0,2
3180,0022300582,2024-01-18,2023-24,Regular Season,118,103,14,27,MIN,MEM,113.2,115.23,110.12,97.17,0.5007,0.3977,1.0,0.6,109.75,,111.2,110.45,112.32,100.5,0.4374,0.355,1.0,0.5,118.5,,3.33,4,9,-5,0,0,123.0,100.0,1.0,2
3176,0022300580,2024-01-18,2023-24,Regular Season,110,116,25,5,TOR,CHI,121.1,120.38,120.55,100.85,0.505,0.4172,1.0,0.4,113.67,,109.7,110.56,113.48,97.19,0.4705,0.3413,1.0,0.5,105.8,,3.66,1,3,-2,1,0,121.0,108.0,1.0,1
3177,0022300581,2024-01-18,2023-24,Regular Season,129,134,26,24,UTA,OKC,128.0,123.07,110.75,102.94,0.5067,0.3585,1.0,0.9,133.0,,124.1,123.41,115.76,100.45,0.5288,0.4108,1.0,0.6,123.17,,2.49,3,2,1,0,0,120.0,134.0,0.0,1
3170,0022300584,2024-01-19,2023-24,Regular Season,124,120,30,23,CHA,SAS,103.4,105.41,121.84,97.28,0.4252,0.3773,1.0,0.1,105.0,,114.1,112.23,115.12,101.8,0.459,0.3408,1.0,0.2,111.33,,4.52,9,2,7,0,0,99.0,135.0,0.0,1
3171,0022300590,2024-01-19,2023-24,Regular Season,118,115,21,18,POR,IND,103.1,102.56,121.8,99.59,0.4182,0.3633,1.0,0.3,118.33,,122.6,119.43,116.46,102.35,0.5112,0.3586,1.0,0.7,117.6,,2.76,2,1,1,0,1,114.0,110.0,1.0,1
3172,0022300585,2024-01-19,2023-24,Regular Season,109,124,17,19,ORL,PHI,108.6,109.23,112.93,96.38,0.4496,0.354,1.0,0.3,104.5,,114.0,115.37,115.06,97.79,0.4598,0.3553,1.0,0.6,116.75,,1.41,10,9,1,0,0,92.0,112.0,0.0,1
3169,0022300591,2024-01-19,2023-24,Regular Season,112,130,11,15,LAL,BKN,113.5,111.77,116.01,101.65,0.4929,0.351,1.0,0.4,113.57,,107.1,108.21,117.57,96.93,0.4228,0.2998,1.0,0.1,100.5,,4.72,2,2,0,0,0,113.5,107.1,0.5,0
3173,0022300587,2024-01-19,2023-24,Regular Season,108,109,12,1,MIA,ATL,105.6,107.96,111.42,96.79,0.4445,0.3319,1.0,0.5,110.75,,116.8,111.21,117.56,102.99,0.4493,0.3278,1.0,0.5,118.67,,6.2,5,12,-7,0,0,122.0,113.0,1.0,1
3174,0022300588,2024-01-19,2023-24,Regular Season,109,123,4,20,NOP,PHX,121.0,125.36,112.72,96.4,0.5054,0.4434,1.0,0.7,117.0,,118.8,121.29,116.14,98.4,0.5174,0.4005,1.0,0.7,121.67,,2.0,2,5,-3,0,0,121.0,118.8,0.5,0
3175,0022300586,2024-01-19,2023-24,Regular Season,100,102,2,7,BOS,DEN,122.8,119.76,109.25,101.67,0.4673,0.4011,1.0,0.7,128.75,,120.1,122.22,116.68,98.6,0.5316,0.3874,1.0,0.6,120.67,,3.07,2,3,-1,0,0,122.8,120.1,0.5,0
3163,0022300598,2024-01-20,2023-24,Regular Season,127,126,9,26,HOU,UTA,112.1,110.97,115.94,100.15,0.4553,0.3321,1.0,0.4,113.75,,129.2,124.11,112.93,103.09,0.5088,0.3723,1.0,0.8,116.33,,2.94,14,12,2,0,0,112.1,129.2,0.5,0
3162,0022300592,2024-01-20,2023-24,Regular Season,135,141,29,13,DET,MIL,118.7,116.46,125.33,100.64,0.4938,0.3818,1.0,0.2,114.8,,121.3,118.2,120.5,101.53,0.4925,0.3731,1.0,0.5,115.4,,0.89,3,3,0,0,0,114.0,146.0,0.0,1
3161,0022300593,2024-01-20,2023-24,Regular Season,89,97,30,19,CHA,PHI,104.6,107.52,121.66,96.43,0.4341,0.387,1.0,0.2,111.33,,115.2,117.01,117.3,97.44,0.4612,0.3629,1.0,0.6,119.75,,1.01,1,1,0,1,1,82.0,135.0,0.0,1
3168,0022300596,2024-01-20,2023-24,Regular Season,126,100,16,25,NYK,TOR,113.5,116.43,104.17,97.2,0.4623,0.3644,1.0,0.8,109.33,,119.4,119.39,119.99,100.25,0.5051,0.3935,1.0,0.4,123.83,,3.05,2,8,-6,0,0,127.5,118.0,1.0,2
3165,0022300594,2024-01-20,2023-24,Regular Season,127,131,28,23,WAS,SAS,111.7,111.06,119.09,100.6,0.4608,0.3566,1.0,0.2,117.2,,113.3,112.29,114.89,101.15,0.4639,0.3453,1.0,0.2,110.0,,0.55,5,1,4,0,1,111.7,113.3,0.5,0
3166,0022300597,2024-01-20,2023-24,Regular Season,125,96,5,27,CHI,MEM,110.9,112.0,112.7,96.99,0.482,0.3404,1.0,0.6,116.0,,110.9,110.79,113.03,99.95,0.4396,0.3637,1.0,0.5,117.75,,2.96,8,2,6,0,0,110.9,110.9,0.5,0
3167,0022300599,2024-01-20,2023-24,Regular Season,97,102,14,24,MIN,OKC,114.2,116.61,110.35,96.77,0.5056,0.4053,1.0,0.6,112.25,,125.1,123.89,117.56,100.75,0.5304,0.4001,1.0,0.6,124.71,,3.98,2,2,0,0,0,106.0,116.0,0.5,2
3164,0022300595,2024-01-20,2023-24,Regular Season,95,116,1,3,ATL,CLE,116.7,111.56,117.11,102.59,0.4559,0.3358,1.0,0.6,117.0,,118.0,119.65,105.37,98.75,0.4785,0.3543,1.0,0.8,114.33,,3.84,3,19,-16,0,0,112.0,127.5,0.0,2
3158,0022300601,2024-01-21,2023-24,Regular Season,105,87,17,12,ORL,MIA,108.8,109.92,114.57,96.03,0.4503,0.3651,1.0,0.3,106.0,,105.5,108.63,111.52,96.04,0.4472,0.3416,1.0,0.5,100.8,,0.01,2,4,-2,0,0,101.0,107.0,0.0,2
3155,0022300602,2024-01-21,2023-24,Regular Season,104,113,28,7,WAS,DEN,113.4,111.12,120.04,102.05,0.4579,0.3481,1.0,0.1,120.6,,116.1,120.02,117.91,97.1,0.5262,0.3644,1.0,0.6,116.0,,4.95,1,2,-1,1,0,113.4,116.1,0.5,0
3156,0022300600,2024-01-21,2023-24,Regular Season,125,114,10,15,LAC,BKN,120.8,125.82,115.75,96.0,0.5195,0.4432,1.0,0.8,126.0,,107.9,109.13,114.4,96.88,0.4308,0.3183,1.0,0.2,104.71,,0.88,5,2,3,0,0,120.8,107.9,0.5,0
3157,0022300604,2024-01-21,2023-24,Regular Season,117,110,20,18,PHX,IND,117.8,119.05,114.4,99.15,0.5047,0.3771,1.0,0.7,115.0,,121.9,118.87,117.39,102.1,0.5098,0.3869,1.0,0.6,116.2,,2.95,5,2,3,0,0,117.8,121.9,0.5,0
3160,0022300603,2024-01-21,2023-24,Regular Season,107,116,9,2,HOU,BOS,111.2,109.78,116.52,99.58,0.442,0.3225,1.0,0.4,111.5,,119.4,118.63,111.4,99.82,0.4563,0.3972,1.0,0.6,115.8,,0.24,1,6,-5,1,0,113.0,145.0,0.0,1
3159,0022300605,2024-01-21,2023-24,Regular Season,134,110,11,21,LAL,POR,114.1,112.36,118.1,101.7,0.4953,0.3582,1.0,0.4,113.38,,101.5,101.35,120.66,99.39,0.4177,0.3373,1.0,0.3,96.57,,2.31,2,9,-7,0,0,107.0,95.0,1.0,1
3150,0022300607,2024-01-22,2023-24,Regular Season,99,126,17,3,ORL,CLE,107.8,109.73,111.91,95.28,0.4531,0.3583,1.0,0.4,105.75,,118.7,119.29,104.67,99.55,0.4848,0.3648,1.0,0.8,116.67,,4.27,1,2,-1,1,0,107.5,107.5,0.5,2
3152,0022300608,2024-01-22,2023-24,Regular Season,133,123,19,23,PHI,SAS,111.8,113.4,113.42,97.49,0.4513,0.3465,1.0,0.6,112.17,,116.3,114.71,113.89,101.5,0.4744,0.3573,1.0,0.3,113.0,,4.01,6,2,4,0,0,111.8,116.3,0.5,0
3151,0022300612,2024-01-22,2023-24,Regular Season,115,113,20,5,PHX,CHI,118.3,119.2,114.48,99.4,0.512,0.3795,1.0,0.7,115.83,,112.9,113.35,112.4,97.64,0.483,0.3548,1.0,0.6,107.5,,1.76,1,4,-3,1,0,118.3,112.9,0.5,0
3147,0022300611,2024-01-22,2023-24,Regular Season,110,119,6,2,DAL,BOS,117.6,117.38,116.73,100.2,0.4802,0.3738,1.0,0.6,120.57,,118.7,117.26,108.89,100.37,0.4545,0.3959,1.0,0.7,114.4,,0.17,7,1,6,0,1,117.6,118.7,0.5,0
3154,0022300606,2024-01-22,2023-24,Regular Season,113,122,29,13,DET,MIL,119.3,116.45,125.94,101.19,0.4906,0.3957,1.0,0.1,116.0,,123.5,119.47,122.01,102.23,0.4965,0.3692,1.0,0.5,119.8,,1.04,2,2,0,0,0,124.5,143.5,0.0,2
3153,0022300609,2024-01-22,2023-24,Regular Season,100,108,25,27,TOR,MEM,117.0,117.03,120.48,100.25,0.4981,0.3892,1.0,0.3,109.0,,111.3,111.29,113.49,99.8,0.4457,0.3647,1.0,0.5,113.4,,0.45,4,2,2,0,0,116.0,111.0,1.0,1
3148,0022300613,2024-01-22,2023-24,Regular Season,122,107,22,1,SAC,ATL,120.4,116.78,118.45,99.71,0.4829,0.3896,1.0,0.4,119.6,,113.2,108.93,117.04,101.84,0.4462,0.3272,1.0,0.5,111.67,,2.13,4,3,1,0,0,117.0,110.0,1.0,1
3149,0022300610,2024-01-22,2023-24,Regular Season,125,128,14,30,MIN,CHA,113.3,115.47,109.43,96.82,0.4995,0.4038,1.0,0.6,109.2,,101.6,104.07,117.26,96.83,0.4275,0.3613,1.0,0.2,98.83,,0.01,2,5,-3,0,0,123.0,117.0,1.0,1
3146,0022300618,2024-01-23,2023-24,Regular Season,127,116,10,11,LAC,LAL,121.6,126.62,116.65,95.95,0.5207,0.465,1.0,0.8,127.6,,116.6,114.71,116.09,101.8,0.5024,0.3663,1.0,0.5,125.0,,5.85,2,10,-8,0,0,103.0,106.0,0.0,1
3143,0022300614,2024-01-23,2023-24,Regular Season,109,114,18,7,IND,DEN,118.7,116.71,116.83,101.4,0.4978,0.3921,1.0,0.5,124.0,,118.1,122.02,116.62,97.0,0.5327,0.3738,1.0,0.7,115.4,,4.4,13,2,11,0,0,109.0,117.0,0.0,1
3145,0022300616,2024-01-23,2023-24,Regular Season,153,124,4,26,NOP,UTA,119.0,123.25,113.99,96.5,0.4978,0.4172,1.0,0.6,112.0,,129.1,123.23,115.95,102.66,0.5035,0.3752,1.0,0.7,118.75,,6.16,4,3,1,0,0,108.0,108.0,0.3333333333333333,3
3142,0022300615,2024-01-23,2023-24,Regular Season,103,108,15,16,BKN,NYK,108.9,109.24,115.08,97.63,0.4368,0.3221,1.0,0.2,115.33,,114.9,117.23,102.93,97.75,0.473,0.365,1.0,0.8,119.75,,0.12,8,10,-2,0,0,102.0,121.0,0.0,1
3144,0022300617,2024-01-23,2023-24,Regular Season,111,109,24,21,OKC,POR,122.6,121.82,115.04,100.5,0.5172,0.3884,1.0,0.6,125.5,,103.7,103.53,123.01,99.44,0.4231,0.3416,1.0,0.3,99.71,,1.06,10,2,8,0,0,136.5,84.0,1.0,2
3141,0022300622,2024-01-24,2023-24,Regular Season,114,140,23,24,SAS,OKC,118.8,117.13,116.64,101.55,0.4782,0.3567,1.0,0.3,124.0,,119.9,119.8,112.65,99.95,0.5106,0.3688,1.0,0.7,119.57,,1.6,11,4,7,0,0,87.0,123.0,0.0,1
3140,0022300619,2024-01-24,2023-24,Regular Season,113,106,29,30,DET,CHA,119.3,116.55,124.72,101.09,0.4873,0.3842,1.0,0.1,115.5,,105.1,107.08,118.08,97.33,0.4424,0.3606,1.0,0.3,104.67,,3.76,2,2,0,0,0,119.3,105.1,0.5,0
3139,0022300625,2024-01-24,2023-24,Regular Season,109,132,6,20,DAL,PHX,115.4,115.31,116.43,100.15,0.4688,0.3688,1.0,0.5,119.25,,118.9,120.52,117.54,98.85,0.5163,0.3828,1.0,0.7,122.0,,1.3,2,5,-3,0,0,128.0,114.0,1.0,1
3134,0022300621,2024-01-24,2023-24,Regular Season,96,105,12,27,MIA,MEM,103.8,107.36,110.46,95.54,0.4425,0.3416,1.0,0.5,110.2,,111.5,111.84,114.02,99.5,0.4457,0.3713,1.0,0.5,112.5,,3.96,5,2,3,0,0,103.8,111.5,0.5,0
3138,0022300624,2024-01-24,2023-24,Regular Season,126,116,13,3,MIL,CLE,124.4,120.33,121.25,102.18,0.4971,0.3698,1.0,0.6,130.75,,120.0,121.54,104.21,98.9,0.4976,0.3779,1.0,0.8,121.0,,3.28,10,2,8,0,0,107.0,123.0,0.5,2
3137,0022300623,2024-01-24,2023-24,Regular Season,131,137,9,21,HOU,POR,110.7,108.66,117.47,100.13,0.4369,0.3024,1.0,0.3,110.25,,104.9,104.99,121.77,99.19,0.427,0.3553,1.0,0.3,101.43,,0.94,3,1,2,0,1,110.7,104.9,0.5,0
3136,0022300620,2024-01-24,2023-24,Regular Season,107,118,28,14,WAS,MIN,111.2,110.17,119.3,101.1,0.4539,0.3456,1.0,0.1,116.2,,115.2,116.57,109.65,97.52,0.5068,0.4154,1.0,0.6,117.4,,3.58,3,7,-4,0,0,111.2,115.2,0.5,0
3135,0022300626,2024-01-24,2023-24,Regular Season,134,112,8,1,GSW,ATL,117.3,119.03,127.11,98.5,0.4799,0.3625,1.0,0.3,115.43,,109.8,106.14,115.98,101.44,0.4344,0.3263,1.0,0.4,110.5,,2.94,14,2,12,0,0,117.3,109.8,0.5,0
3127,0022300627,2024-01-25,2023-24,Regular Season,134,122,18,19,IND,PHI,114.6,113.91,118.12,100.25,0.4834,0.3672,1.0,0.4,113.75,,115.9,116.97,114.43,98.14,0.4617,0.3478,1.0,0.7,117.67,,2.11,2,5,-3,0,0,114.6,115.9,0.5,0
3129,0022300632,2024-01-25,2023-24,Regular Season,133,134,8,22,GSW,SAC,120.5,121.67,126.56,98.9,0.4939,0.3868,1.0,0.4,120.0,,122.2,118.32,117.85,99.91,0.4856,0.3823,1.0,0.5,121.2,,1.01,1,9,-8,1,0,123.0,124.0,0.0,1
3130,0022300629,2024-01-25,2023-24,Regular Season,94,96,15,14,BKN,MIN,108.4,109.95,114.41,96.68,0.443,0.3317,1.0,0.2,112.25,,114.8,115.85,110.34,97.92,0.4965,0.4011,1.0,0.6,116.6,,1.24,2,1,1,0,1,108.4,114.8,0.5,0
3132,0022300631,2024-01-25,2023-24,Regular Season,122,84,16,7,NYK,DEN,114.1,116.76,103.6,97.45,0.4678,0.36,1.0,0.8,110.8,,118.4,122.47,118.18,97.0,0.5333,0.3676,1.0,0.7,115.17,,0.45,5,2,3,0,0,114.1,118.4,0.5,0
3133,0022300630,2024-01-25,2023-24,Regular Season,110,143,12,2,MIA,BOS,102.4,106.18,111.75,95.24,0.4386,0.3359,1.0,0.4,107.83,,118.0,117.6,111.15,99.37,0.4578,0.3938,1.0,0.7,115.17,,4.13,1,3,-2,1,0,102.4,118.0,0.5,0
3131,0022300628,2024-01-25,2023-24,Regular Season,108,123,28,26,WAS,UTA,111.8,109.84,116.11,101.95,0.4604,0.353,1.0,0.1,114.67,,126.1,121.18,117.42,103.02,0.4987,0.3585,1.0,0.6,119.8,,1.07,1,2,-1,1,0,111.8,126.1,0.5,0
3128,0022300633,2024-01-25,2023-24,Regular Season,141,132,11,5,LAL,CHI,118.6,116.88,117.88,101.65,0.5091,0.3874,1.0,0.5,118.13,,114.5,115.7,113.73,96.94,0.4929,0.3737,1.0,0.6,110.17,,4.71,4,3,1,0,0,108.0,124.0,0.0,1
3121,0022300638,2024-01-26,2023-24,Regular Season,107,106,27,17,MEM,ORL,110.9,111.78,112.25,99.15,0.4481,0.3828,1.0,0.6,109.67,,104.2,108.74,113.77,94.9,0.4501,0.3394,1.0,0.4,104.0,,4.25,11,9,2,0,0,110.9,104.2,0.5,0
3120,0022300637,2024-01-26,2023-24,Regular Season,107,127,25,10,TOR,LAC,115.4,116.19,121.18,99.45,0.4942,0.3778,1.0,0.2,106.75,,122.2,126.59,117.31,96.45,0.521,0.4686,1.0,0.8,115.6,,3.0,4,12,-8,0,0,120.0,126.0,0.0,1
3119,0022300639,2024-01-26,2023-24,Regular Season,100,112,13,3,MIL,CLE,124.0,120.3,119.13,101.88,0.4971,0.3699,1.0,0.7,129.8,,120.5,121.81,104.77,99.05,0.5005,0.3981,1.0,0.8,119.75,,2.83,2,2,0,0,0,113.33333333333333,120.66666666666667,0.6666666666666666,3
3126,0022300636,2024-01-26,2023-24,Regular Season,133,131,18,20,IND,PHX,117.9,116.32,117.84,100.9,0.4991,0.3911,1.0,0.5,122.0,,119.9,120.87,114.5,99.4,0.5231,0.3811,1.0,0.8,124.0,,1.5,1,2,-1,1,0,110.0,117.0,0.0,1
3125,0022300641,2024-01-26,2023-24,Regular Season,116,100,23,21,SAS,POR,118.1,116.68,118.21,101.4,0.4798,0.3498,1.0,0.3,121.67,,108.3,108.59,121.62,97.76,0.4369,0.3657,1.0,0.4,106.29,,3.64,2,2,0,0,0,123.0,119.5,0.5,2
3124,0022300635,2024-01-26,2023-24,Regular Season,104,138,30,9,CHA,HOU,104.6,106.91,119.19,97.08,0.4349,0.3648,1.0,0.2,105.75,,114.3,111.76,118.56,99.49,0.4501,0.2982,1.0,0.3,111.0,,2.41,6,9,-3,0,0,104.6,114.3,0.5,0
3123,0022300634,2024-01-26,2023-24,Regular Season,143,148,1,6,ATL,DAL,109.4,106.5,115.1,100.84,0.4329,0.3351,1.0,0.4,109.33,,117.3,117.47,117.43,99.8,0.4751,0.3808,1.0,0.5,110.0,,1.04,6,9,-3,0,0,109.4,117.3,0.5,0
3122,0022300640,2024-01-26,2023-24,Regular Season,83,107,4,24,NOP,OKC,123.1,125.91,116.55,97.7,0.5089,0.4262,1.0,0.6,122.25,,122.4,122.0,111.43,100.15,0.5133,0.3848,1.0,0.8,123.14,,2.45,3,2,1,0,0,123.1,122.4,0.5,0
3116,0022300642,2024-01-27,2023-24,Regular Season,104,118,29,28,DET,WAS,115.8,114.86,121.79,100.75,0.484,0.3774,1.0,0.2,115.14,,113.6,111.15,116.3,102.5,0.4676,0.3463,1.0,0.1,113.33,,1.75,3,9,-6,0,0,118.0,121.5,0.5,2
3118,0022300648,2024-01-27,2023-24,Regular Season,141,117,13,4,MIL,NOP,121.5,118.08,118.37,101.73,0.484,0.3728,1.0,0.6,124.83,,119.7,121.71,115.96,98.3,0.4923,0.405,1.0,0.5,125.0,,3.43,1,12,-11,1,0,121.5,119.7,0.5,0
3114,0022300646,2024-01-27,2023-24,Regular Season,96,115,2,10,BOS,LAC,120.5,120.82,112.73,98.82,0.4705,0.4098,1.0,0.7,122.25,,121.8,125.22,114.92,97.15,0.5162,0.4438,1.0,0.8,114.8,,1.67,8,1,7,0,1,145.0,108.0,1.0,1
3115,0022300649,2024-01-27,2023-24,Regular Season,113,112,23,14,SAS,MIN,118.2,116.1,115.89,102.0,0.4778,0.3414,1.0,0.4,120.25,,113.6,114.91,108.45,97.62,0.5022,0.417,1.0,0.7,114.2,,4.38,1,2,-1,1,0,94.0,102.0,0.0,1
3117,0022300645,2024-01-27,2023-24,Regular Season,106,104,15,9,BKN,HOU,109.3,111.03,112.93,96.53,0.4528,0.3364,1.0,0.2,108.6,,116.9,114.22,118.07,99.59,0.4629,0.2994,1.0,0.3,114.86,,3.06,2,1,1,0,1,101.0,112.0,0.0,1
3113,0022300643,2024-01-27,2023-24,Regular Season,125,109,16,12,NYK,MIA,113.5,117.22,103.53,96.65,0.4724,0.3556,1.0,0.8,112.67,,103.7,107.44,114.76,95.34,0.4423,0.347,1.0,0.4,93.33,,1.31,2,6,-4,0,0,100.0,98.0,1.0,1
3109,0022300647,2024-01-27,2023-24,Regular Season,122,134,30,26,CHA,UTA,105.9,107.33,121.67,97.93,0.4357,0.3664,1.0,0.2,105.4,,128.7,124.38,116.35,102.32,0.514,0.3828,1.0,0.7,125.0,,4.39,1,2,-1,1,0,105.9,128.7,0.5,0
3111,0022300644,2024-01-27,2023-24,Regular Season,111,105,7,19,DEN,PHI,113.8,117.77,118.21,96.7,0.5173,0.3522,1.0,0.6,123.25,,117.1,117.59,117.42,98.64,0.4625,0.3319,1.0,0.6,118.75,,1.94,13,2,11,0,0,121.0,126.0,0.0,1
3110,0022300650,2024-01-27,2023-24,Regular Season,144,145,8,11,GSW,LAL,121.6,123.18,127.16,98.6,0.5041,0.3986,1.0,0.5,121.57,,121.4,119.6,118.25,101.7,0.5206,0.4162,1.0,0.6,120.5,,3.1,2,4,-2,0,0,121.6,121.4,0.5,0
3112,0022300651,2024-01-27,2023-24,Regular Season,115,120,6,22,DAL,SAC,119.5,119.31,121.46,100.05,0.4851,0.3918,1.0,0.5,117.13,,121.8,120.3,119.92,99.98,0.4897,0.3906,1.0,0.4,123.33,,0.07,3,2,1,0,0,113.0,129.0,0.0,1
3108,0022300652,2024-01-28,2023-24,Regular Season,116,110,18,27,IND,MEM,117.9,116.08,117.48,101.15,0.4996,0.3744,1.0,0.5,122.0,,108.9,110.71,112.56,98.3,0.4411,0.3683,1.0,0.6,108.83,,2.85,2,4,-2,0,0,103.0,116.0,0.0,1
3107,0022300655,2024-01-28,2023-24,Regular Season,113,98,17,20,ORL,PHX,102.6,108.06,113.5,94.05,0.447,0.3187,1.0,0.3,104.4,,121.7,121.46,116.85,100.45,0.5298,0.3844,1.0,0.7,125.17,,6.4,6,2,4,0,0,107.0,112.0,0.0,1
3106,0022300654,2024-01-28,2023-24,Regular Season,120,104,29,24,DET,OKC,115.3,114.16,121.95,101.0,0.4826,0.376,1.0,0.2,113.75,,119.5,119.61,107.26,99.8,0.5019,0.3651,1.0,0.8,119.0,,1.2,1,2,-1,1,0,115.3,119.5,0.5,0
3104,0022300653,2024-01-28,2023-24,Regular Season,126,125,1,25,ATL,TOR,112.7,109.48,118.13,101.84,0.4393,0.3492,1.0,0.4,114.14,,113.1,114.28,120.77,99.15,0.486,0.3615,1.0,0.2,119.4,,2.69,2,8,-6,0,0,126.5,119.5,0.5,2
3105,0022300656,2024-01-28,2023-24,Regular Season,96,104,21,5,POR,CHI,104.9,105.69,120.9,98.46,0.4317,0.3401,1.0,0.3,113.0,,117.7,117.99,115.34,97.69,0.5047,0.3655,1.0,0.6,115.5,,0.77,9,3,6,0,0,104.9,117.7,0.5,0
3098,0022300658,2024-01-29,2023-24,Regular Season,118,108,3,10,CLE,LAC,119.6,120.82,102.41,99.1,0.4935,0.4037,1.0,0.9,121.0,,122.2,124.91,114.71,97.6,0.5115,0.4271,1.0,0.8,115.6,,1.5,12,2,10,0,0,119.6,122.2,0.5,0
3095,0022300660,2024-01-29,2023-24,Regular Season,147,114,15,26,BKN,UTA,109.8,111.12,111.52,97.03,0.4627,0.3422,1.0,0.3,108.17,,130.1,126.02,117.74,102.17,0.5124,0.3976,1.0,0.7,127.8,,5.14,2,2,0,0,0,108.0,125.0,0.0,1
3093,0022300659,2024-01-29,2023-24,Regular Season,118,112,2,4,BOS,NOP,117.0,117.88,111.32,98.42,0.4543,0.3862,1.0,0.7,117.0,,121.9,122.64,117.21,99.6,0.5035,0.4027,1.0,0.5,123.67,,1.18,2,2,0,0,0,117.0,121.9,0.5,0
3092,0022300666,2024-01-29,2023-24,Regular Season,131,129,6,17,DAL,ORL,117.1,118.06,124.01,99.15,0.4707,0.3819,1.0,0.4,114.13,,102.2,108.66,113.12,94.2,0.4477,0.3105,1.0,0.3,100.8,,4.95,2,3,-1,0,0,117.1,102.2,0.5,0
3099,0022300667,2024-01-29,2023-24,Regular Season,113,107,7,13,DEN,MIL,112.9,117.93,117.54,95.8,0.5119,0.36,1.0,0.7,121.0,,124.8,120.45,118.21,102.38,0.4939,0.3907,1.0,0.7,119.33,,6.58,2,7,-5,0,0,112.9,124.8,0.5,0
3097,0022300663,2024-01-29,2023-24,Regular Season,94,103,27,22,MEM,SAC,107.8,110.75,113.79,97.3,0.4431,0.3703,1.0,0.5,109.0,,120.3,119.32,118.92,99.58,0.4915,0.372,1.0,0.4,122.86,,2.28,3,2,1,0,0,92.0,123.0,0.0,1
3096,0022300664,2024-01-29,2023-24,Regular Season,101,107,24,14,OKC,MIN,117.1,117.42,107.75,99.5,0.4904,0.3513,1.0,0.7,120.67,,113.5,115.67,111.44,96.92,0.5054,0.4308,1.0,0.6,114.0,,2.58,6,2,4,0,0,111.33333333333333,103.0,0.6666666666666666,3
3103,0022300668,2024-01-29,2023-24,Regular Season,130,104,21,19,POR,PHI,106.1,107.06,120.18,98.36,0.4338,0.3376,1.0,0.3,108.75,,118.4,119.68,116.43,97.99,0.4749,0.3331,1.0,0.6,116.0,,0.37,1,2,-1,1,0,106.1,118.4,0.5,0
3102,0022300657,2024-01-29,2023-24,Regular Season,92,113,30,16,CHA,NYK,106.9,108.43,123.52,98.7,0.4442,0.3665,1.0,0.2,107.4,,113.9,118.66,104.63,95.95,0.4747,0.3682,1.0,0.8,112.67,,2.75,2,6,-4,0,0,99.5,118.5,0.0,2
3101,0022300661,2024-01-29,2023-24,Regular Season,105,118,12,20,MIA,PHX,102.6,106.8,116.41,94.99,0.4389,0.3431,1.0,0.3,106.17,,120.0,120.61,116.96,99.65,0.5409,0.3844,1.0,0.7,121.29,,4.66,4,1,3,0,1,97.0,113.0,0.0,1
3100,0022300662,2024-01-29,2023-24,Regular Season,135,119,9,11,HOU,LAL,116.0,112.47,116.02,100.29,0.4603,0.2923,1.0,0.3,121.67,,125.3,120.09,119.29,102.36,0.5179,0.4116,1.0,0.6,128.67,,2.07,5,2,3,0,0,100.5,106.0,0.0,2
3094,0022300665,2024-01-29,2023-24,Regular Season,113,118,23,28,SAS,WAS,116.5,115.11,117.15,101.35,0.4805,0.3514,1.0,0.4,118.8,,114.9,112.22,114.64,102.6,0.4655,0.3436,1.0,0.2,114.5,,1.25,2,2,0,0,0,131.0,127.0,1.0,1
3088,0022300673,2024-01-30,2023-24,Regular Season,119,107,8,19,GSW,PHI,123.9,122.3,126.85,99.26,0.4965,0.4012,1.0,0.4,124.86,,117.9,119.71,118.07,97.49,0.4791,0.3319,1.0,0.6,114.0,,1.77,3,1,2,0,1,123.9,117.9,0.5,0
3089,0022300669,2024-01-30,2023-24,Regular Season,138,122,1,11,ATL,LAL,111.4,109.42,118.48,101.95,0.4385,0.3361,1.0,0.4,112.29,,124.0,118.44,119.2,102.76,0.5131,0.4043,1.0,0.5,126.25,,0.81,2,1,1,0,1,111.4,124.0,0.5,0
3087,0022300672,2024-01-30,2023-24,Regular Season,107,118,5,25,CHI,TOR,117.7,117.76,115.77,97.84,0.4973,0.3548,1.0,0.6,126.67,,112.3,112.99,121.08,99.55,0.4736,0.3644,1.0,0.1,117.8,,1.71,10,2,8,0,0,112.0,115.5,0.5,2
3090,0022300670,2024-01-30,2023-24,Regular Season,129,124,2,18,BOS,IND,116.1,117.83,111.33,98.7,0.4616,0.3828,1.0,0.7,115.2,,118.3,117.18,118.64,100.6,0.5039,0.3795,1.0,0.5,115.17,,1.9,1,9,-8,1,0,120.33333333333333,118.66666666666667,0.3333333333333333,3
3091,0022300671,2024-01-30,2023-24,Regular Season,118,103,16,26,NYK,UTA,114.0,119.41,105.9,95.5,0.4855,0.3631,1.0,0.8,114.83,,128.3,123.51,120.27,102.67,0.5055,0.3854,1.0,0.6,124.2,,7.17,3,1,2,0,1,113.0,117.0,0.0,1
3080,0022300678,2024-01-31,2023-24,Regular Season,115,106,12,22,MIA,SAC,101.1,105.86,115.9,94.54,0.4321,0.3403,1.0,0.3,103.67,,120.6,119.41,114.76,99.73,0.5009,0.3676,1.0,0.5,120.38,,5.19,2,2,0,0,0,101.1,120.6,0.5,0
3084,0022300677,2024-01-31,2023-24,Regular Season,120,136,15,20,BKN,PHX,112.1,112.85,111.09,97.38,0.469,0.353,1.0,0.3,112.0,,120.7,121.46,113.82,99.5,0.5404,0.3861,1.0,0.8,122.29,,2.12,2,2,0,0,0,116.0,112.0,1.0,1
3077,0022300675,2024-01-31,2023-24,Regular Season,128,121,3,29,CLE,DET,117.4,118.55,103.02,99.15,0.4888,0.3886,1.0,0.9,117.33,,115.9,114.9,119.19,100.95,0.4849,0.3808,1.0,0.3,129.0,,1.8,2,16,-14,0,0,109.0,100.5,1.0,2
3078,0022300680,2024-01-31,2023-24,Regular Season,121,87,14,6,MIN,DAL,112.2,115.51,110.21,96.8,0.5073,0.4379,1.0,0.7,113.0,,118.7,119.18,125.67,99.55,0.4877,0.3925,1.0,0.4,129.0,,2.75,9,5,4,0,0,115.0,108.66666666666667,0.6666666666666666,3
3079,0022300682,2024-01-31,2023-24,Regular Season,105,100,24,7,OKC,DEN,113.3,114.64,111.58,98.65,0.4777,0.3513,1.0,0.6,108.0,,111.1,115.86,116.61,96.0,0.5015,0.3452,1.0,0.7,107.5,,2.65,2,6,-4,0,0,118.5,105.0,1.0,2
3082,0022300676,2024-01-31,2023-24,Regular Season,109,125,28,10,WAS,LAC,113.9,111.47,112.52,102.45,0.4696,0.3327,1.0,0.3,112.6,,122.7,125.74,115.94,97.45,0.5194,0.4217,1.0,0.8,116.6,,5.0,6,2,4,0,0,113.9,122.7,0.5,0
3083,0022300679,2024-01-31,2023-24,Regular Season,99,110,9,4,HOU,NOP,117.6,114.14,115.77,101.14,0.4659,0.3012,1.0,0.4,125.0,,119.8,120.34,118.84,99.75,0.493,0.377,1.0,0.4,120.17,,1.39,2,2,0,0,0,106.0,104.0,1.0,1
3085,0022300681,2024-01-31,2023-24,Regular Season,98,108,23,17,SAS,ORL,114.3,113.33,119.43,101.0,0.4755,0.344,1.0,0.3,114.4,,105.9,112.4,114.94,94.2,0.4626,0.3269,1.0,0.3,105.5,,6.8,2,2,0,0,0,114.3,105.9,0.5,0
3086,0022300683,2024-01-31,2023-24,Regular Season,119,116,21,13,POR,MIL,111.4,112.91,117.14,97.91,0.4609,0.3581,1.0,0.4,113.0,,123.9,119.55,116.04,102.48,0.4921,0.3835,1.0,0.7,116.25,,4.57,2,2,0,0,0,102.0,108.0,0.0,1
3081,0022300674,2024-01-31,2023-24,Regular Season,110,117,30,5,CHA,CHI,106.3,108.22,122.99,98.3,0.4497,0.3588,1.0,0.2,106.2,,116.5,117.02,116.47,98.55,0.4991,0.3546,1.0,0.5,113.0,,0.25,2,3,-1,0,0,101.0,111.33333333333333,0.0,3
3076,0022300684,2024-02-01,2023-24,Regular Season,105,114,2,11,BOS,LAL,118.8,120.56,110.08,98.75,0.4782,0.4043,1.0,0.8,117.5,,125.3,118.84,119.41,103.51,0.5164,0.4025,1.0,0.5,125.4,,4.76,2,2,0,0,0,126.0,115.0,1.0,1
3073,0022300685,2024-02-01,2023-24,Regular Season,109,105,16,18,NYK,IND,113.4,119.99,104.3,94.65,0.4829,0.368,1.0,0.9,115.29,,118.1,117.11,120.87,100.5,0.4831,0.3492,1.0,0.4,114.83,,5.85,2,2,0,0,0,126.0,140.0,0.0,1
3074,0022300687,2024-02-01,2023-24,Regular Season,101,108,27,3,MEM,CLE,105.2,108.32,113.9,97.15,0.4322,0.3686,1.0,0.4,106.0,,118.8,119.86,106.06,99.25,0.4884,0.3744,1.0,0.9,117.5,,2.1,3,6,-3,0,0,105.2,118.8,0.5,0
3075,0022300686,2024-02-01,2023-24,Regular Season,124,127,26,19,UTA,PHI,126.2,122.43,122.28,101.72,0.4954,0.3793,1.0,0.5,134.5,,115.4,118.95,117.8,97.1,0.4799,0.3399,1.0,0.6,109.83,,4.62,14,2,12,0,0,120.0,109.0,1.0,1
3066,0022300694,2024-02-02,2023-24,Regular Season,106,108,14,17,MIN,ORL,112.7,116.53,110.08,96.35,0.5086,0.4457,1.0,0.7,114.0,,107.1,112.66,113.67,95.2,0.4664,0.3319,1.0,0.4,107.5,,1.15,2,2,0,0,0,113.0,92.0,1.0,1
3071,0022300695,2024-02-02,2023-24,Regular Season,126,106,24,30,OKC,CHA,112.6,114.03,111.79,98.5,0.4745,0.3714,1.0,0.6,105.67,,107.4,110.28,122.45,97.35,0.4581,0.3642,1.0,0.2,108.25,,1.15,2,9,-7,0,0,112.6,107.4,0.5,0
3069,0022300688,2024-02-02,2023-24,Regular Season,125,136,29,10,DET,LAC,117.0,116.44,119.53,100.5,0.4934,0.3946,1.0,0.3,115.0,,121.4,124.29,115.4,97.65,0.504,0.41,1.0,0.8,118.0,,2.85,5,2,3,0,0,117.0,121.4,0.5,0
3068,0022300689,2024-02-02,2023-24,Regular Season,102,110,28,12,WAS,MIA,114.4,112.07,114.17,102.25,0.4728,0.3411,1.0,0.3,112.0,,102.7,106.84,116.4,95.09,0.4375,0.3559,1.0,0.3,97.25,,7.16,2,6,-4,0,0,114.4,102.7,0.5,0
3067,0022300693,2024-02-02,2023-24,Regular Season,101,121,27,8,MEM,GSW,103.4,106.12,111.37,97.5,0.4301,0.3593,1.0,0.4,102.4,,123.1,121.21,124.05,99.51,0.4978,0.4033,1.0,0.5,121.67,,2.01,1,18,-17,1,0,116.0,107.0,1.0,1
3063,0022300691,2024-02-02,2023-24,Regular Season,122,133,18,22,IND,SAC,117.7,116.82,120.18,100.4,0.4816,0.361,1.0,0.4,123.0,,118.1,117.62,115.94,99.13,0.4876,0.3582,1.0,0.4,117.25,,1.27,5,2,3,0,0,126.0,121.0,1.0,1
3064,0022300696,2024-02-02,2023-24,Regular Season,113,114,23,4,SAS,NOP,112.5,111.22,117.92,101.2,0.4794,0.3339,1.0,0.3,110.8,,116.7,117.56,118.65,99.4,0.4856,0.3619,1.0,0.4,115.0,,1.8,2,2,0,0,0,108.0,133.5,0.0,2
3072,0022300692,2024-02-02,2023-24,Regular Season,135,106,9,25,HOU,TOR,116.3,113.14,116.12,100.84,0.4605,0.304,1.0,0.3,119.8,,111.0,112.19,119.32,99.05,0.469,0.3641,1.0,0.2,115.2,,1.79,2,3,-1,0,0,116.3,111.0,0.5,0
3070,0022300697,2024-02-02,2023-24,Regular Season,120,108,7,21,DEN,POR,110.0,115.07,115.15,95.65,0.4956,0.3463,1.0,0.7,116.5,,114.0,115.66,117.26,97.81,0.4752,0.3653,1.0,0.5,114.0,,2.16,4,7,-3,0,0,110.0,114.0,0.5,0
3065,0022300690,2024-02-02,2023-24,Regular Season,129,120,1,20,ATL,PHX,114.4,111.4,117.07,102.8,0.4461,0.3415,1.0,0.5,116.57,,121.6,122.63,114.91,99.4,0.5529,0.4002,1.0,0.8,123.57,,3.4,3,2,1,0,0,114.4,121.6,0.5,0
3059,0022300698,2024-02-03,2023-24,Regular Season,121,136,19,15,PHI,BKN,116.9,120.24,120.76,97.3,0.4869,0.3408,1.0,0.6,127.67,,111.4,112.86,112.31,97.69,0.4685,0.3562,1.0,0.3,112.25,,0.39,12,13,-1,0,0,121.0,99.0,1.0,1
3060,0022300701,2024-02-03,2023-24,Regular Season,105,113,16,11,NYK,LAL,113.7,120.18,105.42,94.7,0.4745,0.3549,1.0,0.9,114.5,,124.2,118.46,117.68,102.81,0.5068,0.4105,1.0,0.6,123.2,,8.11,2,2,0,0,0,114.0,109.0,1.0,1
3061,0022300700,2024-02-03,2023-24,Regular Season,115,123,5,22,CHI,SAC,115.8,118.17,117.33,98.0,0.5066,0.3521,1.0,0.5,121.0,,119.1,116.76,116.71,100.63,0.4926,0.3593,1.0,0.4,118.5,,2.63,4,1,3,0,1,115.8,119.1,0.5,0
3057,0022300699,2024-02-03,2023-24,Regular Season,141,134,1,8,ATL,GSW,117.4,114.53,116.74,102.55,0.4633,0.3526,1.0,0.6,120.86,,123.9,121.78,123.25,99.61,0.5069,0.3991,1.0,0.5,121.5,,2.94,1,1,0,1,1,112.0,134.0,0.0,1
3062,0022300702,2024-02-03,2023-24,Regular Season,117,129,6,13,DAL,MIL,117.1,117.93,126.29,99.15,0.4846,0.3799,1.0,0.4,118.0,,122.0,117.61,117.88,102.43,0.4845,0.3695,1.0,0.6,116.2,,3.28,5,3,2,0,0,125.0,132.0,0.0,1
3058,0022300703,2024-02-03,2023-24,Regular Season,101,117,23,3,SAS,CLE,113.9,113.63,119.55,100.1,0.4873,0.3333,1.0,0.3,111.17,,117.9,118.72,104.53,99.4,0.4872,0.3772,1.0,0.9,115.6,,0.7,1,2,-1,1,0,115.0,117.0,0.0,1
3050,0022300704,2024-02-04,2023-24,Regular Season,99,111,29,17,DET,ORL,118.7,118.03,119.86,100.65,0.4982,0.4058,1.0,0.3,117.13,,107.9,113.25,112.84,95.4,0.4659,0.3479,1.0,0.5,108.83,,5.25,2,2,0,0,0,91.0,123.0,0.0,1
3053,0022300708,2024-02-04,2023-24,Regular Season,95,103,12,10,MIA,LAC,103.3,107.23,117.44,95.44,0.4313,0.3345,1.0,0.3,106.8,,122.4,124.76,115.4,98.05,0.5109,0.4142,1.0,0.8,120.57,,2.61,4,2,2,0,0,104.0,121.0,0.0,1
3055,0022300711,2024-02-04,2023-24,Regular Season,123,108,26,13,UTA,MIL,124.1,121.0,124.05,101.32,0.4912,0.3638,1.0,0.4,129.25,,122.0,116.74,117.0,103.13,0.487,0.3676,1.0,0.6,118.33,,1.81,3,1,2,0,1,132.0,116.0,1.0,1
3054,0022300710,2024-02-04,2023-24,Regular Season,135,127,24,25,OKC,TOR,114.7,115.88,110.65,98.85,0.4915,0.388,1.0,0.7,110.75,,109.6,109.69,118.93,100.05,0.4582,0.3574,1.0,0.2,112.4,,1.2,2,2,0,0,0,114.7,109.6,0.5,0
3049,0022300706,2024-02-04,2023-24,Regular Season,131,91,2,27,BOS,MEM,114.8,117.62,111.14,97.9,0.4668,0.3865,1.0,0.7,110.83,,104.1,106.73,112.53,97.7,0.4289,0.366,1.0,0.4,104.4,,0.2,3,7,-4,0,0,102.0,100.0,1.0,1
3052,0022300705,2024-02-04,2023-24,Regular Season,112,140,28,20,WAS,PHX,111.9,110.06,115.76,101.8,0.4654,0.3298,1.0,0.2,110.57,,120.9,121.14,115.6,99.95,0.5458,0.3916,1.0,0.7,122.57,,1.85,2,2,0,0,0,108.0,112.0,0.0,1
3051,0022300709,2024-02-04,2023-24,Regular Season,111,90,14,9,MIN,HOU,112.4,115.41,109.48,97.1,0.4982,0.4273,1.0,0.6,113.4,,118.5,115.42,112.57,100.69,0.4792,0.3162,1.0,0.4,112.75,,3.59,2,8,-6,0,0,122.0,95.0,1.0,1
3056,0022300707,2024-02-04,2023-24,Regular Season,99,115,30,18,CHA,IND,109.3,111.41,124.08,98.0,0.468,0.385,1.0,0.2,106.83,,119.4,117.62,119.2,101.25,0.4957,0.3665,1.0,0.4,116.0,,3.25,4,3,1,0,0,113.0,144.0,0.0,1
3048,0022300712,2024-02-04,2023-24,Regular Season,112,103,7,21,DEN,POR,109.5,115.73,115.83,94.7,0.4905,0.3372,1.0,0.7,115.25,,113.2,115.57,116.93,97.36,0.4766,0.3534,1.0,0.5,112.8,,2.66,2,2,0,0,0,120.0,108.0,1.0,1
3047,0022300715,2024-02-05,2023-24,Regular Season,102,118,19,6,PHI,DAL,116.6,119.44,122.11,97.8,0.4845,0.3338,1.0,0.5,126.67,,116.0,116.17,126.05,99.75,0.484,0.3794,1.0,0.3,115.0,,1.95,2,5,-3,0,0,116.6,116.0,0.5,0
3046,0022300713,2024-02-05,2023-24,Regular Season,118,124,30,11,CHA,LAL,108.0,109.84,121.95,98.25,0.4645,0.3704,1.0,0.2,105.71,,124.3,119.18,118.47,102.21,0.5032,0.4159,1.0,0.6,121.5,,3.96,1,2,-1,1,0,112.0,133.0,0.0,1
3045,0022300714,2024-02-05,2023-24,Regular Season,136,110,3,22,CLE,SAC,118.5,119.31,104.33,99.45,0.4956,0.3772,1.0,0.9,122.5,,122.1,118.67,115.89,101.63,0.5089,0.3767,1.0,0.5,122.25,,2.18,5,2,3,0,0,118.5,122.1,0.5,0
3044,0022300718,2024-02-05,2023-24,Regular Season,138,100,4,25,NOP,TOR,116.8,118.0,117.68,99.15,0.4868,0.3494,1.0,0.5,119.25,,111.0,110.37,117.71,98.62,0.4625,0.3474,1.0,0.2,115.2,,0.53,10,1,9,0,1,116.8,111.0,0.5,0
3043,0022300716,2024-02-05,2023-24,Regular Season,144,149,1,10,ATL,LAC,120.6,116.69,119.29,102.11,0.4685,0.351,1.0,0.6,125.43,,119.9,122.27,113.0,97.95,0.5,0.4068,1.0,0.8,117.0,,4.16,2,1,1,0,1,120.6,119.9,0.5,0
3042,0022300717,2024-02-05,2023-24,Regular Season,98,109,15,8,BKN,GSW,114.8,115.99,113.3,97.79,0.475,0.3658,1.0,0.4,110.83,,125.5,121.29,121.98,100.27,0.5065,0.4008,1.0,0.5,124.0,,2.48,5,2,3,0,0,120.0,124.0,0.0,1
3041,0022300724,2024-02-06,2023-24,Regular Season,124,117,26,24,UTA,OKC,123.2,120.96,122.95,100.72,0.4943,0.37,1.0,0.4,127.0,,116.5,116.29,108.76,98.27,0.4882,0.3774,1.0,0.8,117.4,,2.45,2,9,-7,0,0,124.5,134.0,0.0,2
3036,0022300723,2024-02-06,2023-24,Regular Season,129,123,5,14,CHI,MIN,114.2,115.51,114.64,98.85,0.4947,0.3395,1.0,0.5,115.67,,111.1,114.03,106.69,97.2,0.4921,0.414,1.0,0.6,108.25,,1.65,3,8,-5,0,0,114.2,111.1,0.5,0
3038,0022300725,2024-02-06,2023-24,Regular Season,114,106,20,13,PHX,MIL,123.0,122.67,114.61,100.4,0.5578,0.3897,1.0,0.7,116.0,,118.5,114.89,116.84,102.85,0.4812,0.3577,1.0,0.5,116.86,,2.45,15,2,13,0,0,123.0,118.5,0.5,0
3035,0022300720,2024-02-06,2023-24,Regular Season,107,119,15,6,BKN,DAL,115.1,116.68,115.13,98.3,0.4789,0.375,1.0,0.4,111.33,,117.0,116.72,123.74,100.2,0.4872,0.3823,1.0,0.4,115.75,,1.9,1,1,0,1,1,115.1,117.0,0.5,0
3039,0022300722,2024-02-06,2023-24,Regular Season,123,113,16,27,NYK,MEM,114.8,120.79,106.17,95.3,0.4757,0.351,1.0,0.9,115.88,,101.6,104.16,114.78,97.8,0.4297,0.3579,1.0,0.3,102.17,,2.5,3,2,1,0,0,106.0,94.0,1.0,1
3037,0022300719,2024-02-06,2023-24,Regular Season,132,129,18,9,IND,HOU,118.3,116.64,117.2,101.1,0.4895,0.3604,1.0,0.4,122.8,,116.0,112.35,110.57,101.24,0.4644,0.3199,1.0,0.4,106.5,,0.14,4,2,2,0,0,123.0,117.0,1.0,1
3040,0022300721,2024-02-06,2023-24,Regular Season,121,95,12,17,MIA,ORL,103.2,107.82,118.97,95.7,0.4352,0.3354,1.0,0.2,104.83,,109.2,113.53,112.69,96.15,0.4748,0.362,1.0,0.5,111.0,,0.45,2,2,0,0,0,100.33333333333333,102.33333333333333,0.6666666666666666,3
3029,0022300727,2024-02-07,2023-24,Regular Season,104,127,19,8,PHI,GSW,114.2,116.56,121.25,98.15,0.4709,0.313,1.0,0.4,118.67,,125.9,122.03,117.74,100.07,0.5089,0.3882,1.0,0.6,121.5,,1.92,2,2,0,0,0,107.0,119.0,0.0,1
3034,0022300726,2024-02-07,2023-24,Regular Season,117,123,30,25,CHA,TOR,107.4,108.19,121.06,99.25,0.4575,0.3558,1.0,0.1,104.86,,111.4,111.27,121.29,98.27,0.4701,0.3672,1.0,0.2,112.67,,0.98,2,2,0,0,0,109.0,115.0,0.5,2
3033,0022300731,2024-02-07,2023-24,Regular Season,106,117,10,4,LAC,NOP,124.3,125.45,115.26,98.95,0.515,0.4232,1.0,0.9,126.67,,118.8,119.25,116.25,99.7,0.4884,0.3516,1.0,0.5,114.6,,0.75,15,5,10,0,0,108.5,105.5,0.5,2
3032,0022300729,2024-02-07,2023-24,Regular Season,125,117,2,1,BOS,ATL,117.4,119.96,110.65,98.0,0.4751,0.3828,1.0,0.7,113.71,,124.4,119.63,123.04,102.76,0.4709,0.3703,1.0,0.5,109.33,,4.76,3,14,-11,0,0,113.0,103.0,1.0,1
3031,0022300732,2024-02-07,2023-24,Regular Season,120,133,22,29,SAC,DET,118.9,117.43,116.98,101.2,0.5027,0.3738,1.0,0.5,121.5,,117.6,117.45,120.23,100.2,0.4932,0.3973,1.0,0.3,125.0,,1.0,16,7,9,0,0,131.0,110.0,1.0,1
3030,0022300728,2024-02-07,2023-24,Regular Season,106,114,28,3,WAS,CLE,111.4,108.37,115.68,102.8,0.4681,0.3054,1.0,0.2,109.86,,121.2,122.04,106.36,99.4,0.5125,0.3982,1.0,0.9,115.83,,3.4,3,4,-1,0,0,95.5,127.0,0.0,2
3028,0022300730,2024-02-07,2023-24,Regular Season,116,104,12,23,MIA,SAS,105.6,109.85,115.75,96.1,0.4436,0.3501,1.0,0.3,107.14,,114.2,113.63,119.19,100.4,0.4821,0.3427,1.0,0.3,124.67,,4.3,1,16,-15,1,0,105.6,114.2,0.5,0
3020,0022300740,2024-02-08,2023-24,Regular Season,106,114,11,7,LAL,DEN,124.0,118.09,118.82,102.76,0.5056,0.3965,1.0,0.6,129.0,,109.0,116.47,116.5,93.65,0.4745,0.3301,1.0,0.7,105.67,,9.11,14,8,6,0,0,124.0,109.0,0.5,0
3026,0022300735,2024-02-08,2023-24,Regular Season,95,118,15,3,BKN,CLE,115.5,115.94,115.23,99.35,0.4761,0.3719,1.0,0.4,110.71,,119.1,119.58,107.25,99.65,0.5023,0.3896,1.0,0.9,115.57,,0.3,2,1,1,0,1,102.0,111.0,0.0,1
3019,0022300734,2024-02-08,2023-24,Regular Season,127,111,17,23,ORL,SAS,108.3,112.6,114.0,96.25,0.4743,0.362,1.0,0.5,106.5,,112.6,111.46,117.56,101.0,0.4717,0.3282,1.0,0.3,119.33,,4.75,11,1,10,0,1,108.0,98.0,1.0,1
3021,0022300733,2024-02-08,2023-24,Regular Season,109,131,18,8,IND,GSW,120.0,118.8,118.3,100.9,0.5094,0.3647,1.0,0.5,124.33,,124.6,120.07,114.33,100.62,0.5068,0.3877,1.0,0.6,119.33,,0.28,2,1,1,0,1,120.0,124.6,0.5,0
3022,0022300736,2024-02-08,2023-24,Regular Season,108,122,16,6,NYK,DAL,116.2,122.13,108.17,95.35,0.4867,0.3566,1.0,0.9,117.63,,116.4,115.86,122.44,100.3,0.4918,0.3846,1.0,0.4,116.4,,4.95,2,2,0,0,0,124.0,128.0,0.0,1
3023,0022300738,2024-02-08,2023-24,Regular Season,105,129,13,14,MIL,MIN,119.6,115.89,114.38,103.05,0.4845,0.3616,1.0,0.5,122.33,,111.6,113.57,108.13,97.11,0.4829,0.4155,1.0,0.5,111.2,,5.94,12,2,10,0,0,119.6,111.6,0.5,0
3025,0022300739,2024-02-08,2023-24,Regular Season,129,115,20,26,PHX,UTA,122.1,121.79,114.32,100.4,0.5589,0.3817,1.0,0.7,115.33,,122.4,120.42,124.6,100.42,0.4904,0.366,1.0,0.4,120.67,,0.02,2,9,-7,0,0,135.5,132.5,1.0,2
3027,0022300737,2024-02-08,2023-24,Regular Season,110,118,27,5,MEM,CHI,102.6,105.32,115.3,97.75,0.4351,0.3735,1.0,0.3,100.75,,114.9,115.48,114.75,98.41,0.492,0.3354,1.0,0.5,112.17,,0.66,6,8,-2,0,0,96.0,125.0,0.0,1
3024,0022300741,2024-02-08,2023-24,Regular Season,122,128,21,29,POR,DET,113.0,115.34,117.93,97.36,0.4737,0.3556,1.0,0.4,115.75,,118.0,117.59,119.93,100.55,0.4936,0.4134,1.0,0.3,127.0,,3.19,8,1,7,0,1,113.0,118.0,0.5,0
3017,0022300742,2024-02-09,2023-24,Regular Season,121,127,19,1,PHI,ATL,112.2,113.47,121.86,99.1,0.4644,0.2947,1.0,0.3,115.0,,125.2,119.32,123.69,103.71,0.4671,0.3591,1.0,0.4,112.0,,4.61,2,2,0,0,0,127.66666666666667,123.0,0.6666666666666666,3
3016,0022300747,2024-02-09,2023-24,Regular Season,139,122,11,4,LAL,NOP,123.4,118.16,117.7,102.26,0.5073,0.3921,1.0,0.6,127.0,,118.5,119.07,114.2,99.7,0.4912,0.3587,1.0,0.6,114.0,,2.56,1,2,-1,1,0,121.0,109.0,0.5,2
3015,0022300746,2024-02-09,2023-24,Regular Season,135,106,22,7,SAC,DEN,119.2,117.83,118.73,101.0,0.5001,0.3629,1.0,0.5,121.0,,108.3,115.2,114.26,93.9,0.4724,0.3325,1.0,0.8,104.5,,7.1,2,1,1,0,1,123.0,117.0,1.0,1
3014,0022300743,2024-02-09,2023-24,Regular Season,133,129,2,28,BOS,WAS,118.2,119.92,111.69,98.75,0.4811,0.3701,1.0,0.7,114.86,,111.1,108.28,115.89,102.65,0.4672,0.3131,1.0,0.2,118.0,,3.9,2,11,-9,0,0,118.2,111.1,0.5,0
3013,0022300744,2024-02-09,2023-24,Regular Season,107,104,25,9,TOR,HOU,111.6,110.94,123.16,98.57,0.4721,0.3661,1.0,0.2,105.67,,119.5,115.36,112.43,101.69,0.4742,0.3412,1.0,0.4,115.25,,3.12,14,3,11,0,0,106.0,135.0,0.0,1
3018,0022300745,2024-02-09,2023-24,Regular Season,120,84,13,30,MIL,CHA,116.0,114.62,116.17,101.2,0.4786,0.3665,1.0,0.4,118.0,,110.2,111.3,123.84,99.1,0.4652,0.3725,1.0,0.1,113.33,,2.1,1,7,-6,1,0,130.0,99.0,1.0,1
3010,0022300758,2024-02-10,2023-24,Regular Season,84,93,21,4,POR,NOP,113.4,115.05,118.95,96.77,0.4698,0.359,1.0,0.3,116.75,,117.5,117.4,116.29,100.2,0.4929,0.3434,1.0,0.5,115.33,,3.43,2,1,1,0,1,113.4,117.5,0.5,0
3007,0022300755,2024-02-10,2023-24,Regular Season,111,125,16,18,NYK,IND,115.7,122.53,110.4,94.55,0.4861,0.3602,1.0,0.8,117.0,,119.9,118.59,119.7,100.95,0.5139,0.3582,1.0,0.5,114.67,,6.4,2,6,-4,0,0,117.5,122.5,0.5,2
3006,0022300751,2024-02-10,2023-24,Regular Season,115,106,30,27,CHA,MEM,105.8,106.98,123.46,99.0,0.4426,0.3588,1.0,0.0,108.86,,104.0,107.32,114.96,97.35,0.4386,0.3816,1.0,0.3,105.4,,1.65,3,4,-1,0,0,105.8,104.0,0.5,0
3005,0022300749,2024-02-10,2023-24,Regular Season,112,106,10,29,LAC,DET,122.1,122.4,114.63,99.5,0.5072,0.4142,1.0,0.8,119.33,,119.1,118.08,119.28,100.01,0.4903,0.434,1.0,0.4,127.33,,0.51,3,2,1,0,0,136.0,125.0,1.0,1
3002,0022300748,2024-02-10,2023-24,Regular Season,146,111,6,24,DAL,OKC,117.6,117.79,121.24,99.7,0.498,0.4,1.0,0.5,116.4,,114.8,115.47,109.0,97.62,0.4802,0.385,1.0,0.7,114.0,,2.08,7,4,3,0,0,120.0,126.0,0.0,1
3008,0022300752,2024-02-10,2023-24,Regular Season,114,108,17,5,ORL,CHI,110.1,113.84,112.02,96.75,0.4867,0.3778,1.0,0.6,111.0,,117.6,118.71,115.44,97.96,0.5042,0.3535,1.0,0.6,116.67,,1.21,2,2,0,0,0,99.5,95.5,1.0,2
3009,0022300756,2024-02-10,2023-24,Regular Season,95,119,25,3,TOR,CLE,111.3,110.63,121.93,98.57,0.4636,0.3701,1.0,0.3,104.67,,119.3,120.25,107.63,99.25,0.5055,0.3929,1.0,0.9,115.86,,0.68,1,2,-1,1,0,113.0,113.0,0.5,2
3004,0022300750,2024-02-10,2023-24,Regular Season,123,103,15,23,BKN,SAS,112.0,112.73,116.3,99.0,0.4633,0.3715,1.0,0.3,108.75,,110.6,110.54,118.76,100.05,0.4705,0.3209,1.0,0.2,112.67,,1.05,2,2,0,0,0,112.0,110.6,0.5,0
3011,0022300757,2024-02-10,2023-24,Regular Season,113,112,8,20,GSW,PHX,125.9,121.25,112.07,100.77,0.5147,0.3991,1.0,0.7,132.5,,123.3,122.74,114.38,100.7,0.5607,0.398,1.0,0.7,125.0,,0.07,11,6,5,0,0,115.5,121.0,0.0,2
3012,0022300754,2024-02-10,2023-24,Regular Season,122,113,1,9,ATL,HOU,128.4,122.74,124.3,103.56,0.4792,0.3746,1.0,0.5,136.83,,117.2,114.21,112.01,101.56,0.4762,0.3474,1.0,0.3,113.0,,2.0,5,1,4,0,1,134.0,127.0,1.0,1
3003,0022300753,2024-02-10,2023-24,Regular Season,113,119,28,19,WAS,PHI,111.3,108.25,115.74,102.9,0.467,0.3247,1.0,0.2,106.86,,114.6,115.67,125.61,99.25,0.4649,0.308,1.0,0.2,113.0,,3.65,3,9,-6,0,0,113.5,138.5,0.0,2
3001,0022300760,2024-02-11,2023-24,Regular Season,127,113,24,22,OKC,SAC,115.7,115.31,112.87,98.52,0.4795,0.3879,1.0,0.6,115.6,,120.6,118.84,116.42,101.3,0.5069,0.3724,1.0,0.6,118.43,,2.78,7,6,1,0,0,123.0,128.0,0.0,1
3000,0022300759,2024-02-11,2023-24,Regular Season,106,110,12,2,MIA,BOS,106.4,109.75,114.6,96.8,0.4467,0.343,1.0,0.4,108.29,,121.5,120.27,111.56,101.2,0.4906,0.3707,1.0,0.8,126.0,,4.4,4,17,-13,0,0,110.0,143.0,0.0,1
2999,0022300762,2024-02-12,2023-24,Regular Season,121,123,3,19,CLE,PHI,118.6,119.63,107.09,99.25,0.5014,0.3744,1.0,0.9,127.33,,113.2,113.33,123.95,99.95,0.4634,0.3126,1.0,0.2,114.0,,0.7,7,2,5,0,0,122.0,119.0,1.0,1
2993,0022300770,2024-02-12,2023-24,Regular Season,100,121,10,14,LAC,MIN,120.8,120.89,113.63,99.7,0.5017,0.3975,1.0,0.8,115.0,,114.8,117.85,109.17,96.46,0.4968,0.4289,1.0,0.6,114.17,,3.24,2,4,-2,0,0,105.0,109.0,0.0,1
2994,0022300768,2024-02-12,2023-24,Regular Season,112,104,6,28,DAL,WAS,121.2,120.56,119.81,100.3,0.5119,0.4045,1.0,0.6,123.6,,112.2,108.4,115.67,103.55,0.4729,0.3322,1.0,0.2,121.67,,3.25,2,3,-1,0,0,130.0,117.0,1.0,1
2997,0022300763,2024-02-12,2023-24,Regular Season,126,136,1,5,ATL,CHI,129.9,123.97,123.22,103.76,0.486,0.3737,1.0,0.6,134.71,,116.8,118.36,115.98,96.81,0.4949,0.3609,1.0,0.5,115.33,,6.95,2,2,0,0,0,113.0,118.0,0.0,1
2996,0022300761,2024-02-12,2023-24,Regular Season,111,102,30,18,CHA,IND,106.7,107.78,122.98,98.95,0.4562,0.3709,1.0,0.1,109.63,,121.5,120.0,118.67,101.35,0.5255,0.3827,1.0,0.6,117.25,,2.4,2,2,0,0,0,106.0,129.5,0.0,2
2992,0022300764,2024-02-12,2023-24,Regular Season,99,122,25,23,TOR,SAS,110.8,110.94,122.51,97.67,0.4625,0.3667,1.0,0.3,102.25,,108.6,109.08,118.14,99.65,0.4639,0.3216,1.0,0.2,106.0,,1.98,2,2,0,0,0,110.8,108.6,0.5,0
2991,0022300767,2024-02-12,2023-24,Regular Season,112,95,13,7,MIL,DEN,115.8,115.01,113.68,100.75,0.4775,0.3755,1.0,0.4,118.4,,108.7,113.63,115.74,95.6,0.4668,0.3412,1.0,0.7,105.17,,5.15,3,3,0,0,0,107.0,113.0,0.0,1
2990,0022300769,2024-02-12,2023-24,Regular Season,107,129,26,8,UTA,GSW,121.0,119.3,124.49,100.17,0.4857,0.3597,1.0,0.4,123.67,,126.5,121.42,111.25,101.17,0.5104,0.4083,1.0,0.8,124.4,,1.0,6,4,2,0,0,121.0,126.5,0.5,0
2995,0022300766,2024-02-12,2023-24,Regular Season,87,96,27,4,MEM,NOP,103.8,106.88,116.05,97.65,0.439,0.3798,1.0,0.2,102.6,,115.9,117.3,114.0,98.7,0.4962,0.3566,1.0,0.6,112.14,,1.05,4,2,2,0,0,115.5,114.0,1.0,2
2998,0022300765,2024-02-12,2023-24,Regular Season,105,103,9,16,HOU,NYK,117.8,114.78,112.58,101.56,0.4766,0.349,1.0,0.3,125.0,,114.2,121.28,113.36,94.25,0.4792,0.3556,1.0,0.7,110.5,,7.31,10,14,-4,0,0,94.0,109.0,0.0,1
2987,0022300774,2024-02-13,2023-24,Regular Season,130,125,20,22,PHX,SAC,123.0,121.3,113.37,101.65,0.5546,0.3892,1.0,0.6,121.5,,119.7,118.3,118.73,101.0,0.5096,0.3789,1.0,0.5,117.75,,0.65,5,2,3,0,0,110.0,117.0,0.3333333333333333,3
2989,0022300776,2024-02-13,2023-24,Regular Season,125,111,11,29,LAL,DET,123.9,118.78,118.89,102.21,0.5083,0.3979,1.0,0.6,128.67,,116.2,115.98,117.21,99.41,0.4876,0.4072,1.0,0.4,122.0,,2.8,4,3,1,0,0,133.0,107.0,1.0,1
2988,0022300771,2024-02-13,2023-24,Regular Season,110,118,15,2,BKN,BOS,112.9,114.39,114.88,98.35,0.4707,0.3856,1.0,0.4,110.33,,120.9,121.31,113.02,99.8,0.4973,0.3755,1.0,0.8,124.0,,1.45,3,2,1,0,0,112.9,120.9,0.5,0
2986,0022300773,2024-02-13,2023-24,Regular Season,97,123,13,12,MIL,MIA,114.4,114.33,112.22,100.15,0.4775,0.3847,1.0,0.4,115.6,,108.3,111.84,115.15,96.8,0.4504,0.3406,1.0,0.4,109.5,,3.35,1,11,-10,1,0,131.0,124.0,1.0,1
2985,0022300772,2024-02-13,2023-24,Regular Season,113,127,17,24,ORL,OKC,111.0,114.18,113.95,96.25,0.4859,0.379,1.0,0.6,113.25,,117.3,117.13,113.38,98.37,0.4853,0.4056,1.0,0.6,115.8,,2.12,3,3,0,0,0,100.0,112.0,0.0,1
2984,0022300775,2024-02-13,2023-24,Regular Season,109,121,21,14,POR,MIN,110.8,113.93,116.5,95.27,0.4665,0.3566,1.0,0.3,110.2,,114.4,118.09,106.79,96.01,0.4979,0.4174,1.0,0.7,115.14,,0.74,3,1,2,0,1,93.0,116.0,0.0,1
2983,0022300783,2024-02-14,2023-24,Regular Season,121,113,27,9,MEM,HOU,102.0,105.33,116.45,97.3,0.436,0.3599,1.0,0.1,100.0,,115.2,113.47,110.73,101.35,0.4684,0.3542,1.0,0.4,113.0,,4.05,2,4,-2,0,0,97.0,110.33333333333333,0.0,3
2977,0022300781,2024-02-14,2023-24,Regular Season,108,105,3,5,CLE,CHI,119.1,121.08,107.67,98.5,0.4987,0.3753,1.0,0.9,125.75,,117.9,118.43,118.4,97.46,0.4987,0.3649,1.0,0.5,118.29,,1.04,2,2,0,0,0,109.0,93.0,1.0,2
2976,0022300780,2024-02-14,2023-24,Regular Season,136,86,2,15,BOS,BKN,120.8,121.7,113.48,99.4,0.5025,0.3834,1.0,0.8,119.57,,113.6,114.65,115.56,98.7,0.4759,0.3954,1.0,0.4,136.0,,0.7,5,11,-6,0,0,118.0,110.0,1.0,1
2974,0022300789,2024-02-14,2023-24,Regular Season,125,130,8,10,GSW,LAC,126.0,120.44,110.24,101.62,0.5024,0.4053,1.0,0.8,127.25,,118.1,118.74,114.88,99.15,0.4831,0.3777,1.0,0.7,123.29,,2.47,4,9,-5,0,0,115.0,116.0,0.3333333333333333,3
2973,0022300782,2024-02-14,2023-24,Regular Season,125,127,25,18,TOR,IND,110.7,109.58,122.33,99.02,0.458,0.3577,1.0,0.3,102.0,,118.3,117.79,118.37,100.6,0.5191,0.3665,1.0,0.5,114.2,,1.58,2,2,0,0,0,132.0,131.0,1.0,1
2972,0022300788,2024-02-14,2023-24,Regular Season,122,138,26,11,UTA,LAL,119.1,118.04,125.02,100.8,0.4846,0.3639,1.0,0.4,119.5,,124.8,119.19,116.79,102.66,0.5106,0.4035,1.0,0.7,122.83,,1.86,2,9,-7,0,0,115.5,128.0,0.5,2
2982,0022300787,2024-02-14,2023-24,Regular Season,116,100,20,29,PHX,DET,122.8,120.23,114.49,102.2,0.5464,0.3899,1.0,0.6,124.33,,116.0,115.48,117.38,99.6,0.4844,0.4025,1.0,0.4,119.8,,2.6,1,1,0,1,1,122.8,116.0,0.5,0
2975,0022300779,2024-02-14,2023-24,Regular Season,104,109,19,12,PHI,MIA,113.3,114.74,124.14,98.8,0.4696,0.3308,1.0,0.3,112.0,,111.0,114.42,114.14,96.95,0.4619,0.3557,1.0,0.5,114.0,,1.85,5,1,4,0,1,113.0,119.0,0.0,1
2981,0022300786,2024-02-14,2023-24,Regular Season,98,102,7,22,DEN,SAC,106.9,112.02,116.68,95.45,0.4562,0.3323,1.0,0.6,114.0,,118.8,116.65,117.28,101.75,0.5085,0.3621,1.0,0.5,116.63,,6.3,10,1,9,0,1,111.5,129.0,0.0,2
2980,0022300777,2024-02-14,2023-24,Regular Season,122,99,30,1,CHA,ATL,107.4,108.68,119.52,98.8,0.4687,0.3693,1.0,0.2,110.5,,131.3,124.89,122.78,104.21,0.4913,0.3737,1.0,0.6,122.0,,5.41,2,5,-3,0,0,107.4,131.3,0.5,0
2979,0022300778,2024-02-14,2023-24,Regular Season,118,100,17,16,ORL,NYK,112.4,114.5,112.73,97.25,0.4851,0.3717,1.0,0.6,116.75,,113.7,120.87,113.45,94.25,0.4784,0.3544,1.0,0.6,108.0,,3.0,1,2,-1,1,0,107.5,101.0,1.0,2
2978,0022300785,2024-02-14,2023-24,Regular Season,116,93,6,23,DAL,SAS,121.5,119.84,116.02,101.3,0.5106,0.39,1.0,0.7,124.2,,109.4,109.09,113.72,100.25,0.4668,0.3302,1.0,0.3,110.0,,1.05,2,2,0,0,0,144.0,119.0,1.0,1
2971,0022300784,2024-02-14,2023-24,Regular Season,133,126,4,28,NOP,WAS,110.2,112.73,111.36,97.75,0.4795,0.3437,1.0,0.6,110.5,,111.9,107.75,114.61,104.0,0.4663,0.3124,1.0,0.2,117.25,,6.25,9,2,7,0,0,142.0,122.0,1.0,1
2968,0022300790,2024-02-15,2023-24,Regular Season,113,110,27,13,MEM,MIL,103.4,106.05,116.47,97.9,0.4387,0.3662,1.0,0.1,102.33,,114.1,114.13,113.53,100.0,0.4819,0.3798,1.0,0.4,113.2,,2.1,1,9,-8,1,0,103.4,114.1,0.5,0
2969,0022300576,2024-02-15,2023-24,Regular Season,137,140,26,8,UTA,GSW,118.9,118.18,124.11,100.45,0.4864,0.3617,1.0,0.4,120.0,,125.2,118.75,109.19,102.22,0.4922,0.3922,1.0,0.7,125.17,,1.77,1,3,-2,1,0,107.0,129.0,0.0,1
2970,0022300791,2024-02-15,2023-24,Regular Season,91,128,21,14,POR,MIN,110.8,114.15,117.72,95.07,0.4683,0.3483,1.0,0.3,110.0,,114.7,118.95,107.61,95.46,0.5023,0.4287,1.0,0.7,115.57,,0.39,2,2,0,0,0,101.0,118.5,0.0,2
2956,0022300797,2024-02-22,2023-24,Regular Season,112,129,5,2,CHI,BOS,117.1,117.6,117.66,97.46,0.4961,0.3695,1.0,0.5,117.0,,120.1,121.42,110.95,99.25,0.4958,0.3773,1.0,0.8,114.0,,1.79,16,9,7,0,0,97.0,124.0,0.0,1
2964,0022300799,2024-02-22,2023-24,Regular Season,129,107,24,10,OKC,LAC,116.0,115.87,113.17,98.42,0.4838,0.4012,1.0,0.6,118.8,,118.4,118.79,116.31,99.4,0.4826,0.3838,1.0,0.7,123.71,,0.98,11,8,3,0,0,125.5,121.5,0.5,2
2957,0022300792,2024-02-22,2023-24,Regular Season,109,116,3,17,CLE,ORL,118.7,121.58,108.81,97.8,0.5056,0.3688,1.0,0.9,122.2,,113.6,116.94,113.11,96.4,0.5014,0.3914,1.0,0.7,110.2,,1.4,8,16,-8,0,0,113.66666666666667,104.66666666666667,0.6666666666666666,3
2966,0022300796,2024-02-22,2023-24,Regular Season,123,113,6,20,DAL,PHX,118.3,117.03,111.69,101.0,0.5039,0.3724,1.0,0.7,122.83,,121.3,118.2,110.91,102.75,0.5346,0.3789,1.0,0.7,120.67,,1.75,8,12,-4,0,0,118.5,123.0,0.5,2
2967,0022300793,2024-02-22,2023-24,Regular Season,129,115,18,29,IND,DET,117.7,117.1,117.79,100.65,0.5144,0.3772,1.0,0.5,119.75,,114.7,113.16,117.01,100.8,0.4728,0.39,1.0,0.3,116.5,,0.15,14,8,6,0,0,133.5,118.0,1.0,2
2965,0022300798,2024-02-22,2023-24,Regular Season,127,105,4,9,NOP,HOU,115.2,117.14,112.78,98.2,0.4967,0.35,1.0,0.7,135.5,,112.7,111.11,112.63,101.2,0.4534,0.3454,1.0,0.3,108.83,,3.0,8,8,0,0,0,107.0,102.5,0.5,2
2962,0022300800,2024-02-22,2023-24,Regular Season,130,110,7,28,DEN,WAS,105.3,109.59,115.33,96.1,0.4455,0.3336,1.0,0.5,110.8,,113.7,109.49,115.46,104.05,0.4652,0.3358,1.0,0.2,119.0,,7.95,8,8,0,0,0,113.0,104.0,1.0,1
2960,0022300795,2024-02-22,2023-24,Regular Season,121,93,25,15,TOR,BKN,112.5,110.89,121.74,99.47,0.4632,0.362,1.0,0.3,106.5,,112.8,113.48,119.75,98.9,0.4687,0.3974,1.0,0.4,111.0,,0.57,8,8,0,0,0,103.0,115.0,0.0,1
2961,0022300801,2024-02-22,2023-24,Regular Season,107,115,26,30,UTA,CHA,120.3,119.41,127.21,100.5,0.4811,0.3647,1.0,0.3,122.83,,107.4,109.05,116.22,98.55,0.467,0.3692,1.0,0.3,95.0,,1.95,7,13,-6,0,0,134.0,122.0,1.0,1
2963,0022300794,2024-02-22,2023-24,Regular Season,96,110,19,16,PHI,NYK,113.2,114.28,123.68,99.05,0.4642,0.3321,1.0,0.3,110.4,,111.5,119.37,118.04,93.6,0.4672,0.3528,1.0,0.5,105.33,,5.45,8,8,0,0,0,92.0,128.0,0.0,1
2959,0022300803,2024-02-22,2023-24,Regular Season,127,122,22,23,SAC,SAS,117.0,114.65,115.48,101.9,0.4985,0.3527,1.0,0.5,127.5,,107.1,106.97,115.25,100.2,0.4571,0.3258,1.0,0.2,106.6,,1.7,13,8,5,0,0,129.0,120.0,1.0,1
2958,0022300802,2024-02-22,2023-24,Regular Season,128,110,8,11,GSW,LAL,124.8,121.0,110.94,102.06,0.4993,0.4001,1.0,0.8,119.0,,124.5,119.16,115.81,102.56,0.5068,0.3842,1.0,0.7,125.0,,0.5,8,8,0,0,0,144.0,145.0,0.0,1
2955,0022300813,2024-02-23,2023-24,Regular Season,123,118,11,23,LAL,SAS,121.0,118.63,117.27,102.1,0.5072,0.3795,1.0,0.6,123.33,,108.0,106.77,115.53,101.15,0.4533,0.3265,1.0,0.1,109.17,,0.95,10,1,9,0,1,118.5,124.0,0.5,2
2951,0022300812,2024-02-23,2023-24,Regular Season,112,127,21,7,POR,DEN,106.2,110.02,117.67,95.8,0.4546,0.333,1.0,0.2,107.29,,109.9,112.5,112.26,97.7,0.4604,0.337,1.0,0.6,103.75,,1.9,8,11,-3,0,0,105.5,116.0,0.0,2
2952,0022300806,2024-02-23,2023-24,Regular Season,114,110,9,20,HOU,PHX,112.8,111.21,114.54,101.25,0.4579,0.355,1.0,0.3,118.5,,122.8,119.97,112.19,102.55,0.5266,0.392,1.0,0.7,123.17,,1.3,11,1,10,0,1,113.0,129.0,0.0,1
2954,0022300805,2024-02-23,2023-24,Regular Season,104,97,19,3,PHI,CLE,112.4,113.46,121.62,99.05,0.4636,0.3494,1.0,0.3,108.0,,117.8,121.14,110.29,97.35,0.5125,0.3818,1.0,0.8,115.2,,1.7,1,13,-12,1,0,121.0,121.5,0.5,2
2953,0022300804,2024-02-23,2023-24,Regular Season,121,123,1,25,ATL,TOR,126.9,121.63,121.27,103.36,0.4791,0.3533,1.0,0.6,132.29,,112.1,110.61,118.51,99.42,0.4659,0.3588,1.0,0.4,114.8,,3.94,11,16,-5,0,0,126.33333333333333,121.33333333333333,0.6666666666666666,3
2948,0022300808,2024-02-23,2023-24,Regular Season,107,112,14,13,MIN,MIL,117.9,121.07,106.31,96.46,0.5047,0.4178,1.0,0.7,112.67,,111.0,111.96,113.79,99.35,0.4726,0.3604,1.0,0.3,112.67,,2.89,19,8,11,0,0,129.0,105.0,1.0,1
2950,0022300807,2024-02-23,2023-24,Regular Season,95,101,27,10,MEM,LAC,103.7,105.89,115.28,98.35,0.4454,0.3795,1.0,0.2,103.86,,117.6,117.78,119.18,99.7,0.4837,0.3963,1.0,0.6,122.57,,1.35,8,1,7,0,1,112.5,122.5,0.0,2
2946,0022300811,2024-02-23,2023-24,Regular Season,97,84,8,30,GSW,CHA,125.7,121.66,110.8,102.36,0.4903,0.3953,1.0,0.8,122.0,,109.7,110.44,114.72,99.35,0.4648,0.3824,1.0,0.4,101.67,,3.01,1,1,0,1,1,125.7,109.7,0.5,0
2947,0022300809,2024-02-23,2023-24,Regular Season,147,106,24,28,OKC,WAS,118.2,117.83,115.28,98.67,0.4917,0.4195,1.0,0.6,120.5,,112.9,108.11,117.3,104.65,0.4587,0.3481,1.0,0.1,117.4,,5.98,1,1,0,1,1,136.0,128.0,1.0,1
2949,0022300810,2024-02-23,2023-24,Regular Season,95,106,4,12,NOP,MIA,116.2,118.2,109.72,98.0,0.5017,0.3499,1.0,0.8,132.67,,110.9,114.19,110.07,97.0,0.4649,0.349,1.0,0.6,112.75,,1.0,1,9,-8,1,0,116.2,110.9,0.5,0
2943,0022300814,2024-02-24,2023-24,Regular Season,109,112,29,17,DET,ORL,115.8,113.81,117.73,101.16,0.4821,0.4019,1.0,0.3,114.67,,113.9,118.02,114.83,95.85,0.508,0.4141,1.0,0.7,111.17,,5.31,20,2,18,0,0,95.0,117.0,0.0,2
2944,0022300815,2024-02-24,2023-24,Regular Season,101,86,14,15,MIN,BKN,117.4,119.82,105.46,97.06,0.4916,0.4011,1.0,0.7,111.25,,111.5,112.41,121.71,98.65,0.4614,0.3918,1.0,0.3,105.0,,1.59,1,2,-1,1,0,96.0,94.0,1.0,1
2945,0022300816,2024-02-24,2023-24,Regular Season,102,116,16,2,NYK,BOS,110.0,117.41,116.34,93.9,0.4636,0.3454,1.0,0.5,112.33,,123.4,124.42,110.65,99.4,0.514,0.4012,1.0,0.9,119.0,,5.5,14,2,12,0,0,123.0,133.0,0.0,1
2935,0022300818,2024-02-25,2023-24,Regular Season,123,113,20,11,PHX,LAL,122.0,118.36,112.32,103.25,0.5177,0.3796,1.0,0.6,122.25,,121.4,119.54,116.34,101.55,0.5093,0.3831,1.0,0.7,120.17,,1.7,11,3,8,0,0,115.0,107.5,0.5,2
2938,0022300817,2024-02-25,2023-24,Regular Season,98,119,19,13,PHI,MIL,112.1,113.04,119.48,99.05,0.4621,0.3475,1.0,0.4,107.43,,111.5,112.69,113.41,99.15,0.4768,0.3555,1.0,0.4,113.5,,0.1,2,2,0,0,0,112.1,111.5,0.5,0
2940,0022300820,2024-02-25,2023-24,Regular Season,105,114,28,3,WAS,CLE,111.7,105.95,119.35,105.65,0.4446,0.3358,1.0,0.0,108.4,,114.7,118.08,108.68,97.25,0.5022,0.3771,1.0,0.7,112.17,,8.4,15,2,13,0,0,99.0,122.66666666666667,0.0,3
2941,0022300827,2024-02-25,2023-24,Regular Season,107,123,10,22,LAC,SAC,116.9,117.17,117.02,99.55,0.4802,0.4014,1.0,0.7,106.0,,119.4,116.48,117.87,102.35,0.5032,0.3632,1.0,0.5,116.0,,2.8,13,11,2,0,0,125.0,108.0,1.0,2
2932,0022300825,2024-02-25,2023-24,Regular Season,128,109,26,23,UTA,SAS,117.6,116.93,126.63,100.35,0.4682,0.3463,1.0,0.2,120.57,,108.5,107.15,115.56,101.4,0.4504,0.326,1.0,0.1,110.43,,1.05,3,2,1,0,0,130.0,118.0,1.0,1
2933,0022300824,2024-02-25,2023-24,Regular Season,103,119,8,7,GSW,DEN,123.3,119.48,109.1,102.26,0.4776,0.3884,1.0,0.8,115.75,,111.5,113.92,112.76,97.9,0.4741,0.3413,1.0,0.6,108.4,,4.36,2,2,0,0,0,120.5,125.0,0.0,2
2936,0022300823,2024-02-25,2023-24,Regular Season,106,114,4,5,NOP,CHI,114.5,116.55,108.49,97.95,0.4887,0.3432,1.0,0.8,123.25,,115.1,115.98,116.87,97.16,0.4895,0.3728,1.0,0.5,114.67,,0.79,2,11,-9,0,0,118.0,124.0,0.0,1
2934,0022300826,2024-02-25,2023-24,Regular Season,80,93,21,30,POR,CHA,107.4,112.19,119.75,94.96,0.4579,0.338,1.0,0.2,107.88,,107.1,107.26,112.2,99.8,0.4568,0.3758,1.0,0.4,97.25,,4.84,2,2,0,0,0,107.4,107.1,0.5,0
2937,0022300821,2024-02-25,2023-24,Regular Season,109,92,1,17,ATL,ORL,126.4,121.26,121.31,103.21,0.4762,0.3619,1.0,0.5,131.57,,112.2,117.03,113.32,95.25,0.5063,0.4167,1.0,0.8,108.33,,7.96,2,1,1,0,1,108.0,110.5,0.5,2
2939,0022300822,2024-02-25,2023-24,Regular Season,110,123,9,24,HOU,OKC,110.7,109.89,114.3,100.65,0.4446,0.355,1.0,0.3,113.25,,122.5,120.35,112.55,100.02,0.5037,0.4409,1.0,0.7,118.33,,0.63,2,12,-10,0,0,110.0,101.0,1.0,1
2942,0022300819,2024-02-25,2023-24,Regular Season,133,111,18,6,IND,DAL,119.0,117.31,117.18,101.6,0.5187,0.3834,1.0,0.5,123.0,,119.1,118.34,111.46,100.6,0.5078,0.3808,1.0,0.8,111.5,,1.0,3,17,-14,0,0,119.0,119.1,0.5,0
2928,0022300830,2024-02-26,2023-24,Regular Season,86,111,27,15,MEM,BKN,103.8,106.2,115.18,98.2,0.4497,0.3663,1.0,0.2,104.0,,105.4,106.88,120.65,98.35,0.4437,0.3622,1.0,0.2,100.25,,0.15,3,2,1,0,0,103.8,105.4,0.5,0
2929,0022300831,2024-02-26,2023-24,Regular Season,110,121,22,12,SAC,MIA,121.1,118.64,117.52,102.0,0.5086,0.3737,1.0,0.6,127.33,,110.6,113.52,106.67,97.25,0.4646,0.356,1.0,0.7,112.0,,4.75,4,3,1,0,0,106.0,115.0,0.0,1
2931,0022300828,2024-02-26,2023-24,Regular Season,113,111,16,29,NYK,DET,108.9,117.28,120.04,93.15,0.4563,0.3472,1.0,0.4,110.86,,114.7,113.16,119.16,100.71,0.4832,0.4048,1.0,0.2,116.29,,7.56,2,4,-2,0,0,118.0,112.0,1.0,1
2930,0022300829,2024-02-26,2023-24,Regular Season,122,130,18,25,IND,TOR,119.9,117.45,114.62,102.25,0.5283,0.3915,1.0,0.6,125.0,,112.6,111.11,119.68,99.52,0.4631,0.349,1.0,0.4,115.8,,2.73,1,3,-2,1,0,129.0,128.5,0.5,2
2927,0022300834,2024-02-27,2023-24,Regular Season,112,123,28,8,WAS,GSW,111.3,105.55,118.12,105.7,0.4426,0.3348,1.0,0.0,107.6,,120.2,118.33,109.08,101.6,0.4762,0.3887,1.0,0.8,127.2,,4.1,2,12,-10,0,0,118.0,129.0,0.0,1
2925,0022300837,2024-02-27,2023-24,Regular Season,92,115,16,4,NYK,NOP,108.4,115.94,120.52,93.6,0.4541,0.3475,1.0,0.4,110.14,,114.1,115.69,109.36,98.45,0.4842,0.3498,1.0,0.7,108.4,,4.85,1,15,-14,1,0,108.4,114.1,0.5,0
2919,0022300838,2024-02-27,2023-24,Regular Season,114,105,14,23,MIN,SAS,116.8,118.34,103.08,97.86,0.4863,0.3844,1.0,0.7,109.2,,109.6,107.45,116.51,102.25,0.4516,0.3389,1.0,0.1,110.25,,4.39,3,2,1,0,0,107.0,103.5,0.5,2
2920,0022300840,2024-02-27,2023-24,Regular Season,123,85,13,30,MIL,CHA,111.8,113.38,111.37,98.95,0.4823,0.3752,1.0,0.5,108.5,,105.8,106.56,108.1,99.25,0.4615,0.3598,1.0,0.5,94.0,,0.3,14,2,12,0,0,125.0,91.5,1.0,2
2917,0022300842,2024-02-27,2023-24,Regular Season,96,106,21,12,POR,MIA,105.8,110.23,118.39,95.21,0.4521,0.3292,1.0,0.2,105.88,,112.2,115.05,105.72,97.35,0.477,0.3538,1.0,0.8,113.8,,2.14,2,1,1,0,1,105.8,112.2,0.5,0
2922,0022300835,2024-02-27,2023-24,Regular Season,124,97,1,26,ATL,UTA,123.5,119.72,119.6,102.06,0.4693,0.3612,1.0,0.5,127.43,,119.0,117.61,122.41,100.95,0.474,0.3616,1.0,0.3,109.0,,1.11,2,19,-17,0,0,123.5,119.0,0.5,0
2926,0022300841,2024-02-27,2023-24,Regular Season,112,95,24,9,OKC,HOU,124.7,121.31,111.75,101.07,0.5068,0.4495,1.0,0.8,128.17,,111.8,110.16,114.78,101.4,0.4453,0.3645,1.0,0.3,109.0,,0.33,4,5,-1,0,0,112.0,110.0,0.5,2
2924,0022300833,2024-02-27,2023-24,Regular Season,108,81,17,15,ORL,BKN,110.6,115.82,114.95,94.8,0.5003,0.4185,1.0,0.7,118.0,,104.5,106.94,116.06,97.7,0.4426,0.3569,1.0,0.3,102.4,,2.9,13,1,12,0,1,101.0,129.0,0.0,1
2921,0022300839,2024-02-27,2023-24,Regular Season,95,105,5,29,CHI,DET,116.1,116.21,117.26,97.81,0.486,0.3803,1.0,0.5,115.75,,113.7,112.62,117.87,100.41,0.4757,0.3999,1.0,0.2,114.86,,2.6,5,1,4,0,1,116.1,113.7,0.5,0
2918,0022300832,2024-02-27,2023-24,Regular Season,121,119,3,6,CLE,DAL,115.3,118.68,108.98,97.3,0.5051,0.3684,1.0,0.7,118.5,,117.1,115.58,111.1,101.25,0.4926,0.3779,1.0,0.7,111.4,,3.95,5,2,3,0,0,113.0,110.0,1.0,1
2923,0022300836,2024-02-27,2023-24,Regular Season,117,99,2,19,BOS,PHI,123.2,126.07,111.39,98.05,0.5202,0.4071,1.0,0.9,126.5,,109.2,110.18,119.36,98.85,0.4492,0.3385,1.0,0.3,121.0,,0.8,13,15,-2,0,0,121.0,113.0,1.0,2
2911,0022300847,2024-02-28,2023-24,Regular Season,117,96,7,22,DEN,SAC,112.1,114.76,112.46,97.75,0.4746,0.3535,1.0,0.6,115.0,,118.8,117.89,118.9,100.7,0.5048,0.3761,1.0,0.5,116.0,,2.95,6,3,3,0,0,107.0,120.0,0.0,3
2912,0022300843,2024-02-28,2023-24,Regular Season,123,114,18,4,IND,NOP,121.6,118.92,116.36,102.5,0.5291,0.3831,1.0,0.6,124.5,,114.2,116.56,108.06,97.75,0.4864,0.3758,1.0,0.7,108.6,,4.75,2,1,1,0,1,121.6,114.2,0.5,0
2916,0022300846,2024-02-28,2023-24,Regular Season,132,123,5,3,CHI,CLE,114.9,115.4,116.63,97.31,0.4751,0.3528,1.0,0.5,112.75,,115.7,119.57,111.12,96.95,0.5107,0.3889,1.0,0.7,112.4,,0.36,1,3,-2,1,0,97.0,108.66666666666667,0.0,3
2915,0022300848,2024-02-28,2023-24,Regular Season,112,116,10,11,LAC,LAL,115.1,116.05,119.21,98.95,0.482,0.391,1.0,0.6,106.25,,120.5,119.76,115.98,100.6,0.5082,0.3896,1.0,0.7,118.67,,1.65,3,3,0,0,0,115.0,111.0,0.5,2
2914,0022300844,2024-02-28,2023-24,Regular Season,125,136,25,6,TOR,DAL,115.0,113.86,119.02,99.07,0.4743,0.3586,1.0,0.5,109.4,,120.3,118.46,110.83,101.55,0.5045,0.3996,1.0,0.7,117.8,,2.48,6,1,5,0,1,115.0,120.3,0.5,0
2913,0022300845,2024-02-28,2023-24,Regular Season,110,101,14,27,MIN,MEM,116.1,116.67,104.11,98.66,0.4762,0.383,1.0,0.7,107.8,,102.3,105.15,116.32,97.6,0.4473,0.3616,1.0,0.2,103.33,,1.06,1,18,-17,1,0,121.33333333333333,101.0,1.0,3
2908,0022300849,2024-02-29,2023-24,Regular Season,99,111,30,13,CHA,MIL,104.4,105.31,109.57,98.9,0.4587,0.3597,1.0,0.5,116.6,,111.2,114.18,109.18,97.9,0.4772,0.3752,1.0,0.5,111.0,,1.0,15,4,11,0,0,89.33333333333333,124.33333333333333,0.0,3
2903,0022300854,2024-02-29,2023-24,Regular Season,110,105,20,9,PHX,HOU,120.7,117.04,111.85,103.15,0.503,0.3721,1.0,0.6,122.4,,107.8,106.64,115.65,101.1,0.4251,0.3521,1.0,0.2,107.0,,2.05,4,2,2,0,0,119.5,113.5,0.5,2
2904,0022300856,2024-02-29,2023-24,Regular Season,134,131,11,28,LAL,WAS,120.7,119.96,116.8,100.55,0.5225,0.3757,1.0,0.7,123.25,,112.3,106.12,118.61,106.25,0.451,0.3429,1.0,0.0,115.0,,5.7,6,6,0,0,0,120.7,112.3,0.5,0
2905,0022300855,2024-02-29,2023-24,Regular Season,103,97,7,12,DEN,MIA,113.8,116.27,111.44,97.9,0.4883,0.3559,1.0,0.7,115.4,,111.3,114.59,105.11,96.95,0.4799,0.3612,1.0,0.8,112.5,,0.95,1,2,-1,1,0,113.8,111.3,0.5,0
2906,0022300850,2024-02-29,2023-24,Regular Season,115,107,17,26,ORL,UTA,110.6,116.62,112.79,94.25,0.5071,0.4185,1.0,0.7,116.0,,118.4,115.56,121.0,102.45,0.4659,0.3572,1.0,0.3,106.0,,8.2,2,2,0,0,0,110.6,118.4,0.5,0
2907,0022300853,2024-02-29,2023-24,Regular Season,132,118,23,24,SAS,OKC,108.8,106.33,115.95,102.65,0.4513,0.3523,1.0,0.1,101.0,,125.4,121.36,110.66,101.67,0.5116,0.4442,1.0,0.8,119.5,,0.98,26,4,22,0,0,100.5,131.5,0.0,2
2909,0022300851,2024-02-29,2023-24,Regular Season,124,97,15,1,BKN,ATL,99.0,102.05,115.57,97.05,0.4302,0.3435,1.0,0.2,106.6,,123.0,118.77,116.87,102.51,0.4672,0.3601,1.0,0.5,114.33,,5.46,16,15,1,0,0,129.5,130.0,0.5,2
2910,0022300852,2024-02-29,2023-24,Regular Season,99,110,16,8,NYK,GSW,106.7,115.04,122.41,92.85,0.4516,0.3568,1.0,0.3,107.71,,121.6,118.69,109.85,102.35,0.48,0.4162,1.0,0.8,130.0,,9.5,2,2,0,0,0,106.7,121.6,0.5,0
2898,0022300857,2024-03-01,2023-24,Regular Season,100,110,29,3,DET,CLE,111.7,111.17,114.27,99.91,0.4744,0.3952,1.0,0.3,104.0,,114.4,116.25,111.18,96.82,0.496,0.3735,1.0,0.6,114.17,,3.09,6,2,4,0,0,107.33333333333333,115.33333333333333,0.0,3
2902,0022300863,2024-03-01,2023-24,Regular Season,129,102,4,18,NOP,IND,111.8,113.77,109.93,98.1,0.4821,0.3715,1.0,0.6,115.25,,121.7,120.01,115.56,101.6,0.524,0.3854,1.0,0.7,117.25,,3.5,5,16,-11,0,0,114.0,123.0,0.0,1
2901,0022300860,2024-03-01,2023-24,Regular Season,105,120,25,8,TOR,GSW,114.8,113.67,118.87,101.0,0.4737,0.3557,1.0,0.5,112.0,,119.9,117.47,109.85,101.9,0.4749,0.4059,1.0,0.8,126.6,,0.9,2,1,1,0,1,133.0,118.0,1.0,1
2899,0022300865,2024-03-01,2023-24,Regular Season,140,115,10,28,LAC,WAS,112.7,113.88,118.43,98.8,0.473,0.3697,1.0,0.5,107.4,,114.2,107.55,117.49,105.6,0.453,0.3625,1.0,0.0,117.67,,6.8,2,1,1,0,1,125.0,109.0,1.0,1
2896,0022300861,2024-03-01,2023-24,Regular Season,92,122,27,21,MEM,POR,102.3,105.25,115.34,97.5,0.4458,0.3609,1.0,0.2,102.0,,102.4,107.15,119.07,94.8,0.438,0.3186,1.0,0.1,105.5,,2.7,4,26,-22,0,0,102.3,102.4,0.5,0
2897,0022300862,2024-03-01,2023-24,Regular Season,120,124,14,22,MIN,SAC,116.5,117.07,103.62,98.56,0.4793,0.3914,1.0,0.8,108.6,,116.1,116.09,119.87,99.95,0.4948,0.3719,1.0,0.4,111.5,,1.39,2,2,0,0,0,110.5,111.0,0.5,2
2895,0022300858,2024-03-01,2023-24,Regular Season,121,114,19,30,PHI,CHA,107.0,108.41,117.97,98.45,0.4428,0.3304,1.0,0.3,104.14,,102.5,104.71,109.9,97.6,0.4536,0.3499,1.0,0.5,92.2,,0.85,5,3,2,0,0,116.0,85.5,1.0,2
2894,0022300859,2024-03-01,2023-24,Regular Season,138,110,2,6,BOS,DAL,122.0,124.98,109.07,97.9,0.5189,0.3826,1.0,0.9,124.5,,122.2,120.13,110.22,101.7,0.5093,0.3935,1.0,0.8,120.83,,3.8,3,2,1,0,0,119.0,110.0,1.0,1
2900,0022300864,2024-03-01,2023-24,Regular Season,97,113,5,13,CHI,MIL,116.4,114.36,115.47,97.54,0.4634,0.35,1.0,0.5,116.6,,111.5,115.19,107.41,97.3,0.4761,0.3796,1.0,0.6,111.6,,0.24,2,1,1,0,1,124.5,123.0,0.5,2
2893,0022300869,2024-03-02,2023-24,Regular Season,114,124,11,7,LAL,DEN,122.8,119.77,117.31,101.35,0.5262,0.3718,1.0,0.7,125.4,,112.1,113.53,109.17,98.8,0.4807,0.3579,1.0,0.7,112.2,,2.55,2,6,-4,0,0,106.0,114.0,0.0,1
2892,0022300868,2024-03-02,2023-24,Regular Season,100,107,27,21,MEM,POR,102.4,106.01,115.21,96.85,0.4521,0.3695,1.0,0.2,100.57,,102.7,107.72,116.91,94.55,0.4369,0.3176,1.0,0.1,111.0,,2.3,1,1,0,1,1,92.0,122.0,0.0,1
2891,0022300866,2024-03-02,2023-24,Regular Season,114,102,15,1,BKN,ATL,101.6,105.38,114.76,96.6,0.4431,0.3603,1.0,0.3,111.8,,118.6,117.04,118.65,101.3,0.462,0.3561,1.0,0.4,110.0,,4.7,2,2,0,0,0,127.66666666666667,119.0,0.6666666666666666,3
2890,0022300870,2024-03-02,2023-24,Regular Season,109,118,20,9,PHX,HOU,119.7,115.74,109.3,103.4,0.49,0.3694,1.0,0.7,120.33,,109.3,107.83,115.45,101.3,0.4232,0.3432,1.0,0.2,109.14,,2.1,2,2,0,0,0,116.33333333333333,110.66666666666667,0.6666666666666666,3
2889,0022300867,2024-03-02,2023-24,Regular Season,126,120,12,26,MIA,UTA,110.0,113.08,105.21,97.05,0.4789,0.3655,1.0,0.7,109.5,,116.7,113.94,119.9,102.35,0.4567,0.3671,1.0,0.3,106.33,,5.3,20,2,18,0,0,109.0,117.0,0.0,1
2888,0022300872,2024-03-03,2023-24,Regular Season,140,88,2,8,BOS,GSW,125.3,128.17,108.55,98.0,0.5319,0.3981,1.0,1.0,130.0,,118.8,115.8,109.05,102.35,0.4639,0.3937,1.0,0.8,124.4,,4.35,2,2,0,0,0,126.0,132.0,0.0,1
2885,0022300874,2024-03-03,2023-24,Regular Season,113,91,17,29,ORL,DET,111.0,116.8,113.29,94.5,0.508,0.4101,1.0,0.7,115.83,,111.8,110.74,113.7,100.35,0.4665,0.3972,1.0,0.3,113.63,,5.85,3,5,-2,0,0,115.33333333333333,99.66666666666667,1.0,3
2886,0022300875,2024-03-03,2023-24,Regular Season,111,106,25,30,TOR,CHA,115.3,113.46,116.22,101.7,0.4693,0.3501,1.0,0.5,111.0,,102.2,105.62,110.97,96.7,0.4559,0.3513,1.0,0.5,95.83,,5.0,2,2,0,0,0,117.66666666666667,111.66666666666667,0.6666666666666666,3
2887,0022300877,2024-03-03,2023-24,Regular Season,117,105,23,18,SAS,IND,111.9,109.66,116.29,102.45,0.4673,0.371,1.0,0.2,132.0,,120.4,118.39,118.11,101.95,0.5172,0.3834,1.0,0.6,114.0,,0.5,3,2,1,0,0,111.9,120.4,0.5,0
2884,0022300876,2024-03-03,2023-24,Regular Season,98,107,3,16,CLE,NYK,114.0,116.18,110.89,96.52,0.4869,0.3831,1.0,0.6,114.75,,106.1,113.85,121.37,93.4,0.4474,0.359,1.0,0.3,104.33,,3.12,5,10,-5,0,0,114.0,106.1,0.5,0
2883,0022300873,2024-03-03,2023-24,Regular Season,88,89,14,10,MIN,LAC,117.4,117.94,106.87,97.64,0.4843,0.3934,1.0,0.7,110.4,,116.4,116.63,119.6,99.6,0.4862,0.3693,1.0,0.5,121.75,,1.96,2,9,-7,0,0,115.0,102.5,1.0,2
2881,0022300878,2024-03-03,2023-24,Regular Season,110,118,20,24,PHX,OKC,116.6,112.85,109.76,103.45,0.4745,0.3564,1.0,0.6,118.71,,124.6,120.93,113.7,101.32,0.5023,0.426,1.0,0.7,119.2,,2.13,1,3,-2,1,0,116.6,124.6,0.5,0
2882,0022300871,2024-03-03,2023-24,Regular Season,116,120,6,19,DAL,PHI,121.4,118.84,113.5,102.05,0.5078,0.3805,1.0,0.7,124.25,,108.9,111.64,118.78,97.55,0.4477,0.346,1.0,0.4,113.67,,4.5,10,5,5,0,0,118.0,102.0,1.0,1
2880,0022300879,2024-03-04,2023-24,Regular Season,102,106,15,27,BKN,MEM,102.3,106.81,113.6,96.05,0.4446,0.3708,1.0,0.4,113.2,,101.1,103.38,112.31,97.08,0.4369,0.3502,1.0,0.2,103.5,,1.03,2,5,-3,0,0,111.0,86.0,1.0,1
2879,0022300880,2024-03-04,2023-24,Regular Season,113,106,13,10,MIL,LAC,112.2,116.58,106.55,96.6,0.4758,0.3797,1.0,0.7,111.4,,110.4,111.83,115.19,98.5,0.4654,0.3387,1.0,0.5,106.75,,1.9,6,1,5,0,1,112.2,110.4,0.5,0
2878,0022300883,2024-03-04,2023-24,Regular Season,109,113,22,5,SAC,CHI,117.5,117.03,117.78,99.38,0.4986,0.3712,1.0,0.5,123.0,,114.6,113.83,115.76,96.39,0.4591,0.3583,1.0,0.5,116.2,,2.99,7,8,-1,0,0,123.0,115.0,1.0,1
2877,0022300881,2024-03-04,2023-24,Regular Season,119,114,14,21,MIN,POR,113.9,115.68,104.37,97.33,0.4774,0.3763,1.0,0.7,106.67,,102.6,105.76,113.13,95.19,0.433,0.3133,1.0,0.2,110.67,,2.14,1,2,-1,1,0,121.66666666666667,97.66666666666667,1.0,3
2876,0022300884,2024-03-04,2023-24,Regular Season,116,104,11,24,LAL,OKC,121.8,120.42,119.23,100.1,0.5228,0.3897,1.0,0.6,123.5,,122.9,119.53,112.61,102.8,0.503,0.4185,1.0,0.7,119.0,,2.7,2,1,1,0,1,117.0,119.33333333333333,0.6666666666666666,3
2875,0022300882,2024-03-04,2023-24,Regular Season,127,115,26,28,UTA,WAS,116.4,114.27,122.09,101.95,0.4567,0.3685,1.0,0.2,120.83,,115.1,108.33,119.9,105.7,0.4552,0.3578,1.0,0.0,117.29,,3.75,8,3,5,0,0,123.0,108.0,1.0,1
2872,0022300888,2024-03-05,2023-24,Regular Season,118,110,12,29,MIA,DET,113.1,116.07,107.0,97.15,0.4894,0.377,1.0,0.8,117.25,,107.6,106.73,113.47,100.05,0.4489,0.3646,1.0,0.2,108.38,,2.9,3,2,1,0,0,113.1,107.6,0.5,0
2874,0022300891,2024-03-05,2023-24,Regular Season,114,101,9,23,HOU,SAS,108.2,105.76,112.31,102.15,0.4155,0.3333,1.0,0.3,109.67,,113.2,111.28,115.64,102.1,0.4758,0.3786,1.0,0.3,110.38,,0.05,9,7,2,0,0,93.0,82.0,1.0,1
2873,0022300892,2024-03-05,2023-24,Regular Season,120,137,6,18,DAL,IND,121.1,118.78,115.04,101.85,0.5038,0.3753,1.0,0.6,122.6,,117.7,115.56,117.03,101.95,0.4985,0.3565,1.0,0.5,112.2,,0.1,2,2,0,0,0,111.0,133.0,0.0,1
2871,0022300887,2024-03-05,2023-24,Regular Season,112,107,15,19,BKN,PHI,103.0,108.23,113.09,95.45,0.4491,0.3665,1.0,0.4,114.6,,110.5,113.78,118.29,97.05,0.4514,0.3507,1.0,0.5,115.25,,1.6,1,2,-1,1,0,117.5,121.0,0.5,2
2870,0022300889,2024-03-05,2023-24,Regular Season,100,116,16,1,NYK,ATL,104.5,112.8,120.25,92.95,0.4404,0.3593,1.0,0.3,104.17,,114.4,113.8,116.31,100.45,0.4508,0.3372,1.0,0.4,108.4,,7.5,5,3,2,0,0,116.0,114.0,1.0,1
2869,0022300886,2024-03-05,2023-24,Regular Season,105,104,3,2,CLE,BOS,112.0,114.79,112.86,95.92,0.4779,0.3812,1.0,0.5,111.4,,126.2,129.06,108.26,98.0,0.5386,0.4118,1.0,1.0,118.25,,2.08,2,10,-8,0,0,110.0,118.0,0.0,2
2867,0022300885,2024-03-05,2023-24,Regular Season,89,101,30,17,CHA,ORL,104.4,107.33,109.52,97.2,0.4684,0.3568,1.0,0.5,111.75,,112.8,118.54,110.23,94.55,0.5239,0.4119,1.0,0.8,106.67,,2.65,5,9,-4,0,0,117.0,130.0,0.0,1
2866,0022300893,2024-03-05,2023-24,Regular Season,107,117,7,20,DEN,PHX,113.3,114.14,109.73,99.3,0.4906,0.3573,1.0,0.7,112.0,,116.2,112.45,110.72,103.55,0.4679,0.3637,1.0,0.5,111.67,,4.25,5,11,-6,0,0,119.0,111.0,1.0,1
2868,0022300890,2024-03-05,2023-24,Regular Season,98,139,25,4,TOR,NOP,114.1,111.45,114.22,102.45,0.4624,0.3328,1.0,0.5,111.0,,113.0,114.6,109.22,98.4,0.4845,0.3809,1.0,0.6,108.0,,4.05,2,6,-4,0,0,100.0,138.0,0.0,1
2865,0022300895,2024-03-06,2023-24,Regular Season,112,101,1,3,ATL,CLE,114.3,114.97,114.94,99.4,0.4592,0.3378,1.0,0.5,120.4,,110.6,113.03,113.58,96.12,0.469,0.3947,1.0,0.5,111.0,,3.28,8,5,3,0,0,106.33333333333333,123.66666666666667,0.0,3
2864,0022300900,2024-03-06,2023-24,Regular Season,120,128,21,24,POR,OKC,103.7,106.32,113.35,95.64,0.436,0.3188,1.0,0.2,99.14,,121.6,117.99,111.8,102.9,0.4946,0.4056,1.0,0.7,116.83,,7.26,8,2,6,0,0,92.33333333333333,128.0,0.0,3
2863,0022300896,2024-03-06,2023-24,Regular Season,109,115,19,27,PHI,MEM,109.1,113.19,117.25,96.5,0.4573,0.3603,1.0,0.5,104.6,,100.7,103.33,111.1,96.73,0.437,0.3435,1.0,0.3,104.33,,0.23,5,2,3,0,0,109.1,100.7,0.5,0
2862,0022300897,2024-03-06,2023-24,Regular Season,116,122,9,10,HOU,LAC,109.2,106.33,111.38,102.5,0.4175,0.3203,1.0,0.4,110.75,,110.4,111.94,114.78,98.45,0.4632,0.3412,1.0,0.5,106.6,,4.05,1,2,-1,1,0,109.2,110.4,0.5,0
2861,0022300899,2024-03-06,2023-24,Regular Season,125,90,8,13,GSW,MIL,116.3,113.67,112.11,102.05,0.4584,0.3693,1.0,0.7,113.25,,113.0,116.32,103.19,97.4,0.4738,0.3768,1.0,0.8,113.0,,4.65,10,5,5,0,0,118.0,129.0,0.0,1
2860,0022300901,2024-03-06,2023-24,Regular Season,120,130,11,22,LAL,SAC,122.8,120.98,117.75,100.5,0.528,0.4048,1.0,0.7,125.17,,116.4,116.99,116.76,98.53,0.4958,0.3668,1.0,0.5,113.83,,1.97,2,5,-3,0,0,122.8,116.4,0.5,0
2859,0022300894,2024-03-06,2023-24,Regular Season,109,119,28,17,WAS,ORL,113.7,107.45,119.9,105.25,0.4504,0.3573,1.0,0.0,110.0,,110.2,116.68,108.8,93.8,0.5182,0.3897,1.0,0.8,105.25,,11.45,8,1,7,0,1,121.33333333333333,132.0,0.0,3
2858,0022300898,2024-03-06,2023-24,Regular Season,117,119,26,5,UTA,CHI,116.7,113.72,121.0,102.7,0.4535,0.3685,1.0,0.2,121.33,,113.0,113.94,115.65,96.13,0.4607,0.3527,1.0,0.5,115.67,,6.57,2,2,0,0,0,116.7,113.0,0.5,0
2857,0022300906,2024-03-07,2023-24,Regular Season,115,109,7,2,DEN,BOS,112.6,112.55,109.93,99.12,0.4848,0.351,1.0,0.6,111.0,,124.1,127.99,108.39,96.95,0.5278,0.4166,1.0,0.9,115.4,,2.17,2,2,0,0,0,102.0,100.0,1.0,1
2856,0022300902,2024-03-07,2023-24,Regular Season,118,112,29,15,DET,BKN,105.8,106.12,114.38,100.0,0.4443,0.3339,1.0,0.1,104.5,,101.9,107.07,113.64,95.4,0.4416,0.3565,1.0,0.4,91.4,,4.6,6,9,-3,0,0,113.5,122.0,0.0,2
2854,0022300904,2024-03-07,2023-24,Regular Season,114,108,6,12,DAL,MIA,120.9,118.07,117.23,102.35,0.4998,0.3657,1.0,0.5,122.17,,112.8,116.14,108.79,96.9,0.4848,0.3861,1.0,0.8,110.33,,5.45,2,7,-5,0,0,120.9,112.8,0.5,0
2851,0022300905,2024-03-07,2023-24,Regular Season,120,113,20,25,PHX,TOR,115.0,111.16,109.84,102.67,0.4526,0.3595,1.0,0.5,116.33,,113.2,109.75,117.11,103.1,0.459,0.332,1.0,0.4,126.5,,0.43,4,10,-6,0,0,105.0,112.0,0.0,1
2853,0022300908,2024-03-07,2023-24,Regular Season,131,129,22,23,SAC,SAS,115.9,116.38,117.9,98.68,0.4929,0.3555,1.0,0.5,115.33,,112.2,110.17,113.86,102.35,0.4676,0.3805,1.0,0.3,109.13,,3.67,3,2,1,0,0,128.0,121.0,1.0,2
2852,0022300907,2024-03-07,2023-24,Regular Season,122,125,8,5,GSW,CHI,115.9,113.76,110.83,101.65,0.4664,0.3725,1.0,0.7,115.6,,113.1,114.05,116.01,96.28,0.4563,0.3501,1.0,0.5,115.83,,5.37,1,1,0,1,1,140.0,131.0,1.0,1
2855,0022300903,2024-03-07,2023-24,Regular Season,111,113,18,14,IND,MIN,120.5,118.22,115.93,102.0,0.5042,0.364,1.0,0.6,126.75,,112.9,114.16,104.83,97.68,0.4728,0.3644,1.0,0.7,123.33,,4.32,8,21,-13,0,0,109.0,127.0,0.0,1
2850,0022300914,2024-03-08,2023-24,Regular Season,107,100,24,12,OKC,MIA,123.3,119.83,109.68,102.65,0.5139,0.4103,1.0,0.8,128.75,,112.0,116.36,110.47,96.15,0.4842,0.3992,1.0,0.7,110.0,,6.5,10,1,9,0,1,128.0,120.0,1.0,1
2849,0022300913,2024-03-08,2023-24,Regular Season,92,99,27,1,MEM,ATL,101.6,104.13,110.6,96.73,0.4354,0.3422,1.0,0.4,99.14,,112.8,113.93,113.25,99.05,0.4585,0.3301,1.0,0.5,103.5,,2.32,6,3,3,0,0,125.0,119.0,1.0,1
2848,0022300910,2024-03-08,2023-24,Regular Season,112,100,28,30,WAS,CHA,113.3,108.16,120.94,104.3,0.4471,0.3518,1.0,0.0,108.67,,101.8,105.49,109.69,96.5,0.4569,0.3416,1.0,0.4,99.5,,7.8,2,5,-3,0,0,114.0,117.0,0.0,1
2847,0022300915,2024-03-08,2023-24,Regular Season,123,122,11,13,LAL,MIL,120.9,118.65,118.17,100.85,0.5242,0.4065,1.0,0.6,122.0,,110.0,113.11,107.09,97.6,0.4684,0.3704,1.0,0.7,109.17,,3.25,2,2,0,0,0,120.9,110.0,0.5,0
2846,0022300909,2024-03-08,2023-24,Regular Season,95,103,19,4,PHI,NOP,108.1,113.08,118.22,95.75,0.4475,0.3678,1.0,0.4,105.33,,114.7,116.02,104.79,98.7,0.4833,0.392,1.0,0.7,111.4,,2.95,2,3,-1,0,0,114.0,124.0,0.0,1
2845,0022300916,2024-03-08,2023-24,Regular Season,107,123,21,9,POR,HOU,103.5,106.46,113.47,96.43,0.4405,0.3233,1.0,0.2,98.86,,109.5,107.91,112.74,101.4,0.4214,0.3333,1.0,0.4,107.2,,4.97,2,6,-4,0,0,137.0,131.0,1.0,1
2844,0022300912,2024-03-08,2023-24,Regular Season,98,74,16,17,NYK,ORL,103.7,111.96,119.75,92.9,0.4341,0.3523,1.0,0.3,102.83,,110.7,117.07,108.78,94.8,0.5259,0.4026,1.0,0.8,108.0,,1.9,3,2,1,0,0,100.66666666666667,111.0,0.0,3
2843,0022300911,2024-03-08,2023-24,Regular Season,113,104,3,14,CLE,MIN,108.6,110.84,112.56,96.12,0.465,0.3823,1.0,0.5,108.2,,112.1,112.72,105.62,98.08,0.4662,0.36,1.0,0.7,120.67,,1.96,3,1,2,0,1,108.6,112.1,0.5,0
2841,0022300917,2024-03-09,2023-24,Regular Season,112,102,10,5,LAC,CHI,111.4,114.05,116.83,97.55,0.4731,0.3493,1.0,0.5,114.75,,114.8,114.7,115.86,98.02,0.4658,0.3621,1.0,0.6,118.67,,0.47,8,2,6,0,0,111.4,114.8,0.5,0
2837,0022300921,2024-03-09,2023-24,Regular Season,113,126,8,23,GSW,SAS,115.6,113.47,110.35,101.65,0.4662,0.3604,1.0,0.7,115.0,,114.8,111.73,113.75,103.15,0.4785,0.3966,1.0,0.3,112.38,,1.5,2,2,0,0,0,118.0,112.0,1.0,1
2842,0022300923,2024-03-09,2023-24,Regular Season,128,118,21,25,POR,TOR,105.8,107.72,115.33,97.53,0.4387,0.3404,1.0,0.2,102.14,,115.0,111.05,116.3,103.7,0.4645,0.3394,1.0,0.4,122.0,,6.17,1,2,-1,1,0,105.8,115.0,0.5,0
2840,0022300922,2024-03-09,2023-24,Regular Season,142,121,7,26,DEN,UTA,113.5,113.88,107.94,98.67,0.4885,0.3355,1.0,0.7,111.67,,116.9,114.61,120.88,102.05,0.4557,0.3661,1.0,0.2,108.0,,3.38,2,7,-5,0,0,111.0,124.0,0.0,1
2838,0022300918,2024-03-09,2023-24,Regular Season,110,99,30,15,CHA,BKN,100.7,104.49,110.8,96.4,0.4432,0.3336,1.0,0.3,103.33,,102.1,106.59,112.92,96.0,0.441,0.3525,1.0,0.4,94.83,,0.4,4,2,2,0,0,129.0,128.0,1.0,1
2836,0022300919,2024-03-09,2023-24,Regular Season,124,142,29,6,DET,DAL,107.0,107.4,114.49,99.9,0.4526,0.3439,1.0,0.2,109.0,,117.7,116.18,118.13,101.3,0.4876,0.3652,1.0,0.5,119.0,,1.4,2,8,-6,0,0,107.0,117.7,0.5,0
2839,0022300920,2024-03-09,2023-24,Regular Season,107,117,20,2,PHX,BOS,115.8,112.61,110.49,102.07,0.4581,0.37,1.0,0.6,116.86,,121.7,127.13,108.28,95.75,0.5207,0.4131,1.0,0.8,114.33,,6.32,2,2,0,0,0,115.8,121.7,0.5,0
2835,0022300931,2024-03-10,2023-24,Regular Season,124,93,24,27,OKC,MEM,121.3,118.28,109.02,102.15,0.507,0.3938,1.0,0.8,123.75,,102.1,105.52,111.85,95.93,0.4339,0.3534,1.0,0.4,107.33,,6.22,2,4,-2,0,0,116.0,97.0,1.0,1
2834,0022300928,2024-03-10,2023-24,Regular Season,97,111,17,18,ORL,IND,106.8,114.61,107.98,93.1,0.515,0.3951,1.0,0.8,113.5,,119.1,116.67,116.13,102.05,0.4944,0.3542,1.0,0.5,114.6,,8.95,7,5,2,0,0,122.5,113.0,1.0,2
2833,0022300924,2024-03-10,2023-24,Regular Season,117,124,10,13,LAC,MIL,112.6,115.54,114.83,97.45,0.4826,0.3515,1.0,0.6,117.75,,111.0,113.88,110.08,97.65,0.4679,0.3623,1.0,0.6,111.0,,0.2,1,2,-1,1,0,106.0,113.0,0.0,1
2832,0022300927,2024-03-10,2023-24,Regular Season,73,79,16,19,NYK,PHI,102.4,112.39,115.5,91.6,0.4346,0.3695,1.0,0.4,100.67,,105.3,110.38,116.58,95.55,0.4328,0.3498,1.0,0.3,108.67,,3.95,2,5,-3,0,0,119.0,94.0,1.0,2
2831,0022300925,2024-03-10,2023-24,Regular Season,103,116,1,4,ATL,NOP,110.5,113.56,112.94,97.35,0.4555,0.3389,1.0,0.5,118.4,,115.7,116.29,105.13,99.45,0.4802,0.3905,1.0,0.7,113.4,,2.1,4,2,2,0,0,110.5,115.7,0.5,0
2830,0022300930,2024-03-10,2023-24,Regular Season,101,120,3,15,CLE,BKN,109.1,110.55,111.82,95.81,0.46,0.3823,1.0,0.5,109.2,,103.4,108.19,109.88,96.0,0.4427,0.3535,1.0,0.4,97.0,,0.19,2,1,1,0,1,114.5,98.5,1.0,2
2829,0022300929,2024-03-10,2023-24,Regular Season,104,112,22,9,SAC,HOU,117.7,117.92,117.72,98.93,0.495,0.3487,1.0,0.6,119.25,,111.3,109.17,112.57,101.9,0.4243,0.3326,1.0,0.4,109.83,,2.97,3,2,1,0,0,117.7,111.3,0.5,0
2828,0022300926,2024-03-10,2023-24,Regular Season,108,110,12,28,MIA,WAS,111.4,115.35,109.53,96.55,0.4893,0.4071,1.0,0.7,122.0,,114.1,109.93,120.86,103.25,0.455,0.3481,1.0,0.1,117.17,,6.7,5,6,-1,0,0,110.0,102.0,1.0,1
2827,0022300932,2024-03-10,2023-24,Regular Season,120,109,11,14,LAL,MIN,120.7,119.43,120.02,100.1,0.5252,0.4136,1.0,0.6,121.67,,110.4,110.82,105.69,97.37,0.4613,0.3473,1.0,0.6,115.0,,2.73,2,2,0,0,0,108.5,113.0,0.0,2
2826,0022300933,2024-03-11,2023-24,Regular Season,114,97,29,30,DET,CHA,108.3,108.2,115.5,100.35,0.4564,0.3504,1.0,0.2,112.75,,99.5,103.62,111.35,96.0,0.4481,0.3298,1.0,0.3,99.57,,4.35,2,3,-1,0,0,113.0,106.0,1.0,1
2825,0022300936,2024-03-11,2023-24,Regular Season,102,112,23,8,SAS,GSW,115.2,113.02,115.77,102.4,0.4768,0.4114,1.0,0.3,124.5,,112.9,111.07,109.66,101.4,0.4595,0.3461,1.0,0.6,110.25,,1.0,8,8,0,0,0,119.0,115.5,0.5,2
2824,0022300938,2024-03-11,2023-24,Regular Season,99,121,21,2,POR,BOS,107.7,108.67,114.36,97.23,0.4415,0.3425,1.0,0.3,104.86,,122.4,127.1,107.66,96.35,0.519,0.4106,1.0,0.8,115.5,,0.88,2,2,0,0,0,107.7,122.4,0.5,0
2823,0022300935,2024-03-11,2023-24,Regular Season,92,127,5,6,CHI,DAL,111.4,112.61,115.65,96.97,0.4534,0.3528,1.0,0.5,109.0,,120.7,118.91,119.86,101.35,0.4982,0.377,1.0,0.5,123.6,,4.38,10,2,8,0,0,111.4,120.7,0.5,0
2822,0022300934,2024-03-11,2023-24,Regular Season,111,117,3,20,CLE,PHX,108.3,109.69,112.11,95.86,0.453,0.3806,1.0,0.5,107.6,,113.5,111.38,110.53,101.27,0.4569,0.3571,1.0,0.5,113.33,,5.41,1,6,-5,1,0,108.3,113.5,0.5,0
2821,0022300937,2024-03-11,2023-24,Regular Season,125,119,7,25,DEN,TOR,118.2,118.68,108.61,98.77,0.5165,0.3674,1.0,0.8,116.0,,116.9,113.01,117.07,102.5,0.472,0.3508,1.0,0.4,121.0,,3.73,2,2,0,0,0,113.0,104.0,1.0,1
2820,0022300944,2024-03-12,2023-24,Regular Season,100,118,10,14,LAC,MIN,111.3,114.86,115.46,96.9,0.4778,0.3471,1.0,0.5,117.6,,108.5,108.85,108.77,97.32,0.4519,0.3454,1.0,0.5,108.67,,0.42,2,2,0,0,0,98.0,106.0,0.3333333333333333,3
2819,0022300940,2024-03-12,2023-24,Regular Season,109,97,27,28,MEM,WAS,99.3,103.11,113.2,95.63,0.4255,0.3438,1.0,0.3,96.33,,112.5,108.81,119.09,102.75,0.4553,0.3424,1.0,0.2,114.5,,7.12,4,2,2,0,0,99.3,112.5,0.5,0
2818,0022300943,2024-03-12,2023-24,Regular Season,107,123,26,2,UTA,BOS,118.3,116.64,123.08,101.4,0.4611,0.3625,1.0,0.2,123.0,,122.7,128.11,107.08,95.85,0.5162,0.4076,1.0,0.8,116.0,,5.55,6,1,5,0,1,97.0,126.0,0.0,1
2817,0022300942,2024-03-12,2023-24,Regular Season,101,103,23,9,SAS,HOU,116.1,114.19,115.82,102.05,0.4827,0.4242,1.0,0.3,117.0,,111.2,108.85,110.77,102.05,0.4295,0.3434,1.0,0.5,109.67,,0.0,1,2,-1,1,0,91.5,103.5,0.0,2
2816,0022300941,2024-03-12,2023-24,Regular Season,111,121,24,18,OKC,IND,121.0,118.6,107.74,101.55,0.5049,0.3979,1.0,0.8,123.8,,120.0,117.68,114.83,101.95,0.4925,0.3623,1.0,0.6,116.4,,0.4,2,2,0,0,0,121.0,120.0,0.5,0
2815,0022300939,2024-03-12,2023-24,Regular Season,106,79,16,19,NYK,PHI,99.4,109.58,113.19,91.1,0.4214,0.3587,1.0,0.4,96.71,,102.8,108.53,113.62,94.7,0.4239,0.3512,1.0,0.4,101.25,,3.6,2,2,0,0,0,103.66666666666667,89.0,0.6666666666666666,3
2814,0022300945,2024-03-12,2023-24,Regular Season,129,94,22,13,SAC,MIL,115.6,116.2,116.44,98.58,0.4887,0.3385,1.0,0.6,116.2,,113.7,116.93,109.84,97.35,0.4727,0.3737,1.0,0.7,112.63,,1.23,2,2,0,0,0,142.0,143.0,0.0,1
2808,0022300950,2024-03-13,2023-24,Regular Season,98,110,27,30,MEM,CHA,98.9,102.93,112.21,95.38,0.4172,0.318,1.0,0.3,95.67,,97.7,102.02,111.95,95.95,0.4432,0.3147,1.0,0.2,97.0,,0.57,1,2,-1,1,0,106.0,115.0,0.0,1
2813,0022300953,2024-03-13,2023-24,Regular Season,106,102,21,1,POR,ATL,108.5,110.63,115.11,96.13,0.449,0.3506,1.0,0.3,106.0,,108.2,112.4,112.19,96.35,0.4505,0.3433,1.0,0.5,102.6,,0.22,2,5,-3,0,0,108.5,108.2,0.5,0
2812,0022300948,2024-03-13,2023-24,Regular Season,129,132,18,5,IND,CHI,119.4,117.33,113.6,101.8,0.4979,0.3529,1.0,0.6,123.6,,110.1,111.46,117.65,96.87,0.4469,0.331,1.0,0.5,114.6,,4.93,6,4,2,0,0,120.0,104.0,1.0,1
2811,0022300946,2024-03-13,2023-24,Regular Season,113,104,29,25,DET,TOR,109.7,110.63,114.95,99.15,0.4657,0.3472,1.0,0.3,113.0,,116.3,113.01,117.72,101.9,0.4715,0.3644,1.0,0.4,120.6,,2.75,2,2,0,0,0,121.0,134.5,0.5,2
2810,0022300952,2024-03-13,2023-24,Regular Season,109,99,6,8,DAL,GSW,121.8,121.13,120.62,100.45,0.4997,0.372,1.0,0.5,118.25,,111.3,109.47,108.97,101.35,0.4623,0.3515,1.0,0.6,110.6,,0.9,6,2,4,0,0,132.0,122.0,1.0,1
2807,0022300947,2024-03-13,2023-24,Regular Season,114,106,17,15,ORL,BKN,104.7,110.69,107.43,94.45,0.4893,0.3739,1.0,0.7,108.25,,106.1,111.97,108.88,95.1,0.4546,0.3752,1.0,0.5,101.5,,0.65,3,3,0,0,0,104.5,105.0,0.5,2
2806,0022300951,2024-03-13,2023-24,Regular Season,95,116,4,3,NOP,CLE,117.7,118.37,107.03,99.35,0.4965,0.4053,1.0,0.7,118.0,,109.7,111.25,113.69,95.71,0.4581,0.3836,1.0,0.5,112.0,,3.64,12,7,5,0,0,123.0,104.0,1.0,1
2805,0022300954,2024-03-13,2023-24,Regular Season,120,107,22,11,SAC,LAL,118.3,118.97,116.05,98.53,0.4982,0.3562,1.0,0.6,118.33,,118.9,117.77,118.76,100.05,0.5211,0.4101,1.0,0.6,113.0,,1.52,1,14,-13,1,0,130.0,120.0,1.0,1
2809,0022300949,2024-03-13,2023-24,Regular Season,88,100,12,7,MIA,DEN,109.9,114.19,111.04,96.3,0.4829,0.3899,1.0,0.6,117.33,,120.9,121.61,110.51,98.57,0.5319,0.3673,1.0,0.9,123.33,,2.27,3,11,-8,0,0,97.0,103.0,0.0,1
2804,0022300959,2024-03-14,2023-24,Regular Season,126,119,24,6,OKC,DAL,119.2,116.5,108.88,101.8,0.4927,0.3871,1.0,0.7,120.2,,120.4,119.44,119.06,100.6,0.5056,0.351,1.0,0.5,124.17,,1.2,2,3,-1,0,0,118.5,133.0,0.5,2
2803,0022300958,2024-03-14,2023-24,Regular Season,114,105,13,19,MIL,PHI,112.1,115.35,111.31,97.4,0.4626,0.3666,1.0,0.7,118.0,,101.1,107.61,114.46,93.75,0.4174,0.3409,1.0,0.4,96.8,,3.65,10,2,8,0,0,119.0,98.0,1.0,1
2802,0022300960,2024-03-14,2023-24,Regular Season,93,105,21,16,POR,NYK,107.9,109.77,112.4,96.28,0.4498,0.3519,1.0,0.4,105.14,,100.0,110.0,108.45,91.3,0.4303,0.3558,1.0,0.5,108.5,,4.98,1,11,-10,1,0,84.0,112.0,0.0,1
2801,0022300956,2024-03-14,2023-24,Regular Season,111,126,5,10,CHI,LAC,112.1,112.15,116.37,96.93,0.4523,0.331,1.0,0.6,104.0,,110.6,115.24,115.38,96.0,0.4798,0.3463,1.0,0.5,104.5,,0.93,3,8,-5,0,0,102.0,112.0,0.0,1
2800,0022300955,2024-03-14,2023-24,Regular Season,127,112,2,20,BOS,PHX,121.4,127.01,109.66,95.6,0.5058,0.3995,1.0,0.8,131.67,,113.6,113.12,113.0,99.82,0.4662,0.3623,1.0,0.5,114.25,,4.22,11,3,8,0,0,117.0,107.0,1.0,1
2799,0022300957,2024-03-14,2023-24,Regular Season,135,119,9,28,HOU,WAS,111.0,109.93,109.53,100.85,0.4319,0.3381,1.0,0.6,113.5,,111.2,108.52,118.17,101.75,0.4619,0.3283,1.0,0.2,112.33,,0.9,8,2,6,0,0,111.0,111.2,0.5,0
2795,0022300963,2024-03-15,2023-24,Regular Season,103,113,25,17,TOR,ORL,114.6,110.52,118.87,102.75,0.4668,0.3442,1.0,0.3,109.75,,104.5,110.34,106.99,94.55,0.49,0.3617,1.0,0.7,99.6,,8.2,10,7,3,0,0,107.0,126.0,0.0,1
2794,0022300965,2024-03-15,2023-24,Regular Season,106,117,23,7,SAS,DEN,114.0,112.97,114.45,101.2,0.4793,0.4108,1.0,0.3,113.0,,117.9,120.81,109.99,96.77,0.5253,0.378,1.0,0.9,117.5,,4.43,3,2,1,0,0,120.0,132.0,0.0,1
2793,0022300961,2024-03-15,2023-24,Regular Season,96,107,30,20,CHA,PHX,100.3,104.73,112.15,95.85,0.4605,0.3226,1.0,0.3,99.33,,113.5,112.9,113.42,99.87,0.4655,0.3561,1.0,0.5,114.0,,4.02,6,1,5,0,1,119.0,133.0,0.0,1
2798,0022300964,2024-03-15,2023-24,Regular Season,112,104,4,10,NOP,LAC,113.9,115.27,106.64,98.8,0.4841,0.3922,1.0,0.6,110.4,,113.1,118.57,117.32,95.65,0.4958,0.3588,1.0,0.5,110.75,,3.15,2,1,1,0,1,109.33333333333333,107.66666666666667,0.6666666666666666,3
2797,0022300966,2024-03-15,2023-24,Regular Season,124,122,26,1,UTA,ATL,116.8,116.43,122.94,100.35,0.4603,0.3783,1.0,0.2,120.5,,108.5,112.82,110.67,96.25,0.4533,0.3555,1.0,0.5,103.2,,4.1,3,2,1,0,0,97.0,124.0,0.0,1
2796,0022300962,2024-03-15,2023-24,Regular Season,95,108,29,12,DET,MIA,109.5,110.05,112.03,99.65,0.4572,0.3439,1.0,0.4,113.0,,107.8,112.51,111.45,95.7,0.4777,0.3823,1.0,0.5,106.33,,3.95,2,7,-5,0,0,110.0,118.0,0.0,1
2791,0022300972,2024-03-16,2023-24,Regular Season,112,118,27,24,MEM,OKC,99.2,102.93,112.8,95.68,0.4178,0.3351,1.0,0.3,96.17,,117.1,115.85,111.14,100.75,0.4852,0.3781,1.0,0.7,118.2,,5.07,3,10,-7,0,0,95.0,120.0,0.0,2
2790,0022300971,2024-03-16,2023-24,Regular Season,127,98,5,28,CHI,WAS,111.8,112.91,119.62,96.03,0.4568,0.3442,1.0,0.5,105.4,,112.5,109.9,117.43,101.5,0.472,0.3362,1.0,0.2,114.5,,5.47,2,2,0,0,0,111.8,112.5,0.5,0
2789,0022300967,2024-03-16,2023-24,Regular Season,117,103,9,3,HOU,CLE,113.1,111.25,109.87,101.4,0.4507,0.3477,1.0,0.6,118.75,,109.9,111.69,112.88,95.51,0.4586,0.3967,1.0,0.5,112.5,,5.89,2,3,-1,0,0,130.0,135.0,0.0,1
2788,0022300975,2024-03-16,2023-24,Regular Season,91,98,22,16,SAC,NYK,117.6,119.02,114.89,98.08,0.4946,0.3631,1.0,0.6,117.17,,99.5,109.6,108.24,91.2,0.4259,0.3324,1.0,0.5,106.0,,6.88,3,2,1,0,0,117.6,99.5,0.5,0
2787,0022300970,2024-03-16,2023-24,Regular Season,126,107,4,21,NOP,POR,112.4,114.96,107.7,97.75,0.4803,0.3903,1.0,0.6,107.4,,109.2,111.21,113.75,96.18,0.4556,0.3758,1.0,0.4,114.33,,1.57,1,12,-11,1,0,93.0,84.0,1.0,1
2792,0022300974,2024-03-16,2023-24,Regular Season,100,119,26,14,UTA,MIN,115.5,115.54,121.43,100.1,0.4652,0.3723,1.0,0.3,118.33,,109.6,110.62,108.21,96.77,0.4591,0.3447,1.0,0.6,111.0,,3.33,1,4,-3,1,0,90.0,101.0,0.0,1
2786,0022300969,2024-03-16,2023-24,Regular Season,109,98,19,30,PHI,CHA,101.2,108.8,117.13,92.95,0.4224,0.3481,1.0,0.3,105.75,,100.6,105.25,115.16,95.65,0.4484,0.3096,1.0,0.2,102.0,,2.7,8,3,5,0,0,117.66666666666667,95.0,1.0,3
2785,0022300968,2024-03-16,2023-24,Regular Season,121,100,18,15,IND,BKN,119.4,116.66,114.64,101.3,0.4912,0.3407,1.0,0.5,123.6,,108.1,114.65,111.24,94.35,0.4678,0.385,1.0,0.5,104.83,,6.95,3,3,0,0,0,119.4,108.1,0.5,0
2784,0022300973,2024-03-16,2023-24,Regular Season,121,128,11,8,LAL,GSW,118.6,117.8,118.46,99.7,0.5209,0.4253,1.0,0.6,121.43,,111.5,109.88,111.69,101.15,0.4598,0.3526,1.0,0.5,108.67,,1.45,6,3,3,0,0,127.5,136.0,0.5,2
2780,0022300979,2024-03-17,2023-24,Regular Season,111,96,17,25,ORL,TOR,104.6,109.83,105.89,95.0,0.4906,0.3569,1.0,0.7,109.4,,112.6,108.96,118.42,102.4,0.4647,0.3469,1.0,0.2,116.8,,7.4,4,4,0,0,0,119.5,105.0,1.0,2
2783,0022300977,2024-03-17,2023-24,Regular Season,101,104,29,12,DET,MIA,108.1,108.02,111.01,100.15,0.4495,0.325,1.0,0.4,110.67,,108.0,112.6,111.24,95.85,0.4787,0.3581,1.0,0.5,106.67,,4.3,2,2,0,0,0,102.5,113.0,0.0,2
2782,0022300980,2024-03-17,2023-24,Regular Season,104,130,28,2,WAS,BOS,111.8,109.1,118.6,101.6,0.4705,0.3468,1.0,0.2,111.0,,121.2,127.34,110.01,95.25,0.5044,0.4006,1.0,0.8,115.0,,6.35,9,5,4,0,0,129.0,133.0,0.0,1
2779,0022300978,2024-03-17,2023-24,Regular Season,107,105,6,7,DAL,DEN,121.2,120.87,118.87,100.1,0.5097,0.3472,1.0,0.5,114.75,,116.9,119.52,109.02,97.02,0.5216,0.3786,1.0,0.9,115.0,,3.08,4,2,2,0,0,104.0,130.0,0.0,1
2778,0022300976,2024-03-17,2023-24,Regular Season,140,129,13,20,MIL,PHX,112.3,116.59,112.19,96.55,0.4697,0.3759,1.0,0.7,116.67,,113.2,113.48,112.46,99.07,0.4715,0.3624,1.0,0.6,113.25,,2.52,3,2,1,0,0,106.0,114.0,0.0,1
2777,0022300981,2024-03-17,2023-24,Regular Season,122,115,23,15,SAS,BKN,112.8,112.33,114.56,100.65,0.4812,0.4092,1.0,0.3,111.6,,107.0,112.61,113.95,95.15,0.4618,0.3893,1.0,0.4,103.0,,5.5,2,1,1,0,1,103.0,123.0,0.0,1
2781,0022300982,2024-03-17,2023-24,Regular Season,93,110,10,1,LAC,ATL,112.8,118.12,116.02,95.75,0.4951,0.3656,1.0,0.5,116.2,,108.6,112.92,110.77,96.25,0.4545,0.376,1.0,0.5,106.33,,0.5,5,2,3,0,0,149.0,144.0,1.0,1
2776,0022300989,2024-03-18,2023-24,Regular Season,121,111,22,27,SAC,MEM,114.4,115.41,113.59,98.33,0.4804,0.3496,1.0,0.5,113.43,,101.8,105.09,112.78,96.23,0.4248,0.3491,1.0,0.3,103.75,,2.1,2,8,-6,0,0,113.0,93.0,1.0,2
2775,0022300985,2024-03-18,2023-24,Regular Season,98,91,19,12,PHI,MIA,102.3,110.3,114.92,92.8,0.4297,0.345,1.0,0.4,108.5,,106.3,111.08,110.64,95.6,0.4719,0.3557,1.0,0.5,103.83,,2.8,2,1,1,0,1,108.5,114.0,0.0,2
2774,0022300990,2024-03-18,2023-24,Regular Season,136,105,11,1,LAL,ATL,118.4,118.57,120.47,98.9,0.5204,0.4199,1.0,0.5,121.14,,108.7,113.51,111.4,95.8,0.4577,0.3846,1.0,0.5,106.86,,3.1,2,1,1,0,1,122.0,138.0,0.0,1
2773,0022300983,2024-03-18,2023-24,Regular Season,103,108,18,3,IND,CLE,118.2,115.85,114.07,100.9,0.4829,0.3218,1.0,0.5,121.2,,108.1,109.52,112.32,95.81,0.4507,0.3783,1.0,0.4,110.6,,5.09,2,2,0,0,0,118.2,108.1,0.5,0
2772,0022300988,2024-03-18,2023-24,Regular Season,112,119,8,16,GSW,NYK,114.0,112.95,112.15,100.85,0.4692,0.3614,1.0,0.6,120.0,,99.1,107.52,103.91,92.45,0.4238,0.3264,1.0,0.6,103.33,,8.4,9,2,7,0,0,110.0,99.0,1.0,1
2771,0022300987,2024-03-18,2023-24,Regular Season,104,114,26,14,UTA,MIN,114.8,114.52,121.83,100.25,0.468,0.3723,1.0,0.3,117.17,,111.4,112.62,109.51,96.72,0.4635,0.3594,1.0,0.6,112.6,,3.53,2,2,0,0,0,95.0,110.0,0.0,2
2770,0022300986,2024-03-18,2023-24,Regular Season,110,107,5,21,CHI,POR,115.0,115.48,118.27,96.63,0.4746,0.3706,1.0,0.6,111.8,,110.3,111.92,115.21,96.63,0.4649,0.3799,1.0,0.4,112.5,,0.0,2,2,0,0,0,104.0,96.0,1.0,1
2769,0022300984,2024-03-18,2023-24,Regular Season,119,94,2,29,BOS,DET,122.6,126.8,108.12,96.8,0.497,0.4057,1.0,0.8,130.5,,107.1,107.08,110.19,100.05,0.4472,0.3172,1.0,0.4,102.0,,3.25,4,13,-9,0,0,128.0,122.0,1.0,1
2767,0022300995,2024-03-19,2023-24,Regular Season,112,115,14,7,MIN,DEN,111.4,113.81,110.52,95.72,0.4657,0.3565,1.0,0.6,109.25,,115.5,118.32,109.88,96.72,0.5167,0.3871,1.0,0.8,111.5,,1.0,15,2,13,0,0,111.4,115.5,0.5,0
2765,0022300991,2024-03-19,2023-24,Regular Season,112,92,17,30,ORL,CHA,106.5,111.79,104.45,95.05,0.4995,0.3507,1.0,0.8,109.67,,101.9,106.72,113.67,95.6,0.4565,0.3144,1.0,0.2,104.17,,0.55,2,3,-1,0,0,115.5,103.0,1.0,2
2768,0022300994,2024-03-19,2023-24,Regular Season,107,113,23,6,SAS,DAL,114.1,113.51,113.47,99.57,0.4815,0.3916,1.0,0.4,113.33,,120.0,119.99,117.34,99.9,0.499,0.3305,1.0,0.6,126.8,,0.33,2,5,-3,0,0,106.0,130.0,0.0,2
2764,0022300993,2024-03-19,2023-24,Regular Season,91,104,15,4,BKN,NOP,110.4,114.72,113.55,95.57,0.4687,0.3893,1.0,0.4,113.0,,115.5,117.92,107.8,97.85,0.4964,0.4078,1.0,0.7,117.4,,2.28,14,9,5,0,0,85.0,112.0,0.0,1
2766,0022300992,2024-03-19,2023-24,Regular Season,114,137,28,9,WAS,HOU,111.0,108.73,120.27,101.0,0.4671,0.3419,1.0,0.2,108.33,,113.8,112.25,108.23,101.1,0.4578,0.3444,1.0,0.7,109.33,,0.1,2,7,-5,0,0,119.0,135.0,0.0,1
2757,0022300997,2024-03-20,2023-24,Regular Season,103,122,29,18,DET,IND,106.0,105.92,112.59,100.1,0.4408,0.3104,1.0,0.3,109.29,,116.3,114.73,113.06,100.05,0.4831,0.3145,1.0,0.5,115.2,,0.05,3,8,-5,0,0,117.0,132.0,0.0,3
2763,0022300996,2024-03-20,2023-24,Regular Season,104,107,3,12,CLE,MIA,106.6,110.84,112.0,95.39,0.4549,0.3751,1.0,0.5,105.6,,104.8,109.16,110.53,95.9,0.4583,0.3383,1.0,0.4,101.33,,0.51,9,2,7,0,0,103.5,114.0,0.5,2
2762,0022300998,2024-03-20,2023-24,Regular Season,122,119,2,13,BOS,MIL,122.8,127.26,107.8,96.6,0.4896,0.4279,1.0,0.8,131.0,,114.4,117.79,114.86,97.1,0.4696,0.3858,1.0,0.7,109.0,,0.5,2,8,-6,0,0,110.5,125.5,0.5,2
2761,0022301003,2024-03-20,2023-24,Regular Season,103,116,21,10,POR,LAC,108.8,110.24,116.87,96.78,0.4582,0.3666,1.0,0.3,108.83,,110.9,116.8,116.13,95.15,0.4823,0.3692,1.0,0.5,109.4,,1.63,6,5,1,0,0,127.0,132.0,0.0,1
2760,0022301002,2024-03-20,2023-24,Regular Season,115,102,20,19,PHX,PHI,113.8,113.83,114.78,99.32,0.4828,0.3623,1.0,0.5,111.2,,102.2,110.3,112.46,92.65,0.4338,0.3478,1.0,0.5,98.0,,6.67,11,6,5,0,0,113.8,102.2,0.5,0
2759,0022301001,2024-03-20,2023-24,Regular Season,137,116,8,27,GSW,MEM,112.9,113.14,113.78,99.9,0.4669,0.3546,1.0,0.5,118.0,,102.8,105.07,112.88,96.15,0.4239,0.3536,1.0,0.3,106.25,,3.75,2,2,0,0,0,114.0,108.5,0.5,2
2758,0022301000,2024-03-20,2023-24,Regular Season,119,107,24,26,OKC,UTA,116.6,115.83,111.87,100.3,0.4895,0.3638,1.0,0.7,116.0,,112.4,114.18,124.18,98.5,0.4633,0.3675,1.0,0.2,111.25,,1.8,6,11,-5,0,0,128.33333333333334,124.33333333333333,0.6666666666666666,3
2756,0022300999,2024-03-20,2023-24,Regular Season,89,123,25,22,TOR,SAC,109.2,106.01,117.78,102.0,0.4535,0.3298,1.0,0.1,108.4,,115.5,115.17,111.3,98.51,0.4722,0.3404,1.0,0.6,116.67,,3.49,5,14,-9,0,0,130.0,135.0,0.0,1
2755,0022301006,2024-03-21,2023-24,Regular Season,127,117,9,5,HOU,CHI,118.0,116.73,108.99,100.7,0.4705,0.3546,1.0,0.8,120.5,,112.8,115.54,118.88,96.6,0.4787,0.3688,1.0,0.6,118.2,,4.1,5,8,-3,0,0,119.0,124.0,0.0,1
2751,0022301004,2024-03-21,2023-24,Regular Season,121,106,17,4,ORL,NOP,106.9,112.21,105.9,94.9,0.5011,0.35,1.0,0.8,110.33,,115.3,118.88,106.62,96.8,0.5015,0.3982,1.0,0.8,115.17,,1.9,2,2,0,0,0,106.9,115.3,0.5,0
2750,0022301005,2024-03-21,2023-24,Regular Season,109,102,28,22,WAS,SAC,109.3,108.56,122.01,100.8,0.459,0.3389,1.0,0.2,109.75,,118.2,117.79,108.56,98.51,0.4838,0.3361,1.0,0.7,125.67,,2.29,2,1,1,0,1,131.0,143.0,0.0,1
2753,0022301008,2024-03-21,2023-24,Regular Season,113,97,6,26,DAL,UTA,117.7,118.15,116.05,99.55,0.4932,0.3289,1.0,0.6,113.2,,113.4,115.62,124.38,97.95,0.4705,0.3664,1.0,0.2,113.75,,1.6,4,1,3,0,1,118.5,112.0,0.5,2
2752,0022301009,2024-03-21,2023-24,Regular Season,113,100,7,16,DEN,NYK,115.3,118.36,111.51,96.62,0.5151,0.3961,1.0,0.8,118.4,,99.7,108.15,104.02,92.45,0.4276,0.3257,1.0,0.6,107.25,,4.17,10,3,7,0,0,84.0,122.0,0.0,1
2754,0022301007,2024-03-21,2023-24,Regular Season,115,108,13,15,MIL,BKN,114.0,117.1,118.85,97.15,0.4715,0.3944,1.0,0.6,122.33,,107.1,111.39,114.68,95.32,0.4545,0.3715,1.0,0.3,108.67,,1.83,4,4,0,0,0,144.0,122.0,1.0,1
2749,0022301010,2024-03-21,2023-24,Regular Season,128,115,20,1,PHX,ATL,114.3,114.64,114.78,99.02,0.4924,0.3759,1.0,0.5,112.2,,106.8,112.31,115.72,95.25,0.4511,0.3691,1.0,0.4,106.63,,3.77,1,3,-2,1,0,120.0,129.0,0.0,1
2745,0022301012,2024-03-22,2023-24,Regular Season,103,123,25,24,TOR,OKC,105.6,103.41,117.49,101.15,0.4479,0.325,1.0,0.1,101.2,,117.3,116.86,113.24,100.05,0.4911,0.3562,1.0,0.7,117.2,,1.1,2,6,-4,0,0,127.0,135.0,0.0,1
2746,0022301017,2024-03-22,2023-24,Regular Season,117,125,21,10,POR,LAC,108.4,110.95,119.57,96.7,0.4639,0.3793,1.0,0.2,108.0,,108.5,115.17,115.58,94.55,0.4772,0.3705,1.0,0.5,110.5,,2.15,2,2,0,0,0,115.0,124.0,0.0,2
2748,0022301011,2024-03-22,2023-24,Regular Season,102,129,29,2,DET,BOS,106.3,105.72,113.44,100.5,0.4448,0.3043,1.0,0.3,109.71,,121.2,126.3,109.2,96.15,0.4814,0.4241,1.0,0.8,117.33,,4.35,2,5,-3,0,0,108.0,123.5,0.0,2
2747,0022301014,2024-03-22,2023-24,Regular Season,104,91,14,3,MIN,CLE,111.6,114.24,112.18,95.52,0.464,0.3508,1.0,0.5,109.75,,106.0,111.29,114.06,94.39,0.4618,0.3669,1.0,0.4,107.0,,1.13,3,4,-1,0,0,104.0,113.0,0.0,1
2741,0022301013,2024-03-22,2023-24,Regular Season,88,111,12,4,MIA,NOP,105.8,111.72,111.79,94.75,0.4619,0.3475,1.0,0.5,110.0,,114.4,116.88,108.61,97.7,0.5047,0.3753,1.0,0.7,113.67,,2.95,9,1,8,0,1,106.0,95.0,1.0,1
2742,0022301018,2024-03-22,2023-24,Regular Season,101,94,11,19,LAL,PHI,120.7,120.63,118.55,99.05,0.526,0.4187,1.0,0.6,123.0,,100.3,106.65,110.75,94.0,0.4291,0.3397,1.0,0.4,98.67,,5.05,4,2,2,0,0,94.0,138.0,0.0,1
2743,0022301015,2024-03-22,2023-24,Regular Season,97,99,23,27,SAS,MEM,114.3,113.61,113.27,99.67,0.4777,0.3885,1.0,0.4,112.43,,105.2,107.6,114.44,96.15,0.4234,0.3528,1.0,0.3,108.2,,3.52,3,2,1,0,0,103.0,113.0,0.0,2
2744,0022301016,2024-03-22,2023-24,Regular Season,111,123,8,18,GSW,IND,115.6,116.3,115.89,99.6,0.48,0.3715,1.0,0.5,121.8,,116.2,114.51,111.67,100.25,0.4909,0.3156,1.0,0.5,116.33,,0.65,2,2,0,0,0,131.0,109.0,1.0,1
2738,0022301025,2024-03-23,2023-24,Regular Season,106,131,23,20,SAS,PHX,110.8,109.52,110.78,100.27,0.4639,0.3582,1.0,0.3,107.43,,116.2,117.92,116.06,97.72,0.5019,0.3986,1.0,0.6,116.4,,2.55,1,6,-5,1,0,110.8,116.2,0.5,0
2736,0022301019,2024-03-23,2023-24,Regular Season,105,93,16,15,NYK,BKN,100.5,109.15,103.94,92.35,0.4384,0.3308,1.0,0.6,95.2,,106.5,110.51,115.92,95.47,0.4525,0.3541,1.0,0.2,108.57,,3.12,11,2,9,0,0,114.5,102.5,1.0,2
2739,0022301022,2024-03-23,2023-24,Regular Season,112,109,28,25,WAS,TOR,108.7,108.4,118.72,100.4,0.4627,0.3436,1.0,0.3,109.6,,105.4,103.21,117.77,101.15,0.4573,0.335,1.0,0.1,110.0,,0.75,2,6,-4,0,0,102.0,132.0,0.0,1
2737,0022301024,2024-03-23,2023-24,Regular Season,147,119,9,26,HOU,UTA,120.2,119.08,109.88,100.5,0.4877,0.368,1.0,0.9,121.8,,112.4,114.19,123.6,98.4,0.4738,0.3365,1.0,0.2,111.25,,2.1,2,2,0,0,0,127.0,126.0,1.0,1
2733,0022301023,2024-03-23,2023-24,Regular Season,113,124,5,2,CHI,BOS,114.8,116.69,119.44,97.35,0.482,0.3668,1.0,0.6,110.0,,120.1,125.73,110.87,95.8,0.479,0.4087,1.0,0.8,119.0,,1.55,5,1,4,0,1,104.5,126.5,0.0,2
2740,0022301021,2024-03-23,2023-24,Regular Season,132,91,1,30,ATL,CHA,108.6,113.99,115.86,95.45,0.4521,0.3748,1.0,0.4,107.5,,101.2,106.08,113.77,95.55,0.4607,0.3146,1.0,0.2,102.43,,0.1,13,4,9,0,0,99.0,122.0,0.0,1
2734,0022301026,2024-03-23,2023-24,Regular Season,111,114,21,7,POR,DEN,108.7,110.76,119.67,97.1,0.4634,0.3747,1.0,0.2,109.13,,116.3,120.48,113.02,95.62,0.5258,0.3908,1.0,0.8,112.2,,1.48,1,4,-3,1,0,107.66666666666667,119.66666666666667,0.0,3
2735,0022301020,2024-03-23,2023-24,Regular Season,107,109,17,22,ORL,SAC,107.5,112.45,105.37,95.25,0.5013,0.3556,1.0,0.8,111.33,,116.0,115.93,107.92,99.12,0.4768,0.3264,1.0,0.6,118.33,,3.87,2,2,0,0,0,135.0,138.0,0.0,1
2728,0022301030,2024-03-24,2023-24,Regular Season,118,93,13,24,MIL,OKC,114.4,117.27,119.57,97.35,0.4735,0.3924,1.0,0.6,120.5,,117.8,116.65,109.81,100.6,0.4922,0.3647,1.0,0.8,118.2,,3.25,3,2,1,0,0,114.4,117.8,0.5,0
2727,0022301031,2024-03-24,2023-24,Regular Season,114,110,14,8,MIN,GSW,110.0,114.28,110.02,95.24,0.4628,0.364,1.0,0.6,105.75,,114.7,115.34,117.5,99.7,0.4757,0.3598,1.0,0.4,106.75,,4.46,2,8,-6,0,0,110.0,114.7,0.5,0
2730,0022301027,2024-03-24,2023-24,Regular Season,101,114,29,4,DET,NOP,107.4,106.73,115.07,100.55,0.457,0.3111,1.0,0.3,108.75,,114.1,118.06,106.32,96.5,0.5092,0.3874,1.0,0.8,113.17,,4.05,2,2,0,0,0,107.4,114.1,0.5,0
2731,0022301028,2024-03-24,2023-24,Regular Season,107,121,10,19,LAC,PHI,112.1,118.26,117.95,95.15,0.4967,0.3835,1.0,0.5,105.5,,97.7,103.81,109.11,94.15,0.418,0.3316,1.0,0.3,94.33,,1.0,7,2,5,0,0,112.1,97.7,0.5,0
2732,0022301032,2024-03-24,2023-24,Regular Season,150,145,11,18,LAL,IND,119.2,119.11,116.52,99.15,0.5151,0.4185,1.0,0.6,120.56,,118.3,116.22,109.49,100.6,0.4973,0.326,1.0,0.6,119.83,,1.45,2,2,0,0,0,119.2,118.3,0.5,0
2729,0022301029,2024-03-24,2023-24,Regular Season,121,84,12,3,MIA,CLE,102.0,108.62,111.63,94.05,0.4456,0.337,1.0,0.4,100.5,,105.3,110.52,113.99,94.29,0.459,0.3524,1.0,0.4,103.8,,0.24,2,2,0,0,0,111.66666666666667,103.66666666666667,0.6666666666666666,3
2717,0022301034,2024-03-25,2023-24,Regular Season,120,118,1,2,ATL,BOS,111.6,117.6,113.51,95.25,0.4652,0.39,1.0,0.5,115.67,,122.1,128.68,112.26,95.3,0.4883,0.413,1.0,0.9,121.86,,0.05,2,2,0,0,0,110.0,119.0,0.0,2
2722,0022301033,2024-03-25,2023-24,Regular Season,115,92,3,30,CLE,CHA,103.2,108.19,116.03,94.24,0.4574,0.3358,1.0,0.3,107.25,,98.9,102.76,114.37,96.05,0.4512,0.3004,1.0,0.2,99.14,,1.81,5,2,3,0,0,103.2,98.9,0.5,0
2721,0022301040,2024-03-25,2023-24,Regular Season,128,103,7,27,DEN,MEM,115.3,118.95,112.22,96.02,0.5122,0.3818,1.0,0.8,120.4,,105.1,107.77,113.77,96.87,0.4275,0.3506,1.0,0.4,106.67,,0.85,4,3,1,0,0,142.0,105.0,1.0,1
2720,0022301042,2024-03-25,2023-24,Regular Season,108,96,22,19,SAC,PHI,116.0,115.68,106.9,99.37,0.4759,0.3342,1.0,0.7,116.0,,99.1,105.6,109.21,93.8,0.4225,0.3373,1.0,0.4,96.67,,5.57,7,1,6,0,1,93.0,112.0,0.0,1
2719,0022301035,2024-03-25,2023-24,Regular Season,124,99,16,29,NYK,DET,101.1,110.46,103.16,91.6,0.4449,0.3375,1.0,0.7,96.4,,106.5,105.46,114.4,100.8,0.4537,0.3093,1.0,0.3,94.0,,9.2,2,7,-5,0,0,115.5,111.5,1.0,2
2716,0022301043,2024-03-25,2023-24,Regular Season,116,133,10,18,LAC,IND,112.2,119.33,119.84,94.35,0.5009,0.3792,1.0,0.5,105.8,,122.3,119.02,111.43,101.55,0.5083,0.356,1.0,0.6,126.5,,7.2,1,1,0,1,1,151.0,127.0,1.0,1
2726,0022301036,2024-03-25,2023-24,Regular Season,88,96,25,15,TOR,BKN,105.2,103.23,118.78,100.85,0.4537,0.325,1.0,0.0,98.25,,105.6,109.63,115.68,95.47,0.4529,0.3537,1.0,0.2,106.63,,5.38,3,2,1,0,0,112.0,104.0,0.5,2
2725,0022301039,2024-03-25,2023-24,Regular Season,104,102,23,20,SAS,PHX,109.7,108.41,113.51,100.22,0.4569,0.3455,1.0,0.2,105.86,,118.3,120.37,115.31,97.37,0.5175,0.4085,1.0,0.7,118.83,,2.85,2,2,0,0,0,106.0,131.0,0.0,1
2724,0022301037,2024-03-25,2023-24,Regular Season,105,107,5,28,CHI,WAS,114.8,116.97,121.5,97.1,0.4893,0.3699,1.0,0.5,110.6,,108.4,108.75,117.43,99.9,0.4679,0.3329,1.0,0.4,106.0,,2.8,2,9,-7,0,0,127.0,98.0,1.0,1
2723,0022301041,2024-03-25,2023-24,Regular Season,105,115,26,6,UTA,DAL,112.3,113.46,125.31,98.8,0.4704,0.3262,1.0,0.2,113.17,,118.0,118.23,111.85,99.7,0.4964,0.3337,1.0,0.7,125.25,,0.9,7,6,1,0,0,107.0,116.66666666666667,0.3333333333333333,3
2718,0022301038,2024-03-25,2023-24,Regular Season,110,92,9,21,HOU,POR,123.1,122.95,111.59,99.7,0.4996,0.385,1.0,0.9,126.0,,107.8,110.44,118.88,96.6,0.459,0.3692,1.0,0.2,107.0,,3.1,2,7,-5,0,0,127.0,122.0,0.5,2
2715,0022301046,2024-03-26,2023-24,Regular Season,112,119,4,24,NOP,OKC,112.6,117.16,106.63,96.05,0.504,0.3729,1.0,0.8,111.0,,115.3,114.49,111.19,100.2,0.4813,0.359,1.0,0.7,113.2,,4.15,10,2,8,0,0,83.0,107.0,0.0,1
2714,0022301047,2024-03-26,2023-24,Regular Season,96,132,22,6,SAC,DAL,113.8,115.31,106.26,97.82,0.4644,0.3218,1.0,0.7,114.86,,117.9,118.25,110.55,99.55,0.4977,0.3233,1.0,0.8,123.2,,1.73,1,1,0,1,1,124.5,114.0,1.0,2
2713,0022301044,2024-03-26,2023-24,Regular Season,92,113,12,8,MIA,GSW,102.3,109.07,108.89,94.0,0.448,0.3313,1.0,0.4,101.25,,116.9,117.6,115.06,99.6,0.4813,0.3816,1.0,0.4,112.25,,5.6,2,2,0,0,0,114.0,102.0,1.0,1
2712,0022301045,2024-03-26,2023-24,Regular Season,124,128,13,11,MIL,LAL,114.9,117.54,118.55,97.75,0.4838,0.3922,1.0,0.6,120.0,,120.8,120.91,118.02,99.95,0.5188,0.4317,1.0,0.6,107.0,,2.2,2,13,-11,0,0,122.0,123.0,0.0,1
2709,0022301054,2024-03-27,2023-24,Regular Season,125,99,5,18,CHI,IND,113.4,114.94,120.25,97.45,0.4807,0.3549,1.0,0.4,109.67,,121.9,119.61,111.64,100.95,0.5126,0.3705,1.0,0.6,125.83,,3.5,2,2,0,0,0,118.0,124.5,0.5,2
2703,0022301058,2024-03-27,2023-24,Regular Season,111,118,26,23,UTA,SAS,110.1,112.42,126.32,97.85,0.4644,0.3195,1.0,0.1,109.5,,110.0,108.82,112.74,99.97,0.4572,0.338,1.0,0.3,127.5,,2.12,2,18,-16,0,0,129.0,113.5,1.0,2
2711,0022301053,2024-03-27,2023-24,Regular Season,101,145,25,16,TOR,NYK,104.2,103.57,115.83,99.55,0.4585,0.314,1.0,0.0,95.75,,102.8,111.1,102.19,92.55,0.4467,0.3378,1.0,0.7,105.5,,7.0,2,6,-4,0,0,112.0,127.0,0.0,3
2710,0022301056,2024-03-27,2023-24,Regular Season,106,91,14,29,MIN,DET,112.6,116.0,111.24,96.14,0.4716,0.3892,1.0,0.7,112.25,,104.6,103.69,115.82,100.65,0.4399,0.2987,1.0,0.2,96.5,,4.51,3,2,1,0,0,124.0,117.0,1.0,1
2708,0022301059,2024-03-27,2023-24,Regular Season,97,104,7,20,DEN,PHX,117.4,121.59,111.26,96.55,0.5228,0.3912,1.0,0.9,124.6,,116.8,119.42,115.53,97.85,0.5243,0.4001,1.0,0.6,116.33,,1.3,2,2,0,0,0,113.0,114.0,0.5,2
2707,0022301052,2024-03-27,2023-24,Regular Season,107,108,19,10,PHI,LAC,97.8,105.27,109.61,92.9,0.4258,0.3326,1.0,0.4,100.67,,111.6,118.56,121.65,94.4,0.5,0.3678,1.0,0.4,117.75,,1.5,9,5,4,0,0,121.0,107.0,1.0,1
2706,0022301050,2024-03-27,2023-24,Regular Season,119,122,28,15,WAS,BKN,108.2,108.09,115.66,100.25,0.4626,0.3299,1.0,0.5,110.2,,104.0,108.39,113.84,95.17,0.4498,0.3368,1.0,0.2,105.44,,5.08,4,2,2,0,0,103.5,114.0,0.5,2
2702,0022301048,2024-03-27,2023-24,Regular Season,118,111,30,3,CHA,CLE,97.5,102.46,116.34,94.85,0.447,0.3029,1.0,0.2,98.33,,104.6,110.42,114.13,93.84,0.4671,0.3546,1.0,0.4,100.4,,1.01,12,3,9,0,0,92.0,115.0,0.0,1
2704,0022301055,2024-03-27,2023-24,Regular Season,124,136,27,11,MEM,LAL,104.8,106.52,115.49,97.67,0.4206,0.3432,1.0,0.3,102.75,,122.2,119.19,114.97,100.72,0.5049,0.4221,1.0,0.7,117.5,,3.05,11,1,10,0,1,117.0,123.5,0.5,2
2701,0022301049,2024-03-27,2023-24,Regular Season,93,101,17,8,ORL,GSW,106.9,112.18,107.55,94.95,0.4893,0.3538,1.0,0.7,110.33,,115.7,117.37,116.04,98.8,0.4806,0.3671,1.0,0.4,112.4,,3.85,4,1,3,0,1,115.0,121.0,0.0,1
2700,0022301057,2024-03-27,2023-24,Regular Season,126,132,24,9,OKC,HOU,116.8,115.99,110.78,100.2,0.4954,0.3646,1.0,0.8,117.4,,122.7,122.99,110.78,99.45,0.4927,0.3893,1.0,0.9,118.75,,0.75,7,8,-1,0,0,112.0,105.0,0.6666666666666666,3
2705,0022301051,2024-03-27,2023-24,Regular Season,120,106,1,21,ATL,POR,112.0,118.02,115.53,95.2,0.4675,0.4077,1.0,0.5,116.75,,106.3,108.7,117.55,96.7,0.4588,0.3447,1.0,0.2,102.0,,1.5,2,2,0,0,0,102.0,106.0,0.0,1
2699,0022301061,2024-03-28,2023-24,Regular Season,107,100,4,13,NOP,MIL,109.9,114.97,109.2,95.6,0.4988,0.3607,1.0,0.7,111.25,,116.0,116.13,118.14,98.12,0.4776,0.3821,1.0,0.5,109.8,,2.52,2,8,-6,0,0,117.0,141.0,0.0,1
2698,0022301060,2024-03-28,2023-24,Regular Season,123,122,1,2,ATL,BOS,112.8,118.23,115.83,95.55,0.4681,0.41,1.0,0.5,118.75,,123.0,130.11,113.27,94.9,0.4927,0.413,1.0,0.9,123.14,,0.65,1,3,-2,1,0,113.33333333333333,118.66666666666667,0.3333333333333333,3
2693,0022301062,2024-03-29,2023-24,Regular Season,97,115,30,8,CHA,GSW,100.4,105.37,117.18,95.05,0.4591,0.3059,1.0,0.3,108.0,,113.6,116.38,114.01,97.75,0.4796,0.3703,1.0,0.5,110.5,,2.7,2,2,0,0,0,84.0,97.0,0.0,1
2692,0022301071,2024-03-29,2023-24,Regular Season,98,111,7,14,DEN,MIN,115.6,120.63,111.44,95.85,0.516,0.3972,1.0,0.8,121.0,,111.3,114.99,109.0,95.89,0.4722,0.3805,1.0,0.7,112.83,,0.04,2,11,-9,0,0,115.0,112.0,1.0,1
2691,0022301073,2024-03-29,2023-24,Regular Season,103,107,22,6,SAC,DAL,110.3,111.97,106.68,97.72,0.4523,0.3272,1.0,0.6,109.86,,119.1,119.19,106.49,99.65,0.5047,0.3464,1.0,0.9,124.67,,1.93,3,3,0,0,0,115.0,120.0,0.6666666666666666,3
2690,0022301070,2024-03-29,2023-24,Regular Season,130,126,23,16,SAS,NYK,108.9,107.33,110.27,100.42,0.4579,0.338,1.0,0.4,105.63,,107.3,116.16,100.84,92.35,0.4668,0.357,1.0,0.8,113.4,,8.07,4,2,2,0,0,108.9,107.3,0.5,0
2689,0022301063,2024-03-29,2023-24,Regular Season,109,90,18,11,IND,LAL,120.7,118.71,113.23,100.65,0.5014,0.363,1.0,0.6,117.67,,124.2,120.3,116.16,101.42,0.5092,0.4295,1.0,0.7,123.67,,0.77,11,2,9,0,0,145.0,150.0,0.0,1
2688,0022301066,2024-03-29,2023-24,Regular Season,125,108,15,5,BKN,CHI,105.0,109.03,113.6,94.48,0.449,0.3256,1.0,0.3,91.0,,113.4,115.69,118.83,96.75,0.4778,0.3549,1.0,0.4,117.0,,2.27,10,8,2,0,0,118.0,109.0,1.0,1
2687,0022301064,2024-03-29,2023-24,Regular Season,97,100,17,10,ORL,LAC,106.1,111.19,108.51,95.15,0.4776,0.348,1.0,0.6,107.86,,111.2,118.26,122.29,94.3,0.4944,0.3724,1.0,0.4,115.8,,0.85,2,2,0,0,0,106.1,111.2,0.5,0
2686,0022301067,2024-03-29,2023-24,Regular Season,117,114,3,19,CLE,PHI,104.4,111.28,116.62,93.9,0.4733,0.3654,1.0,0.3,107.75,,99.0,106.54,110.26,92.85,0.4336,0.3477,1.0,0.4,96.57,,1.05,4,4,0,0,0,113.33333333333333,115.33333333333333,0.3333333333333333,3
2695,0022301072,2024-03-29,2023-24,Regular Season,100,101,26,9,UTA,HOU,109.5,110.73,124.82,98.95,0.4656,0.3247,1.0,0.1,108.5,,124.3,122.33,109.05,100.24,0.4929,0.381,1.0,1.0,121.4,,1.29,2,2,0,0,0,122.5,137.0,0.0,2
2694,0022301068,2024-03-29,2023-24,Regular Season,142,82,12,21,MIA,POR,100.7,107.59,109.16,93.75,0.4394,0.3108,1.0,0.4,99.4,,104.1,107.45,118.42,97.0,0.4618,0.3499,1.0,0.1,103.0,,3.25,3,2,1,0,0,106.0,96.0,1.0,1
2696,0022301069,2024-03-29,2023-24,Regular Season,128,103,24,20,OKC,PHX,116.6,114.93,110.81,100.04,0.4863,0.3605,1.0,0.7,118.83,,115.2,118.6,114.78,97.1,0.5201,0.4057,1.0,0.6,114.57,,2.94,2,2,0,0,0,118.0,110.0,1.0,1
2697,0022301065,2024-03-29,2023-24,Regular Season,87,96,28,29,WAS,DET,108.9,108.11,117.18,99.86,0.4637,0.3529,1.0,0.4,111.6,,101.3,102.31,114.56,98.8,0.4327,0.2917,1.0,0.2,94.67,,1.06,2,2,0,0,0,120.33333333333333,113.33333333333333,0.6666666666666666,3
2683,0022301075,2024-03-30,2023-24,Regular Season,118,88,17,27,ORL,MEM,103.9,109.24,107.79,94.9,0.4675,0.3363,1.0,0.5,106.5,,105.7,106.38,117.2,98.52,0.4229,0.3476,1.0,0.2,104.4,,3.62,1,5,-4,1,0,106.0,107.0,0.0,1
2685,0022301074,2024-03-30,2023-24,Regular Season,92,104,4,2,NOP,BOS,110.3,114.82,109.4,96.0,0.4941,0.3502,1.0,0.7,110.4,,123.5,130.01,114.18,94.48,0.4917,0.4134,1.0,0.9,123.86,,1.52,2,2,0,0,0,112.0,118.0,0.0,1
2684,0022301076,2024-03-30,2023-24,Regular Season,113,122,1,13,ATL,MIL,115.2,118.92,117.34,96.03,0.4746,0.4012,1.0,0.4,119.6,,117.0,117.53,116.57,97.82,0.4857,0.3898,1.0,0.5,111.8,,1.79,2,2,0,0,0,121.0,132.0,0.0,1
2674,0022301078,2024-03-31,2023-24,Regular Season,104,116,15,11,BKN,LAL,107.6,111.68,113.39,94.53,0.4563,0.3491,1.0,0.4,108.0,,121.2,117.96,114.56,100.92,0.498,0.3993,1.0,0.7,115.25,,6.39,2,2,0,0,0,130.0,112.0,1.0,1
2678,0022301085,2024-03-31,2023-24,Regular Season,113,117,23,8,SAS,GSW,109.3,107.11,110.86,99.96,0.4604,0.3265,1.0,0.4,108.33,,113.8,117.3,111.63,97.2,0.4869,0.3714,1.0,0.6,111.14,,2.76,2,2,0,0,0,113.33333333333333,114.33333333333333,0.3333333333333333,3
2677,0022301080,2024-03-31,2023-24,Regular Season,120,135,25,19,TOR,PHI,103.0,103.02,119.3,98.95,0.4592,0.3131,1.0,0.0,96.8,,102.5,109.95,114.73,93.25,0.4395,0.3577,1.0,0.3,101.57,,5.7,4,2,2,0,0,111.0,121.0,0.0,1
2675,0022301079,2024-03-31,2023-24,Regular Season,118,130,30,10,CHA,LAC,100.1,105.37,117.98,94.7,0.4596,0.3106,1.0,0.3,105.25,,109.5,117.07,119.96,93.85,0.4974,0.3759,1.0,0.5,113.17,,0.85,2,2,0,0,0,104.0,113.0,0.0,1
2676,0022301081,2024-03-31,2023-24,Regular Season,107,119,28,12,WAS,MIA,106.6,105.61,115.66,100.11,0.4565,0.3392,1.0,0.3,107.5,,104.9,110.74,106.05,94.5,0.4518,0.3267,1.0,0.5,102.5,,5.61,2,11,-9,0,0,106.0,109.0,0.5,2
2673,0022301082,2024-03-31,2023-24,Regular Season,112,113,16,24,NYK,OKC,110.1,116.41,104.59,93.4,0.4651,0.3463,1.0,0.7,102.0,,118.7,117.11,110.9,100.14,0.4954,0.3822,1.0,0.7,113.25,,6.74,6,5,1,0,0,120.0,129.0,0.0,1
2680,0022301084,2024-03-31,2023-24,Regular Season,101,109,14,5,MIN,CHI,111.1,115.37,108.0,95.49,0.4767,0.3846,1.0,0.7,109.0,,114.0,116.32,120.22,96.75,0.4855,0.3478,1.0,0.4,119.0,,1.26,4,2,2,0,0,123.0,129.0,0.0,1
2679,0022301086,2024-03-31,2023-24,Regular Season,127,106,22,26,SAC,UTA,110.2,112.63,107.08,96.97,0.4505,0.3553,1.0,0.6,109.71,,107.4,109.15,120.85,98.6,0.4619,0.3197,1.0,0.2,107.67,,1.63,2,8,-6,0,0,125.0,104.0,1.0,1
2682,0022301083,2024-03-31,2023-24,Regular Season,107,125,9,6,HOU,DAL,122.1,120.3,108.66,99.99,0.4835,0.3742,1.0,0.9,127.2,,118.4,118.69,106.08,99.5,0.506,0.3503,1.0,0.9,122.14,,0.49,6,2,4,0,0,118.5,108.5,0.5,2
2681,0022301077,2024-03-31,2023-24,Regular Season,130,101,7,3,DEN,CLE,111.2,116.35,110.9,95.55,0.4895,0.3664,1.0,0.7,112.2,,106.0,113.28,116.11,93.75,0.4795,0.3648,1.0,0.4,102.17,,1.8,2,4,-2,0,0,109.0,121.0,0.0,1
2670,0022301088,2024-04-01,2023-24,Regular Season,108,110,29,27,DET,MEM,99.5,100.29,113.27,99.05,0.4266,0.2929,1.0,0.2,102.5,,105.3,104.64,117.75,99.77,0.4184,0.3424,1.0,0.2,101.67,,0.72,8,2,6,0,0,102.0,116.0,0.0,1
2671,0022301091,2024-04-01,2023-24,Regular Season,101,113,5,1,CHI,ATL,115.7,118.25,117.48,96.7,0.4987,0.3858,1.0,0.5,115.17,,116.2,119.37,117.71,96.38,0.4785,0.4042,1.0,0.4,110.8,,0.32,5,11,-6,0,0,127.0,119.5,1.0,2
2668,0022301089,2024-04-01,2023-24,Regular Season,133,111,18,15,IND,BKN,120.5,118.4,112.52,100.7,0.501,0.3605,1.0,0.6,115.5,,106.0,108.88,113.9,95.48,0.4455,0.331,1.0,0.3,105.71,,5.22,3,5,-2,0,0,121.0,100.0,1.0,1
2667,0022301090,2024-04-01,2023-24,Regular Season,104,103,17,21,ORL,POR,108.3,112.53,104.97,96.35,0.482,0.3632,1.0,0.6,107.78,,102.4,104.61,118.91,98.15,0.4572,0.3309,1.0,0.1,98.8,,1.8,2,3,-1,0,0,108.3,102.4,0.5,0
2672,0022301087,2024-04-01,2023-24,Regular Season,104,118,30,2,CHA,BOS,100.9,106.34,121.31,94.65,0.4553,0.3181,1.0,0.2,107.25,,121.8,127.89,113.3,94.63,0.4903,0.4164,1.0,0.9,121.43,,0.02,1,2,-1,1,0,121.0,118.0,1.0,1
2669,0022301092,2024-04-01,2023-24,Regular Season,111,124,4,20,NOP,PHX,107.9,112.74,109.62,95.75,0.4763,0.3354,1.0,0.6,107.33,,114.8,118.3,116.05,97.0,0.5143,0.4084,1.0,0.6,113.13,,1.25,2,3,-1,0,0,109.0,123.0,0.0,1
2664,0022301101,2024-04-02,2023-24,Regular Season,109,95,22,10,SAC,LAC,110.0,113.37,109.17,96.22,0.4508,0.3603,1.0,0.6,109.43,,112.5,120.18,119.82,93.95,0.5075,0.3875,1.0,0.6,115.57,,2.27,2,2,0,0,0,113.0,119.0,0.3333333333333333,3
2663,0022301099,2024-04-02,2023-24,Regular Season,110,105,7,23,DEN,SAS,111.7,116.99,109.41,95.35,0.4923,0.3955,1.0,0.7,113.2,,110.4,108.32,111.48,99.86,0.4634,0.3282,1.0,0.4,118.0,,4.51,2,6,-4,0,0,124.5,113.0,1.0,2
2666,0022301095,2024-04-02,2023-24,Regular Season,117,113,28,13,WAS,MIL,107.6,106.0,116.09,100.66,0.4569,0.3375,1.0,0.3,107.43,,117.0,117.66,115.3,97.87,0.4913,0.3794,1.0,0.6,111.8,,2.79,2,3,-1,0,0,128.5,136.5,0.0,2
2665,0022300589,2024-04-02,2023-24,Regular Season,104,100,8,6,GSW,DAL,114.3,117.92,112.84,97.1,0.4863,0.368,1.0,0.6,120.0,,116.7,118.54,105.84,98.25,0.5022,0.3646,1.0,0.9,119.71,,1.15,11,2,9,0,0,110.5,120.5,0.0,2
2662,0022301093,2024-04-02,2023-24,Regular Season,109,105,19,24,PHI,OKC,108.1,114.75,114.92,94.25,0.461,0.3893,1.0,0.4,104.67,,117.6,116.11,112.76,100.14,0.4964,0.3757,1.0,0.7,113.2,,5.89,6,2,4,0,0,127.0,123.0,1.0,1
2660,0022301098,2024-04-02,2023-24,Regular Season,113,106,14,9,MIN,HOU,110.8,115.8,108.64,95.65,0.4821,0.3876,1.0,0.7,107.4,,121.6,120.35,111.12,99.59,0.4795,0.367,1.0,0.8,118.25,,3.94,2,4,-2,0,0,116.5,92.5,1.0,2
2659,0022301096,2024-04-02,2023-24,Regular Season,109,99,12,16,MIA,NYK,106.0,111.27,105.23,95.0,0.4559,0.3353,1.0,0.6,106.2,,114.0,119.57,107.26,94.35,0.4739,0.354,1.0,0.7,115.5,,0.65,4,4,0,0,0,103.5,112.5,0.0,2
2658,0022301100,2024-04-02,2023-24,Regular Season,113,129,26,3,UTA,CLE,107.3,108.92,120.84,98.8,0.4552,0.3118,1.0,0.2,107.33,,105.0,112.13,117.19,93.9,0.4782,0.3642,1.0,0.4,102.0,,4.9,4,2,2,0,0,116.0,124.0,0.0,1
2661,0022301094,2024-04-02,2023-24,Regular Season,111,128,25,11,TOR,LAL,103.2,104.26,121.12,99.05,0.4641,0.3126,1.0,0.0,100.67,,120.5,116.65,112.34,101.37,0.5003,0.3897,1.0,0.7,115.4,,2.32,2,2,0,0,0,131.0,132.0,0.0,1
2654,0022301110,2024-04-03,2023-24,Regular Season,122,101,20,3,PHX,CLE,115.5,119.3,116.3,96.8,0.5089,0.4092,1.0,0.6,121.5,,106.3,113.19,118.8,94.1,0.4812,0.3608,1.0,0.4,103.86,,2.7,13,1,12,0,1,117.0,111.0,1.0,1
2653,0022301104,2024-04-03,2023-24,Regular Season,121,113,1,29,ATL,DET,117.3,120.62,117.09,96.38,0.4853,0.4158,1.0,0.5,121.6,,99.0,101.39,115.73,97.4,0.4329,0.2955,1.0,0.1,95.0,,1.02,4,5,-1,0,0,130.0,124.0,1.0,1
2652,0022301106,2024-04-03,2023-24,Regular Season,115,111,15,18,BKN,IND,106.5,108.48,114.55,96.38,0.4457,0.3426,1.0,0.3,106.67,,121.7,119.68,112.73,100.55,0.4986,0.3703,1.0,0.6,124.4,,4.17,3,7,-4,0,0,105.5,127.0,0.0,2
2651,0022301105,2024-04-03,2023-24,Regular Season,135,100,2,24,BOS,OKC,121.3,127.06,112.73,94.83,0.4919,0.4114,1.0,0.9,122.67,,117.0,116.05,112.25,99.59,0.4955,0.3712,1.0,0.7,111.83,,4.76,14,1,13,0,1,123.0,127.0,0.0,1
2650,0022301107,2024-04-03,2023-24,Regular Season,101,111,13,27,MIL,MEM,115.9,115.98,114.5,98.47,0.4856,0.3576,1.0,0.5,122.2,,107.0,106.78,116.47,99.47,0.4214,0.3424,1.0,0.3,104.5,,1.0,8,2,6,0,0,110.0,113.0,0.0,1
2649,0022301102,2024-04-03,2023-24,Regular Season,86,89,30,21,CHA,POR,101.6,107.5,122.48,94.15,0.4618,0.3207,1.0,0.2,106.6,,102.1,104.41,119.34,98.0,0.4553,0.3331,1.0,0.0,99.5,,3.85,2,2,0,0,0,93.0,80.0,1.0,1
2656,0022301108,2024-04-03,2023-24,Regular Season,133,85,14,25,MIN,TOR,111.2,117.11,107.68,95.05,0.493,0.3951,1.0,0.8,108.33,,102.4,102.93,120.57,99.65,0.4619,0.3072,1.0,0.0,103.0,,4.6,1,11,-10,1,0,111.2,102.4,0.5,0
2655,0022301109,2024-04-03,2023-24,Regular Season,108,117,4,17,NOP,ORL,109.5,114.86,110.97,95.35,0.4797,0.3579,1.0,0.6,110.0,,109.0,113.68,104.49,96.0,0.4919,0.3726,1.0,0.7,113.0,,0.65,2,19,-17,0,0,106.0,121.0,0.0,1
2657,0022301103,2024-04-03,2023-24,Regular Season,120,125,28,11,WAS,LAL,107.4,106.12,114.67,100.21,0.4579,0.3296,1.0,0.4,108.63,,121.3,116.73,112.33,101.77,0.4988,0.3919,1.0,0.7,117.5,,1.56,1,1,0,1,1,131.0,134.0,0.0,1
2645,0022301114,2024-04-04,2023-24,Regular Season,102,100,10,7,LAC,DEN,109.4,116.44,119.48,94.15,0.4883,0.3782,1.0,0.5,105.33,,112.7,116.75,110.14,96.4,0.4874,0.3946,1.0,0.7,112.75,,2.25,10,12,-2,0,0,107.5,107.5,0.5,2
2644,0022301113,2024-04-04,2023-24,Regular Season,110,133,9,8,HOU,GSW,121.9,120.31,112.15,99.84,0.4778,0.3649,1.0,0.7,123.83,,114.8,118.01,111.62,97.45,0.4917,0.3828,1.0,0.7,114.0,,2.39,4,4,0,0,0,116.0,121.0,0.0,1
2648,0022301124,2024-04-04,2023-24,Regular Season,109,95,6,1,DAL,ATL,114.0,115.07,106.35,98.9,0.4912,0.3704,1.0,0.8,109.67,,117.2,120.17,115.78,96.63,0.4951,0.3987,1.0,0.6,110.75,,2.27,14,3,11,0,0,148.0,143.0,1.0,1
2647,0022301111,2024-04-04,2023-24,Regular Season,105,109,12,19,MIA,PHI,108.1,113.32,104.75,95.25,0.462,0.3562,1.0,0.7,110.4,,108.5,114.07,112.86,95.15,0.4578,0.3874,1.0,0.5,110.33,,0.1,2,4,-2,0,0,106.33333333333333,105.0,0.6666666666666666,3
2646,0022301112,2024-04-04,2023-24,Regular Season,120,109,16,22,NYK,SAC,113.3,118.15,110.0,94.85,0.4694,0.3543,1.0,0.6,113.67,,108.9,112.47,108.36,95.92,0.4409,0.3426,1.0,0.6,111.33,,1.07,4,12,-8,0,0,98.0,91.0,1.0,1
2642,0022301115,2024-04-05,2023-24,Regular Season,124,115,30,17,CHA,ORL,99.2,105.44,121.85,93.8,0.4491,0.3007,1.0,0.1,103.17,,109.3,113.74,104.7,96.1,0.4913,0.3694,1.0,0.7,115.0,,2.3,2,2,0,0,0,99.33333333333333,114.33333333333333,0.0,3
2633,0022301120,2024-04-05,2023-24,Regular Season,104,119,9,12,HOU,MIA,119.4,118.92,114.56,98.94,0.4611,0.352,1.0,0.6,119.67,,107.8,113.01,106.07,95.3,0.4562,0.3658,1.0,0.6,105.25,,3.64,1,5,-4,1,0,113.0,120.0,0.0,1
2634,0022301121,2024-04-05,2023-24,Regular Season,108,90,27,29,MEM,DET,107.2,107.47,117.43,99.02,0.4272,0.3486,1.0,0.3,111.33,,100.8,102.67,116.34,97.95,0.4357,0.3025,1.0,0.1,98.6,,1.07,9,2,7,0,0,113.0,105.0,1.0,2
2640,0022301116,2024-04-05,2023-24,Regular Season,126,112,18,24,IND,OKC,119.9,119.74,112.7,100.1,0.4968,0.3655,1.0,0.6,116.5,,114.4,113.77,114.13,99.34,0.4864,0.351,1.0,0.6,110.14,,0.76,4,2,2,0,0,121.0,111.0,1.0,1
2641,0022301097,2024-04-05,2023-24,Regular Season,108,106,6,8,DAL,GSW,114.0,114.43,105.27,99.55,0.4779,0.3849,1.0,0.8,109.67,,115.3,117.97,110.02,97.85,0.4979,0.3902,1.0,0.7,114.83,,1.7,1,1,0,1,1,113.66666666666667,108.33333333333333,0.6666666666666666,3
2632,0022301125,2024-04-05,2023-24,Regular Season,97,87,20,14,PHX,MIN,116.5,120.07,113.27,97.05,0.512,0.4282,1.0,0.7,121.67,,112.7,117.21,104.91,96.25,0.4929,0.4052,1.0,0.8,114.67,,0.8,2,7,-5,0,0,133.0,115.0,1.0,1
2643,0022301119,2024-04-05,2023-24,Regular Season,108,100,5,16,CHI,NYK,112.6,116.67,117.63,96.35,0.4859,0.3751,1.0,0.4,113.14,,114.8,119.98,111.78,94.7,0.4807,0.3765,1.0,0.6,114.5,,1.65,4,3,1,0,0,100.0,116.0,0.0,1
2635,0022301117,2024-04-05,2023-24,Regular Season,102,108,28,21,WAS,POR,109.6,107.43,113.67,100.96,0.4645,0.3319,1.0,0.4,109.89,,101.7,104.09,117.45,97.9,0.4546,0.3267,1.0,0.1,98.0,,3.06,2,2,0,0,0,118.0,117.0,1.0,1
2636,0022301118,2024-04-05,2023-24,Regular Season,101,100,2,22,BOS,SAC,122.1,127.61,111.38,94.98,0.4934,0.4039,1.0,0.9,125.33,,110.7,114.46,110.92,95.77,0.4544,0.3585,1.0,0.6,110.75,,0.79,2,1,1,0,1,144.0,119.0,1.0,1
2638,0022301122,2024-04-05,2023-24,Regular Season,111,117,13,25,MIL,TOR,116.6,117.53,113.54,97.72,0.489,0.3806,1.0,0.5,118.67,,100.5,101.66,123.09,99.05,0.4545,0.3055,1.0,0.0,96.67,,1.33,2,2,0,0,0,128.0,112.0,1.0,1
2639,0022301126,2024-04-05,2023-24,Regular Season,131,102,10,26,LAC,UTA,109.2,115.58,117.69,94.7,0.478,0.363,1.0,0.6,104.5,,106.2,107.94,121.66,98.7,0.4523,0.3161,1.0,0.1,107.25,,4.0,1,5,-4,1,0,117.0,103.0,1.0,1
2637,0022301123,2024-04-05,2023-24,Regular Season,109,111,4,23,NOP,SAS,109.1,114.56,112.23,95.35,0.4788,0.3622,1.0,0.5,109.33,,110.8,107.86,111.4,100.61,0.4558,0.3271,1.0,0.4,111.5,,5.26,2,3,-1,0,0,127.0,109.66666666666667,1.0,3
2628,0022301127,2024-04-06,2023-24,Regular Season,116,97,11,3,LAL,CLE,123.1,117.38,110.84,102.92,0.5006,0.3767,1.0,0.8,127.0,,106.1,113.09,119.54,93.95,0.4831,0.3561,1.0,0.4,103.57,,8.97,13,3,10,0,0,121.0,115.0,1.0,1
2631,0022301130,2024-04-06,2023-24,Regular Season,142,110,7,1,DEN,ATL,111.0,114.81,109.52,96.6,0.4757,0.386,1.0,0.6,112.67,,115.7,117.47,116.15,97.78,0.4863,0.3829,1.0,0.5,107.0,,1.18,4,2,2,0,0,129.0,122.0,1.0,1
2630,0022301128,2024-04-06,2023-24,Regular Season,113,103,15,29,BKN,DET,108.0,110.44,114.37,95.83,0.4511,0.3401,1.0,0.4,108.75,,99.7,101.21,116.41,98.25,0.4304,0.2903,1.0,0.1,97.17,,2.42,3,1,2,0,1,118.66666666666667,115.0,0.6666666666666666,3
2629,0022301129,2024-04-06,2023-24,Regular Season,96,116,27,19,MEM,PHI,108.2,108.49,115.6,98.92,0.4315,0.3409,1.0,0.4,114.67,,108.5,113.48,113.25,95.55,0.4601,0.3907,1.0,0.5,110.14,,3.37,1,2,-1,1,0,115.0,109.0,1.0,1
2618,0022301135,2024-04-07,2023-24,Regular Season,118,121,30,24,CHA,OKC,102.0,108.25,122.45,93.95,0.4716,0.3345,1.0,0.2,107.83,,113.8,112.72,115.17,99.69,0.4835,0.3434,1.0,0.5,109.29,,5.74,2,2,0,0,0,106.0,126.0,0.0,1
2616,0022301138,2024-04-07,2023-24,Regular Season,105,113,20,4,PHX,NOP,115.5,118.32,111.86,97.65,0.5094,0.4339,1.0,0.7,115.5,,107.4,112.94,112.53,95.35,0.4764,0.3538,1.0,0.4,108.75,,2.3,2,14,-12,0,0,123.5,110.0,1.0,2
2624,0022301133,2024-04-07,2023-24,Regular Season,117,115,18,12,IND,MIA,120.4,120.23,113.67,100.2,0.5015,0.3884,1.0,0.6,117.75,,109.3,113.96,105.84,95.8,0.4607,0.3676,1.0,0.6,109.0,,4.4,2,2,0,0,0,138.0,135.5,0.5,2
2619,0022301142,2024-04-07,2023-24,Regular Season,118,110,8,26,GSW,UTA,114.7,116.47,108.21,98.55,0.4943,0.3856,1.0,0.7,117.33,,106.4,107.94,122.36,99.0,0.445,0.323,1.0,0.1,106.2,,0.45,5,2,3,0,0,134.5,122.0,1.0,2
2626,0022301134,2024-04-07,2023-24,Regular Season,124,107,2,21,BOS,POR,119.2,125.2,111.51,94.48,0.4867,0.3832,1.0,0.9,119.25,,101.8,104.08,115.11,97.9,0.4482,0.3213,1.0,0.2,98.14,,3.42,2,2,0,0,0,121.0,99.0,1.0,1
2622,0022301143,2024-04-07,2023-24,Regular Season,117,127,11,14,LAL,MIN,122.6,116.38,106.97,103.42,0.5058,0.3846,1.0,0.9,125.75,,109.5,114.01,104.52,96.3,0.4844,0.3934,1.0,0.7,104.0,,7.12,1,2,-1,1,0,112.33333333333333,111.66666666666667,0.3333333333333333,3
2625,0022301136,2024-04-07,2023-24,Regular Season,113,98,17,5,ORL,CHI,109.5,114.07,107.0,96.0,0.486,0.3479,1.0,0.6,107.88,,112.3,115.53,113.98,97.05,0.4855,0.3598,1.0,0.5,111.33,,1.05,6,7,-1,0,0,104.33333333333333,99.66666666666667,1.0,3
2623,0022301139,2024-04-07,2023-24,Regular Season,109,122,13,16,MIL,NYK,116.3,115.43,113.1,99.17,0.4784,0.3648,1.0,0.4,118.17,,115.0,119.97,113.1,95.0,0.4811,0.3828,1.0,0.5,114.83,,4.17,2,2,0,0,0,132.66666666666666,120.66666666666667,0.6666666666666666,3
2617,0022301131,2024-04-07,2023-24,Regular Season,147,136,6,9,DAL,HOU,112.9,113.12,103.08,99.75,0.4743,0.3788,1.0,0.9,109.25,,118.1,117.85,116.16,98.84,0.4509,0.3481,1.0,0.5,119.0,,0.91,2,5,-3,0,0,114.0,114.66666666666667,0.6666666666666666,3
2615,0022301140,2024-04-07,2023-24,Regular Season,126,133,23,19,SAS,PHI,111.3,108.37,110.7,100.56,0.4607,0.3262,1.0,0.5,111.29,,110.3,114.99,113.37,95.9,0.4685,0.3956,1.0,0.5,110.88,,4.66,7,1,6,0,1,123.0,133.0,0.0,1
2627,0022301132,2024-04-07,2023-24,Regular Season,120,118,10,3,LAC,CLE,113.0,118.07,115.76,95.8,0.4962,0.3695,1.0,0.7,114.0,,105.0,110.95,120.18,94.7,0.4789,0.35,1.0,0.3,102.0,,1.1,2,1,1,0,1,108.0,118.0,0.0,1
2621,0022301137,2024-04-07,2023-24,Regular Season,130,122,25,28,TOR,WAS,101.9,102.4,122.13,99.7,0.4532,0.3032,1.0,0.1,102.0,,109.4,107.55,111.42,100.81,0.4616,0.3177,1.0,0.4,107.0,,1.11,5,13,-8,0,0,120.5,107.0,0.5,2
2620,0022301141,2024-04-07,2023-24,Regular Season,77,107,15,22,BKN,SAC,107.8,111.66,114.12,95.46,0.4571,0.355,1.0,0.5,109.6,,108.6,113.89,111.6,95.3,0.4481,0.3604,1.0,0.5,108.6,,0.16,1,2,-1,1,0,118.0,131.0,0.0,1
2609,0022301146,2024-04-09,2023-24,Regular Season,123,140,25,18,TOR,IND,105.3,104.42,121.88,100.9,0.4602,0.3129,1.0,0.2,106.0,,121.8,121.46,114.04,100.45,0.5065,0.3928,1.0,0.7,122.17,,0.45,2,6,-4,0,0,129.0,126.66666666666667,0.6666666666666666,3
2605,0022301156,2024-04-09,2023-24,Regular Season,92,105,20,10,PHX,LAC,113.1,116.26,109.66,97.3,0.4956,0.4274,1.0,0.7,113.4,,113.4,118.11,116.94,96.1,0.4927,0.3676,1.0,0.7,111.6,,1.2,2,7,-5,0,0,116.5,134.5,0.0,2
2614,0022301153,2024-04-09,2023-24,Regular Season,112,105,24,22,OKC,SAC,114.0,113.42,116.74,99.29,0.4863,0.364,1.0,0.5,127.0,,107.0,112.28,110.22,95.4,0.4391,0.3617,1.0,0.5,105.4,,3.89,11,2,9,0,0,125.0,120.5,0.5,2
2613,0022301157,2024-04-09,2023-24,Regular Season,100,110,21,4,POR,NOP,101.8,103.75,116.17,98.2,0.4419,0.3295,1.0,0.2,110.33,,108.3,112.91,113.24,96.1,0.4729,0.3654,1.0,0.4,111.0,,2.1,17,2,15,0,0,95.5,109.5,0.0,2
2612,0022301145,2024-04-09,2023-24,Regular Season,120,102,19,29,PHI,DET,113.4,115.79,112.31,95.9,0.4709,0.3913,1.0,0.6,108.0,,100.6,102.16,115.78,98.25,0.4332,0.3029,1.0,0.1,98.67,,2.35,7,3,4,0,0,126.5,101.5,1.0,2
2610,0022301144,2024-04-09,2023-24,Regular Season,104,130,30,6,CHA,DAL,104.0,110.09,123.45,94.15,0.4807,0.3447,1.0,0.2,109.29,,116.9,114.99,104.18,100.39,0.4864,0.3916,1.0,0.9,115.33,,6.24,2,7,-5,0,0,104.0,116.9,0.5,0
2611,0022301151,2024-04-09,2023-24,Regular Season,87,102,27,23,MEM,SAS,106.6,106.78,115.4,98.97,0.4272,0.3346,1.0,0.4,109.33,,111.7,107.61,111.05,100.74,0.4591,0.3383,1.0,0.4,111.33,,1.77,3,4,-1,0,0,108.33333333333333,101.0,1.0,3
2608,0022301150,2024-04-09,2023-24,Regular Season,118,106,9,17,HOU,ORL,118.0,116.19,117.66,99.13,0.4488,0.3563,1.0,0.4,117.5,,109.7,114.52,107.63,95.7,0.4821,0.3497,1.0,0.6,116.0,,3.43,4,4,0,0,0,118.0,109.7,0.5,0
2606,0022301154,2024-04-09,2023-24,Regular Season,95,111,26,7,UTA,DEN,107.0,108.1,122.39,99.35,0.4456,0.3221,1.0,0.1,107.25,,114.7,117.39,108.74,97.55,0.4919,0.3992,1.0,0.7,109.67,,1.8,7,5,2,0,0,122.5,126.5,0.5,2
2604,0022301152,2024-04-09,2023-24,Regular Season,130,121,14,28,MIN,WAS,110.8,114.08,104.58,97.35,0.4875,0.3929,1.0,0.7,111.86,,110.2,107.11,109.54,101.86,0.4659,0.3192,1.0,0.4,114.5,,4.51,6,2,4,0,0,118.0,107.0,1.0,1
2603,0022301148,2024-04-09,2023-24,Regular Season,104,91,13,2,MIL,BOS,113.2,113.42,113.59,98.27,0.4708,0.3416,1.0,0.3,113.0,,119.7,125.2,112.32,94.93,0.4977,0.3804,1.0,0.9,119.17,,3.34,2,8,-6,0,0,123.33333333333333,114.33333333333333,0.3333333333333333,3
2602,0022301147,2024-04-09,2023-24,Regular Season,111,117,1,12,ATL,MIA,116.2,117.45,116.2,98.23,0.4859,0.3933,1.0,0.5,121.5,,111.7,116.59,107.82,95.75,0.4678,0.3608,1.0,0.6,115.0,,2.48,6,2,4,0,0,111.0,115.0,0.5,2
2601,0022301149,2024-04-09,2023-24,Regular Season,117,128,5,16,CHI,NYK,109.4,113.39,116.17,96.4,0.4786,0.3565,1.0,0.4,110.33,,115.3,120.83,113.03,94.7,0.4816,0.3933,1.0,0.5,115.33,,1.7,4,2,2,0,0,104.0,108.0,0.5,2
2607,0022301155,2024-04-09,2023-24,Regular Season,120,134,11,8,LAL,GSW,120.7,114.27,108.8,103.67,0.4944,0.3784,1.0,0.8,121.0,,112.8,114.49,107.46,98.6,0.4896,0.3769,1.0,0.7,113.57,,5.07,2,4,-2,0,0,125.33333333333333,133.33333333333334,0.3333333333333333,3
2594,0022301164,2024-04-10,2023-24,Regular Season,116,107,7,14,DEN,MIN,114.3,117.21,107.31,97.3,0.4889,0.3851,1.0,0.7,116.86,,112.6,115.65,104.82,97.6,0.4876,0.4025,1.0,0.8,108.33,,0.3,4,3,1,0,0,106.5,111.5,0.5,2
2599,0022301160,2024-04-10,2023-24,Regular Season,106,102,15,25,BKN,TOR,106.4,109.36,113.37,96.36,0.4551,0.3483,1.0,0.5,106.8,,108.7,107.28,123.05,101.35,0.4689,0.3044,1.0,0.2,103.67,,4.99,3,5,-2,0,0,101.33333333333333,104.0,0.6666666666666666,3
2593,0022301159,2024-04-10,2023-24,Regular Season,114,115,1,30,ATL,CHA,115.8,115.43,113.18,97.92,0.4817,0.3807,1.0,0.5,120.0,,105.2,110.5,124.54,94.85,0.4764,0.345,1.0,0.2,91.5,,3.07,1,16,-15,1,0,115.5,106.5,0.5,2
2600,0022301161,2024-04-10,2023-24,Regular Season,92,111,12,6,MIA,DAL,112.7,114.88,106.35,96.04,0.4697,0.3647,1.0,0.6,109.5,,118.6,117.12,104.09,100.09,0.4918,0.3923,1.0,0.9,118.17,,4.05,6,1,5,0,1,108.0,114.0,0.0,1
2597,0022301165,2024-04-10,2023-24,Regular Season,108,124,10,20,LAC,PHX,111.4,115.64,113.93,96.55,0.4827,0.3714,1.0,0.7,115.2,,110.8,113.8,109.85,97.45,0.4793,0.4016,1.0,0.6,112.8,,0.9,3,9,-6,0,0,124.66666666666667,108.33333333333333,1.0,3
2596,0022301158,2024-04-10,2023-24,Regular Season,110,98,3,27,CLE,MEM,106.4,111.19,120.02,95.8,0.4799,0.351,1.0,0.3,116.0,,104.2,105.48,114.82,98.85,0.424,0.3204,1.0,0.4,104.5,,3.05,12,7,5,0,0,108.0,101.0,1.0,1
2598,0022301163,2024-04-10,2023-24,Regular Season,127,89,24,23,OKC,SAS,112.9,112.69,117.13,99.04,0.4846,0.3632,1.0,0.5,122.0,,111.2,107.74,109.06,100.14,0.4636,0.3274,1.0,0.5,109.0,,1.1,1,1,0,1,1,127.0,111.0,0.6666666666666666,3
2595,0022301162,2024-04-10,2023-24,Regular Season,117,99,13,17,MIL,ORL,111.7,112.58,110.86,97.72,0.4703,0.3402,1.0,0.4,111.71,,109.1,113.32,109.54,96.3,0.4731,0.3436,1.0,0.5,112.67,,1.42,1,1,0,1,1,118.0,114.0,1.0,1
2588,0022301167,2024-04-11,2023-24,Regular Season,109,118,2,16,BOS,NYK,116.6,122.47,111.48,94.38,0.4904,0.3681,1.0,0.8,120.0,,118.1,123.19,112.8,95.2,0.4889,0.405,1.0,0.6,120.0,,0.82,4,2,2,0,0,124.5,112.5,1.0,2
2592,0022301168,2024-04-11,2023-24,Regular Season,124,121,26,9,UTA,HOU,105.8,107.51,122.17,98.8,0.4408,0.3266,1.0,0.1,104.8,,117.1,115.54,116.9,98.88,0.4506,0.3614,1.0,0.4,118.75,,0.08,2,4,-2,0,0,115.0,125.0,0.0,3
2589,0022301170,2024-04-11,2023-24,Regular Season,123,135,22,4,SAC,NOP,107.3,112.27,110.19,95.7,0.4305,0.368,1.0,0.5,108.6,,108.7,113.63,111.56,95.75,0.4605,0.366,1.0,0.5,112.0,,0.05,9,2,7,0,0,105.5,126.5,0.0,4
2590,0022301166,2024-04-11,2023-24,Regular Season,105,127,29,5,DET,CHI,100.5,102.36,115.82,98.0,0.4326,0.3279,1.0,0.1,103.67,,110.1,114.24,118.61,96.25,0.4879,0.3589,1.0,0.3,108.0,,1.75,10,4,6,0,0,105.0,95.0,1.0,1
2591,0022301169,2024-04-11,2023-24,Regular Season,92,100,21,8,POR,GSW,101.5,103.55,115.43,98.2,0.4409,0.3196,1.0,0.2,109.33,,115.1,117.29,107.63,98.15,0.5078,0.4111,1.0,0.8,116.13,,0.05,2,2,0,0,0,108.66666666666667,118.0,0.0,3
2573,0022301177,2024-04-12,2023-24,Regular Season,120,123,27,11,MEM,LAL,102.4,103.37,111.89,99.0,0.4195,0.3275,1.0,0.4,103.75,,122.6,115.95,112.67,103.82,0.4964,0.374,1.0,0.7,120.5,,4.82,3,9,-6,0,0,119.33333333333333,127.66666666666667,0.3333333333333333,3
2585,0022301184,2024-04-12,2023-24,Regular Season,109,110,10,26,LAC,UTA,111.5,114.24,112.67,97.8,0.4808,0.369,1.0,0.7,115.4,,108.5,110.83,123.69,98.25,0.4456,0.3492,1.0,0.2,109.25,,0.45,2,5,-3,0,0,124.0,102.5,1.0,2
2586,0022301173,2024-04-12,2023-24,Regular Season,131,98,2,30,BOS,CHA,114.6,120.66,113.34,94.18,0.4841,0.3706,1.0,0.7,117.25,,107.6,112.45,121.82,95.4,0.4853,0.3557,1.0,0.3,103.5,,1.22,1,2,-1,1,0,118.0,112.5,0.5,2
2587,0022301181,2024-04-12,2023-24,Regular Season,89,107,6,29,DAL,DET,118.4,118.24,104.6,99.04,0.4912,0.3951,1.0,0.9,121.33,,100.8,102.77,115.75,97.9,0.4314,0.3389,1.0,0.1,99.14,,1.14,5,3,2,0,0,142.0,124.0,1.0,1
2575,0022301176,2024-04-12,2023-24,Regular Season,125,103,12,25,MIA,TOR,113.1,115.1,106.08,96.24,0.4744,0.3803,1.0,0.6,110.17,,108.6,108.12,122.5,100.4,0.4535,0.3077,1.0,0.2,103.25,,4.16,2,2,0,0,0,104.5,112.0,0.5,2
2574,0022301185,2024-04-12,2023-24,Regular Season,107,108,22,20,SAC,PHX,108.7,113.1,112.17,96.3,0.4416,0.3726,1.0,0.4,111.0,,110.4,112.37,108.23,98.25,0.4723,0.3839,1.0,0.6,114.67,,1.95,1,2,-1,1,0,119.0,115.0,0.5,4
2579,0022301180,2024-04-12,2023-24,Regular Season,121,120,23,7,SAS,DEN,110.4,106.31,110.77,101.04,0.458,0.3315,1.0,0.5,115.8,,114.6,117.54,107.83,97.4,0.4907,0.3991,1.0,0.7,108.33,,3.64,5,3,2,0,0,110.33333333333333,119.66666666666667,0.0,3
2576,0022301172,2024-04-12,2023-24,Regular Season,127,129,28,5,WAS,CHI,111.4,108.2,112.24,101.96,0.4647,0.3257,1.0,0.3,109.14,,111.1,115.86,116.87,95.8,0.4958,0.3591,1.0,0.4,110.5,,6.16,7,1,6,0,1,102.5,116.0,0.5,2
2578,0022301171,2024-04-12,2023-24,Regular Season,125,113,19,17,PHI,ORL,116.0,118.39,112.21,96.0,0.4814,0.4048,1.0,0.7,112.0,,106.9,111.64,111.23,95.8,0.4646,0.3414,1.0,0.4,109.25,,0.2,3,2,1,0,0,118.0,100.5,1.0,2
2580,0022301178,2024-04-12,2023-24,Regular Season,109,106,14,1,MIN,ATL,112.9,115.59,107.57,97.75,0.4894,0.3939,1.0,0.7,116.17,,114.0,112.71,115.13,98.47,0.4785,0.3781,1.0,0.4,106.0,,0.72,3,6,-3,0,0,112.9,114.0,0.5,0
2581,0022301174,2024-04-12,2023-24,Regular Season,129,120,3,18,CLE,IND,108.3,112.53,118.43,96.5,0.483,0.3674,1.0,0.4,114.0,,123.6,123.09,116.08,100.45,0.5042,0.3905,1.0,0.7,125.17,,3.95,2,3,-1,0,0,108.0,103.0,1.0,1
2582,0022301175,2024-04-12,2023-24,Regular Season,111,107,16,15,NYK,BKN,119.4,123.94,113.82,95.75,0.4951,0.4064,1.0,0.6,118.67,,106.2,109.27,112.13,96.26,0.4547,0.3494,1.0,0.6,105.5,,0.51,8,11,-3,0,0,111.33333333333333,99.33333333333333,1.0,3
2583,0022301179,2024-04-12,2023-24,Regular Season,125,107,24,13,OKC,MIL,116.3,114.53,112.78,100.59,0.494,0.382,1.0,0.6,123.25,,111.9,112.79,110.03,97.67,0.4742,0.3387,1.0,0.4,111.67,,2.92,2,10,-8,0,0,93.0,118.0,0.0,1
2584,0022301183,2024-04-12,2023-24,Regular Season,107,116,21,9,POR,HOU,99.0,101.72,113.54,97.55,0.4286,0.3067,1.0,0.2,101.0,,114.5,113.44,117.92,98.48,0.437,0.351,1.0,0.3,119.2,,0.93,1,1,0,1,1,112.0,121.33333333333333,0.3333333333333333,3
2577,0022301182,2024-04-12,2023-24,Regular Season,109,114,8,4,GSW,NOP,114.1,117.27,106.45,97.2,0.5099,0.4065,1.0,0.9,111.0,,111.1,114.4,113.97,96.95,0.4663,0.371,1.0,0.5,118.0,,0.25,5,1,4,0,1,105.0,141.0,0.0,1
2568,0022301194,2024-04-14,2023-24,Regular Season,106,125,14,20,MIN,PHX,112.4,114.88,107.18,97.85,0.4899,0.3684,1.0,0.7,115.33,,108.1,110.63,108.9,97.75,0.4653,0.3756,1.0,0.6,110.83,,0.1,2,2,0,0,0,101.0,115.0,0.0,2
2562,0022301200,2024-04-14,2023-24,Regular Season,121,82,22,21,SAC,POR,108.6,112.35,112.87,96.8,0.4414,0.3831,1.0,0.3,110.83,,98.6,101.31,113.86,97.5,0.4213,0.3053,1.0,0.2,98.14,,0.7,2,7,-5,0,0,113.0,130.0,0.0,1
2572,0022301199,2024-04-14,2023-24,Regular Season,105,116,10,9,LAC,HOU,110.8,113.27,109.74,98.1,0.4715,0.3646,1.0,0.8,114.0,,115.1,114.06,119.55,98.43,0.445,0.3484,1.0,0.3,118.67,,0.33,2,2,0,0,0,122.0,116.0,1.0,1
2571,0022301193,2024-04-14,2023-24,Regular Season,111,126,27,7,MEM,DEN,104.5,105.82,114.59,98.7,0.4246,0.3358,1.0,0.3,107.0,,115.2,118.14,108.6,97.5,0.4961,0.4019,1.0,0.7,110.33,,1.2,2,2,0,0,0,104.0,135.0,0.0,2
2570,0022301195,2024-04-14,2023-24,Regular Season,108,124,4,11,NOP,LAL,111.1,113.83,114.45,97.35,0.4624,0.3912,1.0,0.5,106.5,,119.9,114.13,111.25,103.12,0.4921,0.3611,1.0,0.7,120.86,,5.77,9,2,7,0,0,113.33333333333333,127.0,0.3333333333333333,3
2569,0022301190,2024-04-14,2023-24,Regular Season,120,119,16,5,NYK,CHI,118.1,123.87,116.04,94.65,0.4903,0.4118,1.0,0.6,114.33,,112.7,115.36,115.19,97.4,0.4875,0.3616,1.0,0.4,114.2,,2.75,2,2,0,0,0,114.66666666666667,108.33333333333333,0.6666666666666666,3
2563,0022301186,2024-04-14,2023-24,Regular Season,132,122,2,28,BOS,WAS,115.3,119.85,110.58,95.23,0.4848,0.3609,1.0,0.7,120.0,,112.9,109.1,113.61,102.46,0.4692,0.3362,1.0,0.3,116.67,,7.23,2,5,-3,0,0,131.5,116.5,1.0,2
2567,0022301187,2024-04-14,2023-24,Regular Season,110,120,3,30,CLE,CHA,112.8,116.34,117.21,97.3,0.4939,0.377,1.0,0.5,117.75,,108.2,112.36,122.15,96.25,0.4849,0.3665,1.0,0.3,106.5,,1.05,2,2,0,0,0,113.0,105.0,0.5,2
2564,0022301197,2024-04-14,2023-24,Regular Season,123,95,23,29,SAS,DET,111.9,107.7,109.66,101.09,0.4638,0.3497,1.0,0.5,118.8,,101.4,103.16,112.9,98.15,0.4393,0.3379,1.0,0.2,100.13,,2.94,2,2,0,0,0,130.0,108.0,1.0,1
2561,0022301189,2024-04-14,2023-24,Regular Season,118,103,12,25,MIA,TOR,113.5,114.99,107.86,96.54,0.4749,0.3823,1.0,0.6,110.83,,108.0,108.05,124.06,100.05,0.459,0.3158,1.0,0.2,101.75,,3.51,2,2,0,0,0,111.33333333333333,109.0,0.6666666666666666,3
2566,0022301198,2024-04-14,2023-24,Regular Season,123,116,8,26,GSW,UTA,113.7,115.91,107.74,98.05,0.5011,0.4105,1.0,0.8,110.33,,107.6,110.15,120.23,98.0,0.4473,0.3366,1.0,0.2,107.0,,0.05,2,2,0,0,0,129.0,118.0,1.0,3
2560,0022301191,2024-04-14,2023-24,Regular Season,113,88,17,13,ORL,MIL,107.5,111.25,111.9,96.65,0.4622,0.3424,1.0,0.4,105.0,,110.8,111.33,113.11,97.87,0.4703,0.343,1.0,0.3,110.5,,1.22,7,2,5,0,0,106.5,117.5,0.0,2
2558,0022301188,2024-04-14,2023-24,Regular Season,157,115,18,1,IND,ATL,123.3,123.03,118.26,100.15,0.5074,0.3769,1.0,0.6,121.25,,112.6,110.58,113.16,99.22,0.47,0.3581,1.0,0.3,106.0,,0.93,7,2,5,0,0,144.33333333333334,125.33333333333333,1.0,3
2559,0022301192,2024-04-14,2023-24,Regular Season,107,86,19,15,PHI,BKN,116.4,117.23,111.19,97.3,0.4758,0.4048,1.0,0.7,115.25,,107.6,110.96,113.05,96.11,0.46,0.3485,1.0,0.6,109.0,,1.19,2,2,0,0,0,116.33333333333333,115.66666666666667,0.3333333333333333,3
2565,0022301196,2024-04-14,2023-24,Regular Season,135,86,24,6,OKC,DAL,116.9,115.01,112.17,100.69,0.4933,0.3721,1.0,0.6,123.6,,115.8,115.28,104.36,99.39,0.4868,0.3941,1.0,0.8,117.5,,1.3,2,4,-2,0,0,121.0,128.33333333333334,0.6666666666666666,3
3866,0042300111,2024-04-20,2023-24,Playoffs,111,104,16,19,NYK,PHI,115.6,119.71,116.62,94.81,0.4823,0.3993,1.0,0.5,115.75,,117.5,117.14,107.75,98.35,0.477,0.4042,1.0,0.8,121.4,,3.54,6,13,-7,0,0,104.25,86.5,0.75,4
3869,0042300131,2024-04-20,2023-24,Playoffs,97,83,3,17,CLE,ORL,112.3,115.04,119.69,97.8,0.4877,0.384,1.0,0.4,116.5,,109.5,113.16,110.42,96.8,0.4692,0.3425,1.0,0.5,110.0,,1.0,6,8,-2,0,0,112.5,107.5,0.5,4
3868,0042300161,2024-04-20,2023-24,Playoffs,120,95,14,20,MIN,PHX,112.4,114.63,110.59,98.05,0.4901,0.3724,1.0,0.6,115.33,,110.4,113.52,109.79,97.25,0.4694,0.3951,1.0,0.7,114.67,,0.8,6,6,0,0,0,102.66666666666667,118.33333333333333,0.0,3
3867,0042300151,2024-04-20,2023-24,Playoffs,114,103,7,11,DEN,LAL,115.0,117.44,108.98,97.9,0.4945,0.3883,1.0,0.7,115.5,,119.5,116.0,111.84,103.05,0.5084,0.3672,1.0,0.7,120.29,,5.15,10,6,4,0,0,119.0,110.0,1.0,2
3862,0042300171,2024-04-21,2023-24,Playoffs,109,97,10,6,LAC,DAL,110.5,111.47,109.2,99.45,0.4665,0.3473,1.0,0.7,112.5,,111.2,110.53,107.6,99.79,0.4644,0.3582,1.0,0.7,109.83,,0.34,7,7,0,0,0,113.5,99.5,1.0,2
3863,0042300101,2024-04-21,2023-24,Playoffs,114,94,2,12,BOS,MIA,116.7,119.75,109.57,96.33,0.4926,0.382,1.0,0.8,122.0,,116.1,116.78,106.11,97.24,0.4876,0.3831,1.0,0.7,117.5,,0.91,7,12,-5,0,0,126.5,108.0,1.0,2
3864,0042300121,2024-04-21,2023-24,Playoffs,109,94,13,18,MIL,IND,107.2,110.59,114.72,97.1,0.4691,0.3395,1.0,0.3,108.4,,124.5,124.4,115.25,99.95,0.5173,0.3797,1.0,0.7,120.6,,2.85,11,9,2,0,0,125.5,129.5,0.25,4
3865,0042300141,2024-04-21,2023-24,Playoffs,94,92,24,4,OKC,NOP,117.8,116.5,108.68,101.05,0.5,0.3765,1.0,0.7,125.4,,110.7,113.11,114.83,97.55,0.4648,0.3949,1.0,0.5,118.0,,3.5,7,9,-2,0,0,113.0,97.5,1.0,2
3861,0042300112,2024-04-22,2023-24,Playoffs,104,101,16,19,NYK,PHI,114.1,120.4,116.05,94.06,0.4755,0.4072,1.0,0.6,114.8,,117.2,117.45,108.61,97.9,0.4738,0.3991,1.0,0.8,118.5,,3.84,2,2,0,0,0,105.6,90.0,0.8,5
3860,0042300152,2024-04-22,2023-24,Playoffs,101,99,7,11,DEN,LAL,116.7,118.91,108.64,98.15,0.4974,0.399,1.0,0.8,118.33,,116.2,114.13,112.38,101.8,0.5022,0.3403,1.0,0.6,115.57,,3.65,2,2,0,0,0,117.33333333333333,107.66666666666667,1.0,3
3859,0042300132,2024-04-22,2023-24,Playoffs,96,86,3,17,CLE,ORL,110.9,113.2,115.65,98.1,0.4827,0.3675,1.0,0.5,112.6,,108.1,111.49,109.77,97.05,0.4576,0.3296,1.0,0.5,105.5,,1.05,2,2,0,0,0,109.4,102.6,0.6,5
3858,0042300172,2024-04-23,2023-24,Playoffs,93,96,10,6,LAC,DAL,111.4,112.44,109.31,99.4,0.4643,0.364,1.0,0.7,112.0,,110.2,109.58,108.36,99.69,0.4559,0.3456,1.0,0.6,108.17,,0.29,2,2,0,0,0,112.0,98.66666666666667,1.0,3
3857,0042300122,2024-04-23,2023-24,Playoffs,108,125,13,18,MIL,IND,108.1,111.4,113.7,97.0,0.4699,0.3414,1.0,0.4,108.5,,120.6,120.04,114.16,100.2,0.4988,0.3401,1.0,0.6,112.8,,3.2,2,2,0,0,0,122.2,122.4,0.4,5
3856,0042300162,2024-04-23,2023-24,Playoffs,105,93,14,20,MIN,PHX,113.3,115.32,110.28,98.15,0.4887,0.3778,1.0,0.6,116.0,,109.5,112.12,111.5,97.75,0.4664,0.3787,1.0,0.6,113.17,,0.4,3,3,0,0,0,107.0,112.5,0.25,4
3854,0042300142,2024-04-24,2023-24,Playoffs,124,92,24,4,OKC,NOP,114.4,113.17,107.74,100.85,0.4872,0.3545,1.0,0.7,118.6,,109.2,112.09,114.52,97.15,0.4637,0.3981,1.0,0.4,112.8,,3.7,3,3,0,0,0,106.66666666666667,95.66666666666667,1.0,3
3855,0042300102,2024-04-24,2023-24,Playoffs,101,111,2,12,BOS,MIA,115.9,120.46,108.19,96.0,0.4923,0.388,1.0,0.8,120.86,,111.3,113.55,110.74,95.94,0.4758,0.3617,1.0,0.6,112.8,,0.06,3,3,0,0,0,122.33333333333333,103.33333333333333,1.0,3
3852,0042300153,2024-04-25,2023-24,Playoffs,105,112,11,7,LAL,DEN,117.1,115.57,112.34,101.2,0.5102,0.3669,1.0,0.6,117.67,,117.0,119.56,107.49,97.95,0.5019,0.3939,1.0,0.9,114.25,,3.25,16,11,5,0,0,105.5,113.25,0.0,4
3851,0042300133,2024-04-25,2023-24,Playoffs,121,83,17,3,ORL,CLE,104.9,108.74,111.17,96.5,0.4452,0.3053,1.0,0.4,110.0,,108.8,110.45,112.31,98.45,0.4693,0.3551,1.0,0.5,109.2,,1.95,11,18,-7,0,0,99.83333333333333,107.16666666666667,0.3333333333333333,6
3853,0042300113,2024-04-25,2023-24,Playoffs,125,114,19,16,PHI,NYK,115.9,116.04,107.05,97.95,0.472,0.3952,1.0,0.8,115.25,,113.3,120.15,115.38,93.56,0.4749,0.4103,1.0,0.7,113.4,,4.39,11,14,-3,0,0,91.83333333333333,105.33333333333333,0.16666666666666666,6
3850,0042300163,2024-04-26,2023-24,Playoffs,109,126,20,14,PHX,MIN,108.5,111.28,109.34,97.55,0.4665,0.3834,1.0,0.6,104.0,,113.7,115.86,108.45,98.15,0.4867,0.3762,1.0,0.7,107.0,,0.6,17,16,1,0,0,108.6,106.6,0.6,5
3848,0042300173,2024-04-26,2023-24,Playoffs,101,90,6,10,DAL,LAC,107.3,107.25,107.44,99.14,0.4464,0.3369,1.0,0.6,113.25,,107.7,108.57,107.19,99.25,0.4438,0.3424,1.0,0.6,100.0,,0.11,14,17,-3,0,0,98.0,107.25,0.25,4
3849,0042300123,2024-04-26,2023-24,Playoffs,121,118,18,13,IND,MIL,123.2,123.17,113.01,99.8,0.5144,0.3535,1.0,0.7,128.4,,106.7,110.69,115.73,96.4,0.459,0.3534,1.0,0.3,102.67,,3.4,12,12,0,0,0,122.83333333333333,119.83333333333333,0.6666666666666666,6
3847,0042300143,2024-04-27,2023-24,Playoffs,85,106,4,24,NOP,OKC,109.2,112.09,116.53,97.2,0.4694,0.3879,1.0,0.4,109.0,,115.5,114.71,106.19,100.45,0.4925,0.3646,1.0,0.7,109.5,,3.25,13,20,-7,0,0,94.75,111.0,0.0,4
3846,0042300103,2024-04-27,2023-24,Playoffs,84,104,12,2,MIA,BOS,110.5,113.68,111.19,95.04,0.4757,0.3763,1.0,0.6,109.8,,115.6,120.02,109.87,96.2,0.491,0.385,1.0,0.7,104.5,,1.16,13,18,-5,0,0,105.25,117.0,0.25,4
3844,0042300154,2024-04-27,2023-24,Playoffs,119,108,11,7,LAL,DEN,116.0,114.81,113.79,100.75,0.5046,0.3479,1.0,0.5,114.5,,115.2,117.84,107.69,98.0,0.4933,0.3482,1.0,0.9,113.8,,2.75,2,2,0,0,0,105.4,113.0,0.0,5
3845,0042300134,2024-04-27,2023-24,Playoffs,112,89,17,3,ORL,CLE,106.6,111.23,109.56,96.0,0.4489,0.306,1.0,0.4,115.67,,107.0,109.16,112.48,97.75,0.462,0.3466,1.0,0.5,105.6,,1.75,2,2,0,0,0,102.85714285714286,103.71428571428571,0.42857142857142855,7
3842,0042300174,2024-04-28,2023-24,Playoffs,111,116,6,10,DAL,LAC,107.4,108.57,107.25,97.99,0.4479,0.3251,1.0,0.7,110.8,,107.2,108.57,106.81,98.8,0.4487,0.3362,1.0,0.6,97.5,,0.81,2,2,0,0,0,98.6,103.8,0.4,5
3840,0042300164,2024-04-28,2023-24,Playoffs,116,122,20,14,PHX,MIN,107.0,109.33,110.13,98.0,0.4632,0.3844,1.0,0.5,105.0,,115.0,116.57,108.65,98.45,0.4829,0.3721,1.0,0.7,111.75,,0.45,2,2,0,0,0,108.66666666666667,109.83333333333333,0.5,6
3843,0042300114,2024-04-28,2023-24,Playoffs,92,97,19,16,PHI,NYK,114.9,116.0,107.07,97.35,0.4677,0.3878,1.0,0.8,117.2,,114.8,121.78,117.4,93.46,0.4777,0.4183,1.0,0.7,116.4,,3.89,3,3,0,0,0,96.57142857142857,106.57142857142857,0.2857142857142857,7
3841,0042300124,2024-04-28,2023-24,Playoffs,126,113,18,13,IND,MIL,124.4,124.62,115.84,98.77,0.509,0.3477,1.0,0.7,130.8,,107.2,111.64,116.94,94.92,0.4619,0.3628,1.0,0.3,104.33,,3.85,2,2,0,0,0,122.57142857142857,119.57142857142857,0.7142857142857143,7
3837,0042300144,2024-04-29,2023-24,Playoffs,89,97,4,24,NOP,OKC,106.6,108.95,114.16,97.6,0.4603,0.3753,1.0,0.4,102.5,,115.6,114.92,103.74,100.4,0.4982,0.3785,1.0,0.8,109.75,,2.8,2,2,0,0,0,92.8,110.0,0.0,5
3839,0042300155,2024-04-29,2023-24,Playoffs,108,106,7,11,DEN,LAL,115.0,117.43,108.84,98.2,0.4942,0.3458,1.0,0.8,118.25,,115.1,114.28,113.81,100.45,0.5053,0.3348,1.0,0.5,114.8,,2.25,7,7,0,0,0,112.16666666666667,107.66666666666667,0.8333333333333334,6
3838,0042300104,2024-04-29,2023-24,Playoffs,88,102,12,2,MIA,BOS,108.0,111.73,112.67,94.34,0.4687,0.3637,1.0,0.5,104.8,,114.2,119.57,108.58,95.4,0.4903,0.3789,1.0,0.7,97.5,,1.06,2,2,0,0,0,101.0,114.4,0.2,5
3834,0042300115,2024-04-30,2023-24,Playoffs,106,112,16,19,NYK,PHI,112.5,119.67,116.04,93.11,0.4657,0.4013,1.0,0.7,111.5,,113.2,114.99,107.12,96.6,0.4569,0.3684,1.0,0.7,112.6,,3.49,8,8,0,0,0,105.375,96.0,0.75,8
3836,0042300125,2024-04-30,2023-24,Playoffs,115,92,13,18,MIL,IND,108.4,112.55,117.99,95.27,0.473,0.3583,1.0,0.3,109.67,,123.7,124.57,116.73,98.22,0.5092,0.357,1.0,0.7,118.0,,2.95,7,7,0,0,0,118.75,123.0,0.25,8
3835,0042300135,2024-04-30,2023-24,Playoffs,104,103,3,17,CLE,ORL,103.0,105.63,113.22,97.15,0.4551,0.3291,1.0,0.4,108.4,,106.1,110.95,107.44,95.95,0.4534,0.3116,1.0,0.4,100.33,,1.2,8,8,0,0,0,101.875,104.0,0.5,8
3833,0042300175,2024-05-01,2023-24,Playoffs,93,123,10,6,LAC,DAL,108.6,110.98,108.49,98.15,0.4647,0.3771,1.0,0.6,110.71,,107.6,109.77,110.73,96.94,0.4569,0.3217,1.0,0.6,104.0,,1.21,8,8,0,0,0,105.83333333333333,100.66666666666667,0.6666666666666666,6
3832,0042300105,2024-05-01,2023-24,Playoffs,118,84,2,12,BOS,MIA,110.9,116.64,107.84,94.95,0.4779,0.3742,1.0,0.7,116.0,,106.3,110.48,112.51,93.84,0.4679,0.3608,1.0,0.5,111.2,,1.11,7,7,0,0,0,112.33333333333333,98.83333333333333,0.8333333333333334,6
3831,0042300116,2024-05-02,2023-24,Playoffs,115,118,19,16,PHI,NYK,113.5,115.07,106.8,95.94,0.4564,0.3719,1.0,0.7,113.8,,113.1,119.86,116.33,92.41,0.4688,0.3946,1.0,0.7,115.8,,3.53,4,4,0,0,0,97.77777777777777,105.44444444444444,0.3333333333333333,9
3830,0042300126,2024-05-02,2023-24,Playoffs,120,98,18,13,IND,MIL,121.8,123.11,117.94,97.52,0.5089,0.3623,1.0,0.7,129.4,,108.8,115.05,116.85,93.77,0.4818,0.3676,1.0,0.4,106.5,,3.75,4,4,0,0,0,119.55555555555556,118.33333333333333,0.6666666666666666,9
3828,0042300176,2024-05-03,2023-24,Playoffs,114,101,6,10,DAL,LAC,109.1,112.27,110.33,96.09,0.4633,0.3223,1.0,0.6,112.0,,104.8,108.27,111.68,97.2,0.4466,0.3657,1.0,0.5,103.67,,1.11,5,5,0,0,0,103.85714285714286,104.0,0.42857142857142855,7
3829,0042300136,2024-05-03,2023-24,Playoffs,103,96,17,3,ORL,CLE,104.9,109.82,105.24,95.95,0.4549,0.3169,1.0,0.5,114.75,,103.3,106.15,111.63,96.9,0.4513,0.3373,1.0,0.4,96.75,,0.95,6,6,0,0,0,103.88888888888889,102.11111111111111,0.4444444444444444,9
3827,0042300231,2024-05-04,2023-24,Playoffs,99,106,7,14,DEN,MIN,115.8,119.04,109.8,97.6,0.498,0.3565,1.0,0.9,116.2,,113.9,116.9,113.3,97.2,0.478,0.3673,1.0,0.7,113.8,,0.4,5,6,-1,0,0,109.66666666666667,110.0,0.6666666666666666,3
3826,0042300137,2024-05-05,2023-24,Playoffs,106,94,3,17,CLE,ORL,103.2,106.45,110.54,96.6,0.4568,0.3309,1.0,0.4,107.67,,103.9,108.44,104.71,96.25,0.4475,0.3151,1.0,0.5,98.33,,0.35,5,5,0,0,0,101.5,103.8,0.5,10
3825,0042300211,2024-05-06,2023-24,Playoffs,121,117,16,18,NYK,IND,112.7,119.57,117.25,92.26,0.4661,0.3915,1.0,0.7,110.4,,121.2,123.66,117.61,96.57,0.5107,0.3519,1.0,0.7,114.2,,4.31,6,6,0,0,0,115.33333333333333,123.33333333333333,0.3333333333333333,3
3824,0042300232,2024-05-06,2023-24,Playoffs,80,106,7,14,DEN,MIN,111.5,116.28,110.84,96.3,0.4845,0.3423,1.0,0.8,107.6,,115.8,119.72,114.55,96.3,0.4916,0.3735,1.0,0.8,117.6,,0.0,2,2,0,0,0,107.0,109.0,0.5,4
3823,0042300221,2024-05-07,2023-24,Playoffs,117,95,24,6,OKC,DAL,115.3,114.62,98.95,100.45,0.4977,0.3877,1.0,0.9,119.5,,105.8,111.81,109.51,94.9,0.4574,0.3171,1.0,0.6,107.17,,5.55,13,6,7,0,0,124.5,117.75,0.75,4
3822,0042300201,2024-05-07,2023-24,Playoffs,120,95,2,3,BOS,CLE,112.6,118.2,106.15,95.05,0.4897,0.3869,1.0,0.7,118.43,,102.0,105.25,107.85,96.65,0.4533,0.3275,1.0,0.5,89.33,,1.6,6,4,2,0,0,113.33333333333333,108.33333333333333,0.6666666666666666,3
3821,0042300212,2024-05-08,2023-24,Playoffs,130,121,16,18,NYK,IND,112.0,118.45,117.0,92.51,0.4644,0.3921,1.0,0.7,112.17,,121.2,123.41,117.85,96.82,0.5118,0.3623,1.0,0.6,114.67,,4.31,2,2,0,0,0,116.75,121.75,0.5,4
3820,0042300202,2024-05-09,2023-24,Playoffs,94,118,2,3,BOS,CLE,112.2,118.84,105.67,94.3,0.4823,0.3839,1.0,0.7,117.86,,100.5,104.13,110.79,96.2,0.4493,0.3132,1.0,0.4,90.75,,1.9,2,2,0,0,0,115.0,105.0,0.75,4
3819,0042300222,2024-05-09,2023-24,Playoffs,110,119,24,6,OKC,DAL,115.8,115.94,96.6,99.75,0.4938,0.4067,1.0,1.0,119.14,,102.3,108.81,111.4,94.4,0.4429,0.3174,1.0,0.5,101.33,,5.35,2,2,0,0,0,123.0,113.2,0.8,5
3817,0042300233,2024-05-10,2023-24,Playoffs,90,117,14,7,MIN,DEN,113.7,119.04,111.98,95.1,0.4901,0.3744,1.0,0.8,114.0,,108.4,113.39,112.49,95.9,0.4705,0.3345,1.0,0.7,116.5,,0.8,17,13,4,0,0,108.4,101.6,0.6,5
3818,0042300213,2024-05-10,2023-24,Playoffs,111,106,18,16,IND,NYK,119.3,122.97,120.04,95.72,0.5089,0.3708,1.0,0.5,131.0,,113.2,120.42,118.8,92.06,0.4719,0.3999,1.0,0.7,109.67,,3.66,8,8,0,0,0,121.6,119.4,0.4,5
3815,0042300223,2024-05-11,2023-24,Playoffs,105,101,6,24,DAL,OKC,103.1,108.88,112.87,94.9,0.4402,0.3319,1.0,0.5,103.75,,114.7,114.92,96.71,99.7,0.4893,0.39,1.0,0.9,101.5,,4.8,8,12,-4,0,0,114.16666666666667,120.83333333333333,0.3333333333333333,6
3816,0042300203,2024-05-11,2023-24,Playoffs,93,106,3,2,CLE,BOS,99.4,104.31,109.36,95.15,0.4514,0.319,1.0,0.4,102.6,,112.5,118.95,106.94,94.5,0.4838,0.3741,1.0,0.7,103.0,,0.65,6,12,-6,0,0,107.6,110.8,0.4,5
3814,0042300234,2024-05-12,2023-24,Playoffs,107,115,14,7,MIN,DEN,109.7,115.82,112.46,94.35,0.486,0.3608,1.0,0.7,106.0,,108.5,113.22,110.64,96.0,0.4689,0.3388,1.0,0.7,116.6,,1.65,2,2,0,0,0,105.33333333333333,104.16666666666667,0.5,6
3813,0042300214,2024-05-12,2023-24,Playoffs,121,89,18,16,IND,NYK,118.4,123.39,118.79,94.72,0.5044,0.3802,1.0,0.6,127.0,,112.7,119.49,118.85,92.36,0.4736,0.4051,1.0,0.6,108.75,,2.36,2,2,0,0,0,119.83333333333333,117.16666666666667,0.5,6
3812,0042300224,2024-05-13,2023-24,Playoffs,96,100,6,24,DAL,OKC,104.7,110.8,112.58,94.6,0.4397,0.3376,1.0,0.6,107.75,,113.6,114.35,97.24,99.2,0.4874,0.3866,1.0,0.8,101.33,,4.6,2,2,0,0,0,112.85714285714286,118.0,0.42857142857142855,7
3811,0042300204,2024-05-13,2023-24,Playoffs,102,109,3,2,CLE,BOS,97.7,103.42,109.04,94.3,0.447,0.3038,1.0,0.4,99.2,,112.2,119.65,105.23,93.7,0.4886,0.3742,1.0,0.8,104.0,,0.6,2,2,0,0,0,105.16666666666667,110.0,0.3333333333333333,6
3809,0042300235,2024-05-14,2023-24,Playoffs,112,97,7,14,DEN,MIN,108.0,113.47,109.92,95.4,0.4754,0.3475,1.0,0.7,100.4,,109.7,115.57,112.08,94.55,0.4836,0.3568,1.0,0.7,115.0,,0.85,8,8,0,0,0,105.71428571428571,105.57142857142857,0.5714285714285714,7
3810,0042300215,2024-05-14,2023-24,Playoffs,121,91,16,18,NYK,IND,109.6,117.33,119.88,92.54,0.4568,0.3865,1.0,0.6,114.4,,114.8,121.19,117.31,93.67,0.4962,0.3726,1.0,0.6,109.8,,1.13,6,6,0,0,0,113.14285714285714,120.0,0.42857142857142855,7
3807,0042300205,2024-05-15,2023-24,Playoffs,113,98,2,3,BOS,CLE,110.0,118.53,106.52,92.85,0.4854,0.3776,1.0,0.8,113.17,,98.2,104.41,112.24,93.9,0.4462,0.3084,1.0,0.3,96.2,,1.05,6,6,0,0,0,109.85714285714286,104.71428571428571,0.7142857142857143,7
3808,0042300225,2024-05-15,2023-24,Playoffs,92,104,24,6,OKC,DAL,110.9,113.52,99.54,97.4,0.4789,0.3704,1.0,0.8,117.5,,105.7,112.72,110.15,93.65,0.4476,0.3514,1.0,0.6,106.0,,3.75,6,6,0,0,0,115.75,110.75,0.625,8
3806,0042300236,2024-05-16,2023-24,Playoffs,115,70,14,7,MIN,DEN,108.5,115.65,113.75,93.5,0.4842,0.3606,1.0,0.6,105.6,,106.6,113.41,109.8,94.25,0.4787,0.3616,1.0,0.7,113.0,,0.75,4,4,0,0,0,104.5,106.5,0.375,8
3805,0042300216,2024-05-17,2023-24,Playoffs,116,103,18,16,IND,NYK,114.5,121.29,119.06,93.27,0.4997,0.3959,1.0,0.6,119.8,,110.6,117.73,118.08,92.94,0.4637,0.3751,1.0,0.6,104.8,,0.33,5,5,0,0,0,116.375,114.125,0.5,8
3804,0042300226,2024-05-18,2023-24,Playoffs,117,116,6,24,DAL,OKC,106.4,113.98,108.88,93.2,0.4614,0.3611,1.0,0.7,105.4,,107.6,111.59,100.53,96.2,0.4686,0.3612,1.0,0.7,101.0,,3.0,5,5,0,0,0,110.0,113.11111111111111,0.4444444444444444,9
3803,0042300217,2024-05-19,2023-24,Playoffs,109,130,16,18,NYK,IND,110.5,118.13,120.13,92.59,0.4669,0.38,1.0,0.5,119.5,,113.6,120.88,119.02,92.87,0.4979,0.3861,1.0,0.6,105.25,,0.28,5,5,0,0,0,112.88888888888889,116.33333333333333,0.4444444444444444,9
3802,0042300237,2024-05-19,2023-24,Playoffs,90,98,7,14,DEN,MIN,102.2,108.89,111.07,94.15,0.4628,0.3453,1.0,0.6,100.0,,109.4,116.48,108.06,93.45,0.4793,0.3635,1.0,0.7,111.4,,0.7,5,5,0,0,0,102.44444444444444,105.66666666666667,0.5555555555555556,9
3801,0042300301,2024-05-21,2023-24,Playoffs,133,128,2,18,BOS,IND,108.1,119.07,106.16,91.0,0.4806,0.3718,1.0,0.8,110.0,,114.5,122.66,118.95,93.15,0.5221,0.4138,1.0,0.6,110.2,,2.15,6,2,4,0,0,122.5,120.0,0.5,4
3800,0042300311,2024-05-22,2023-24,Playoffs,105,108,14,6,MIN,DAL,107.2,115.12,108.39,92.65,0.4685,0.3554,1.0,0.7,104.25,,108.5,115.87,110.85,93.55,0.4705,0.3658,1.0,0.7,110.25,,0.9,6,7,-1,0,0,116.5,103.25,0.75,4
3799,0042300302,2024-05-23,2023-24,Playoffs,126,110,2,18,BOS,IND,110.0,118.17,107.13,92.19,0.4805,0.3602,1.0,0.8,113.17,,114.7,121.33,118.95,93.59,0.5239,0.3997,1.0,0.5,113.17,,1.4,2,2,0,0,0,124.6,121.6,0.6,5
3798,0042300312,2024-05-24,2023-24,Playoffs,108,109,14,6,MIN,DAL,107.2,115.0,109.87,92.75,0.4663,0.364,1.0,0.6,104.25,,109.2,116.02,111.79,94.1,0.4746,0.3641,1.0,0.7,109.8,,1.35,2,2,0,0,0,114.2,104.2,0.6,5
3797,0042300303,2024-05-25,2023-24,Playoffs,111,114,18,2,IND,BOS,116.5,122.94,119.28,94.04,0.5319,0.406,1.0,0.5,117.0,,112.5,120.83,107.28,92.09,0.4876,0.3632,1.0,0.9,105.25,,1.95,8,12,-4,0,0,119.66666666666667,124.83333333333333,0.3333333333333333,6
3796,0042300313,2024-05-26,2023-24,Playoffs,116,107,6,14,DAL,MIN,109.0,115.81,110.67,94.2,0.474,0.3695,1.0,0.7,108.0,,105.4,113.89,110.1,92.35,0.4581,0.3645,1.0,0.6,105.8,,1.85,8,7,1,0,0,105.0,113.16666666666667,0.5,6
3795,0042300304,2024-05-27,2023-24,Playoffs,102,105,18,2,IND,BOS,115.6,121.72,120.87,94.19,0.5283,0.3962,1.0,0.4,114.75,,113.5,120.72,109.19,92.99,0.487,0.3683,1.0,0.9,107.75,,1.2,2,2,0,0,0,118.42857142857143,123.28571428571429,0.2857142857142857,7
3794,0042300314,2024-05-28,2023-24,Playoffs,100,105,6,14,DAL,MIN,108.3,115.47,112.54,93.9,0.4759,0.3836,1.0,0.7,109.6,,103.9,112.53,110.1,92.25,0.4626,0.3528,1.0,0.5,102.8,,1.65,2,2,0,0,0,106.57142857142857,112.28571428571429,0.5714285714285714,7
3793,0042300315,2024-05-30,2023-24,Playoffs,103,124,14,6,MIN,DAL,103.8,112.3,110.09,92.35,0.4629,0.3579,1.0,0.5,105.0,,106.9,113.55,112.61,94.2,0.4697,0.3853,1.0,0.6,107.0,,1.85,6,6,0,0,0,111.375,105.75,0.5,8
3792,0042300401,2024-06-06,2023-24,Playoffs,107,89,2,6,BOS,DAL,113.8,121.04,110.58,93.04,0.49,0.3623,1.0,0.9,117.33,,109.8,116.33,110.93,94.4,0.4852,0.3951,1.0,0.7,112.8,,1.36,14,7,7,0,0,128.5,110.0,1.0,2
3791,0042300402,2024-06-09,2023-24,Playoffs,105,98,2,6,BOS,DAL,112.7,120.13,111.21,92.89,0.4831,0.3604,1.0,0.9,115.5,,106.8,113.53,110.86,94.15,0.4802,0.3724,1.0,0.6,106.8,,1.26,3,3,0,0,0,121.33333333333333,103.0,1.0,3
3790,0042300403,2024-06-12,2023-24,Playoffs,99,106,6,2,DAL,BOS,106.1,113.25,111.5,93.85,0.4848,0.3622,1.0,0.5,107.25,,111.2,118.14,111.53,93.04,0.4794,0.3469,1.0,0.9,108.5,,0.81,15,16,-1,0,0,101.75,117.25,0.0,4
3789,0042300404,2024-06-14,2023-24,Playoffs,122,84,6,2,DAL,BOS,106.4,113.79,112.71,93.5,0.4881,0.3639,1.0,0.5,108.0,,112.4,119.44,109.35,93.09,0.4844,0.361,1.0,1.0,108.0,,0.41,2,2,0,0,0,101.2,115.0,0.0,5
3788,0042300405,2024-06-17,2023-24,Playoffs,106,88,2,6,BOS,DAL,110.2,116.14,111.61,93.84,0.4694,0.3569,1.0,0.9,116.8,,108.2,114.81,111.01,94.25,0.486,0.3644,1.0,0.5,105.6,,0.41,8,8,0,0,0,109.83333333333333,104.66666666666667,0.8333333333333334,6
2472,0022400061,2024-10-22,2024-25,Regular Season,132,109,2,16,BOS,NYK,109.9,116.2,110.41,93.54,0.4634,0.3527,1.0,0.9,115.0,,110.0,117.59,120.52,92.64,0.4604,0.3738,1.0,0.5,102.6,,0.9,127,158,-31,0,0,119.33333333333333,114.33333333333333,0.6666666666666666,3
2473,0022400062,2024-10-22,2024-25,Regular Season,110,103,11,14,LAL,MIN,113.2,113.87,114.41,99.0,0.5012,0.3348,1.0,0.4,115.4,,103.5,111.16,114.08,93.0,0.4556,0.3498,1.0,0.4,101.75,,6.0,178,147,31,0,0,113.5,115.5,0.25,4
2470,0022400067,2024-10-23,2024-25,Regular Season,106,136,25,3,TOR,CLE,109.5,108.78,125.19,100.95,0.4577,0.3238,1.0,0.2,117.0,,98.4,105.56,116.18,93.1,0.4528,0.3195,1.0,0.2,96.5,,7.85,197,161,36,0,0,107.0,115.0,0.3333333333333333,3
2465,0022400066,2024-10-23,2024-25,Regular Season,109,124,19,13,PHI,MIL,113.4,115.99,110.17,95.09,0.4482,0.3734,1.0,0.6,114.0,,107.7,113.87,116.49,93.82,0.4773,0.3582,1.0,0.4,104.8,,1.27,174,174,0,0,0,101.5,116.5,0.0,2
2464,0022400065,2024-10-23,2024-25,Regular Season,97,116,12,17,MIA,ORL,102.8,107.42,114.42,93.39,0.4599,0.335,1.0,0.4,101.4,,102.7,107.04,103.51,96.35,0.4359,0.3182,1.0,0.5,96.33,,2.96,177,171,6,0,0,105.5,100.5,0.75,4
2463,0022400063,2024-10-23,2024-25,Regular Season,109,115,29,18,DET,IND,101.0,102.77,112.8,98.15,0.4398,0.3327,1.0,0.2,106.5,,114.1,120.63,119.69,93.79,0.522,0.3922,1.0,0.4,116.0,,4.36,195,153,42,0,0,113.5,129.5,0.0,4
2462,0022400072,2024-10-23,2024-25,Regular Season,104,140,21,8,POR,GSW,97.6,100.3,114.86,97.55,0.4115,0.2997,1.0,0.2,99.67,,115.9,117.47,109.23,98.75,0.5046,0.4137,1.0,0.8,117.5,,1.2,194,195,-1,0,0,104.5,113.5,0.0,4
2471,0022400064,2024-10-23,2024-25,Regular Season,120,116,1,15,ATL,BKN,112.1,109.33,117.12,99.97,0.462,0.3524,1.0,0.2,116.4,,106.6,109.1,114.08,96.96,0.4529,0.3519,1.0,0.5,106.5,,3.01,196,192,4,0,0,114.75,124.25,0.25,4
2469,0022400070,2024-10-23,2024-25,Regular Season,124,126,26,27,UTA,MEM,108.7,110.81,120.67,98.35,0.4565,0.3445,1.0,0.2,108.6,,105.3,106.2,113.89,99.1,0.4302,0.335,1.0,0.3,101.75,,0.75,195,196,-1,0,0,91.0,105.0,0.0,1
2468,0022400069,2024-10-23,2024-25,Regular Season,123,111,4,5,NOP,CHI,104.7,106.45,111.74,98.0,0.4505,0.3574,1.0,0.4,97.75,,114.1,116.3,115.81,96.91,0.4946,0.3588,1.0,0.5,115.0,,1.09,177,192,-15,0,0,112.0,119.0,0.0,2
2467,0022400068,2024-10-23,2024-25,Regular Season,105,110,9,30,HOU,CHA,113.5,113.22,118.11,98.94,0.4454,0.3424,1.0,0.3,109.75,,108.4,112.04,121.55,96.65,0.4775,0.3746,1.0,0.3,111.0,,2.29,197,192,5,0,0,138.0,104.0,1.0,1
2466,0022400071,2024-10-23,2024-25,Regular Season,113,116,10,20,LAC,PHX,102.9,107.49,112.55,96.2,0.4393,0.3515,1.0,0.4,102.83,,106.4,109.76,113.05,97.3,0.464,0.3684,1.0,0.4,109.0,,1.1,175,183,-8,0,0,120.5,112.25,0.75,4
2459,0022400073,2024-10-24,2024-25,Regular Season,102,122,28,2,WAS,BOS,114.4,109.91,115.56,103.06,0.4766,0.3444,1.0,0.2,111.29,,111.8,117.72,111.13,93.94,0.4614,0.356,1.0,0.9,102.25,,9.12,195,132,63,0,0,118.33333333333333,131.66666666666666,0.0,3
2458,0022400074,2024-10-24,2024-25,Regular Season,120,109,6,23,DAL,SAS,105.3,112.38,110.84,93.6,0.4797,0.347,1.0,0.4,109.25,,113.8,109.49,108.66,101.29,0.4736,0.368,1.0,0.5,105.0,,7.69,132,197,-65,0,0,124.33333333333333,106.33333333333333,1.0,3
2461,0022400076,2024-10-24,2024-25,Regular Season,115,117,22,14,SAC,MIN,111.1,115.07,108.21,96.55,0.4519,0.3846,1.0,0.4,115.0,,104.8,112.34,113.08,93.2,0.4531,0.3512,1.0,0.4,102.0,,3.35,193,2,191,0,0,115.33333333333333,113.66666666666667,0.6666666666666666,3
2460,0022400075,2024-10-24,2024-25,Regular Season,87,102,7,24,DEN,OKC,101.1,108.26,111.55,93.65,0.4595,0.346,1.0,0.5,97.8,,105.7,110.93,104.66,95.2,0.4607,0.3566,1.0,0.6,104.0,,1.55,158,159,-1,0,0,103.33333333333333,114.0,0.0,3
2454,0022400082,2024-10-25,2024-25,Regular Season,128,108,9,27,HOU,MEM,113.9,113.64,118.93,99.04,0.4438,0.3416,1.0,0.3,108.8,,105.5,106.61,112.98,98.9,0.4301,0.3333,1.0,0.4,106.6,,0.14,2,2,0,0,0,111.0,103.0,0.75,4
2457,0022400080,2024-10-25,2024-25,Regular Season,113,101,3,29,CLE,DET,103.7,109.91,113.03,94.25,0.4724,0.3427,1.0,0.3,101.25,,102.8,103.89,112.54,99.0,0.4447,0.3319,1.0,0.2,100.86,,4.75,165,194,-29,0,0,114.0,105.5,1.0,4
2456,0022400077,2024-10-25,2024-25,Regular Season,116,101,17,15,ORL,BKN,104.4,108.46,101.32,96.55,0.4324,0.3182,1.0,0.6,112.25,,106.0,108.53,114.18,97.95,0.4489,0.3611,1.0,0.4,105.0,,1.4,175,2,173,0,0,107.66666666666667,105.33333333333333,0.6666666666666666,3
2455,0022400078,2024-10-25,2024-25,Regular Season,115,107,25,19,TOR,PHI,110.0,108.21,123.07,101.85,0.4532,0.327,1.0,0.2,118.0,,111.0,115.99,112.0,95.09,0.4444,0.3684,1.0,0.5,105.67,,6.76,2,178,-176,0,0,115.5,128.0,0.0,2
2453,0022400086,2024-10-25,2024-25,Regular Season,103,105,21,4,POR,NOP,97.4,99.22,115.7,98.45,0.4,0.278,1.0,0.2,100.75,,106.1,106.6,110.69,99.05,0.4457,0.3642,1.0,0.5,109.33,,0.6,2,184,-182,0,0,97.0,109.66666666666667,0.0,3
2452,0022400083,2024-10-25,2024-25,Regular Season,122,133,13,5,MIL,CHI,109.7,114.47,117.28,94.92,0.478,0.3542,1.0,0.4,112.25,,112.7,113.69,116.89,98.06,0.4934,0.3438,1.0,0.4,114.43,,3.14,178,2,176,0,0,119.66666666666667,115.33333333333333,0.6666666666666666,3
2451,0022400084,2024-10-25,2024-25,Regular Season,86,127,26,8,UTA,GSW,110.0,112.36,121.64,98.1,0.4566,0.3459,1.0,0.2,111.2,,118.4,118.2,108.76,100.05,0.5023,0.421,1.0,0.8,121.67,,1.95,2,2,0,0,0,117.5,127.5,0.0,4
2450,0022400079,2024-10-25,2024-25,Regular Season,125,120,1,30,ATL,CHA,111.8,108.82,116.21,101.19,0.4618,0.3504,1.0,0.3,115.8,,109.7,113.4,120.38,96.7,0.4817,0.387,1.0,0.4,110.75,,4.49,2,2,0,0,0,115.0,109.33333333333333,0.3333333333333333,3
2449,0022400081,2024-10-25,2024-25,Regular Season,123,98,16,18,NYK,IND,111.2,118.91,124.92,92.64,0.4725,0.3846,1.0,0.4,117.4,,113.5,118.87,116.57,94.59,0.521,0.3771,1.0,0.5,114.8,,1.95,159,2,157,0,0,112.5,117.7,0.4,10
2448,0022400085,2024-10-25,2024-25,Regular Season,123,116,11,20,LAL,PHX,112.6,113.85,115.77,98.4,0.4891,0.3083,1.0,0.4,114.2,,108.3,110.52,114.35,97.43,0.4693,0.3733,1.0,0.4,110.17,,0.97,3,2,1,0,0,109.33333333333333,117.66666666666667,0.3333333333333333,3
2439,0022400092,2024-10-26,2024-25,Regular Season,124,111,27,17,MEM,ORL,107.5,107.9,112.92,99.7,0.4359,0.3357,1.0,0.4,104.4,,104.7,109.43,99.38,96.05,0.4391,0.3386,1.0,0.7,96.4,,3.65,195,3,192,0,0,97.5,112.0,0.5,2
2446,0022400089,2024-10-26,2024-25,Regular Season,118,124,29,2,DET,BOS,103.3,104.49,115.34,98.85,0.45,0.3475,1.0,0.1,107.33,,110.7,117.68,109.5,94.15,0.4606,0.3605,1.0,0.9,106.2,,4.7,3,2,1,0,0,106.0,125.33333333333333,0.0,3
2440,0022400096,2024-10-26,2024-25,Regular Season,131,127,11,22,LAL,SAC,113.2,114.67,114.81,98.25,0.496,0.3247,1.0,0.5,115.4,,112.3,115.38,108.41,97.3,0.4547,0.3756,1.0,0.4,105.25,,0.95,1,200,-199,1,0,113.5,125.0,0.0,2
2438,0022400091,2024-10-26,2024-25,Regular Season,95,114,5,24,CHI,OKC,115.2,114.52,114.99,99.41,0.4906,0.3585,1.0,0.5,108.67,,106.5,111.34,103.66,95.65,0.4598,0.3475,1.0,0.6,103.67,,3.76,200,2,198,0,0,102.0,116.0,0.0,1
2447,0022400088,2024-10-26,2024-25,Regular Season,106,114,30,12,CHA,MIA,109.9,112.5,118.3,97.75,0.4702,0.384,1.0,0.4,107.2,,101.0,105.31,114.07,93.59,0.4525,0.3378,1.0,0.4,101.5,,4.16,200,178,22,0,0,101.66666666666667,111.66666666666667,0.0,3
2444,0022400094,2024-10-26,2024-25,Regular Season,109,106,23,9,SAS,HOU,112.9,108.84,109.83,101.04,0.4677,0.3528,1.0,0.4,122.6,,116.0,114.35,116.17,100.14,0.4453,0.3469,1.0,0.4,119.0,,0.9,195,195,0,0,0,94.66666666666667,103.33333333333333,0.0,3
2442,0022400090,2024-10-26,2024-25,Regular Season,116,135,28,3,WAS,CLE,112.7,108.48,115.67,103.9,0.4693,0.3226,1.0,0.2,108.86,,106.1,111.95,111.09,94.8,0.4764,0.3574,1.0,0.4,108.6,,9.1,2,3,-1,0,0,100.5,120.5,0.0,4
2441,0022400093,2024-10-26,2024-25,Regular Season,112,101,14,25,MIN,TOR,105.8,112.54,111.98,94.0,0.4532,0.3519,1.0,0.5,107.75,,109.5,107.23,119.78,102.25,0.4471,0.3164,1.0,0.3,102.0,,8.25,149,195,-46,0,0,133.0,85.0,1.0,1
2443,0022400087,2024-10-26,2024-25,Regular Season,104,109,7,10,DEN,LAC,98.6,105.5,111.35,93.7,0.4463,0.3465,1.0,0.4,96.0,,103.7,107.2,113.89,96.18,0.4379,0.3329,1.0,0.3,102.33,,2.48,2,176,-174,0,0,105.0,105.66666666666667,0.3333333333333333,3
2445,0022400095,2024-10-26,2024-25,Regular Season,114,102,20,6,PHX,DAL,109.4,111.18,115.0,97.78,0.4757,0.3833,1.0,0.4,105.67,,106.5,112.55,110.17,94.55,0.4715,0.3662,1.0,0.4,101.6,,3.23,181,131,50,0,0,119.66666666666667,120.0,0.3333333333333333,3
2436,0022400101,2024-10-27,2024-25,Regular Season,104,112,8,10,GSW,LAC,119.4,118.71,105.62,100.5,0.5015,0.42,1.0,0.8,113.5,,103.8,108.18,112.57,95.48,0.4404,0.336,1.0,0.4,104.0,,5.02,196,1,195,0,1,117.5,119.5,0.25,4
2434,0022400098,2024-10-27,2024-25,Regular Season,115,102,15,13,BKN,MIL,103.6,105.43,114.65,98.35,0.4438,0.3421,1.0,0.3,103.0,,110.2,113.68,119.06,96.17,0.4763,0.3492,1.0,0.3,108.0,,2.18,200,4,196,0,0,115.0,129.5,0.0,2
2433,0022400097,2024-10-27,2024-25,Regular Season,114,118,18,19,IND,PHI,112.2,116.8,117.85,95.09,0.5232,0.3496,1.0,0.4,112.5,,109.7,114.48,113.29,95.19,0.4377,0.3643,1.0,0.4,106.0,,0.1,153,2,151,0,0,134.0,122.0,1.0,1
2437,0022400100,2024-10-27,2024-25,Regular Season,128,104,24,1,OKC,ATL,105.5,108.06,101.92,97.85,0.4429,0.3192,1.0,0.6,106.33,,113.0,109.31,115.41,101.74,0.4642,0.3472,1.0,0.4,107.8,,3.89,165,196,-31,0,0,138.0,141.0,0.0,1
2435,0022400099,2024-10-27,2024-25,Regular Season,125,103,21,4,POR,NOP,99.5,101.28,112.2,98.4,0.4009,0.2964,1.0,0.2,101.2,,105.3,105.36,110.08,99.45,0.4405,0.3607,1.0,0.5,108.0,,1.05,2,2,0,0,0,98.5,108.5,0.0,4
2428,0022400104,2024-10-28,2024-25,Regular Season,119,108,2,13,BOS,MIL,110.5,116.93,109.83,94.55,0.4494,0.3658,1.0,0.9,112.5,,109.7,113.28,118.3,96.02,0.4715,0.3428,1.0,0.3,107.17,,1.47,6,1,5,0,1,108.5,118.5,0.5,4
2430,0022400105,2024-10-28,2024-25,Regular Season,106,98,12,29,MIA,DET,100.7,106.49,114.8,94.2,0.4513,0.339,1.0,0.4,100.67,,104.3,105.28,116.16,99.2,0.4483,0.3441,1.0,0.1,101.57,,5.0,5,3,2,0,0,110.0,102.0,1.0,3
2425,0022400108,2024-10-28,2024-25,Regular Season,123,126,27,5,MEM,CHI,108.9,107.88,112.22,100.75,0.4454,0.3406,1.0,0.4,107.67,,113.8,111.06,114.27,101.51,0.4729,0.3282,1.0,0.4,119.5,,0.76,2,3,-1,0,0,103.0,121.5,0.0,2
2423,0022400103,2024-10-28,2024-25,Regular Season,119,121,1,28,ATL,WAS,112.1,107.84,117.65,102.19,0.4538,0.332,1.0,0.3,118.2,,115.6,111.02,118.91,104.3,0.4669,0.3302,1.0,0.2,121.67,,2.11,3,197,-194,0,0,121.66666666666667,120.33333333333333,0.6666666666666666,3
2432,0022400107,2024-10-28,2024-25,Regular Season,125,127,25,7,TOR,DEN,108.5,106.76,118.79,101.75,0.4444,0.3196,1.0,0.3,118.5,,98.2,105.63,111.27,93.05,0.4417,0.3565,1.0,0.4,100.67,,8.7,3,165,-162,0,0,111.5,119.0,0.0,2
2422,0022400109,2024-10-28,2024-25,Regular Season,101,106,23,9,SAS,HOU,110.8,107.93,109.21,100.95,0.4634,0.3528,1.0,0.4,118.4,,116.0,114.47,115.63,100.14,0.442,0.3494,1.0,0.4,119.0,,0.81,2,2,0,0,0,98.25,104.0,0.25,4
2426,0022400111,2024-10-28,2024-25,Regular Season,109,105,20,11,PHX,LAL,111.6,114.0,115.12,97.28,0.487,0.3963,1.0,0.5,113.0,,114.3,115.03,113.52,98.8,0.5024,0.3316,1.0,0.6,111.0,,1.52,2,182,-180,0,0,117.25,112.75,0.5,4
2427,0022400112,2024-10-28,2024-25,Regular Season,111,98,22,21,SAC,POR,112.3,113.85,109.25,98.6,0.4522,0.3597,1.0,0.3,115.0,,101.7,103.44,111.87,98.55,0.4027,0.3009,1.0,0.3,96.5,,0.05,4,197,-193,0,0,117.0,106.0,0.5,2
2424,0022400102,2024-10-28,2024-25,Regular Season,119,115,17,18,ORL,IND,104.5,108.08,101.93,97.05,0.4322,0.3426,1.0,0.6,113.0,,111.5,114.89,119.41,95.27,0.5128,0.345,1.0,0.3,112.0,,1.78,3,3,0,0,0,114.0,112.33333333333333,0.6666666666666666,3
2431,0022400106,2024-10-28,2024-25,Regular Season,104,110,16,3,NYK,CLE,112.9,121.2,123.83,93.2,0.4784,0.4012,1.0,0.5,120.8,,109.2,113.97,111.51,95.65,0.4866,0.3685,1.0,0.5,113.0,,2.45,3,2,1,0,0,107.0,98.0,1.0,1
2429,0022400110,2024-10-28,2024-25,Regular Season,110,102,6,26,DAL,UTA,105.8,111.49,110.43,94.85,0.4625,0.3592,1.0,0.4,111.4,,108.6,109.99,123.45,98.95,0.4418,0.3415,1.0,0.1,108.8,,4.1,4,197,-193,0,0,116.25,106.5,0.75,4
2419,0022400115,2024-10-29,2024-25,Regular Season,96,113,26,22,UTA,SAC,108.2,108.69,120.94,99.65,0.4378,0.3311,1.0,0.1,108.4,,112.5,113.69,109.14,98.95,0.4555,0.3711,1.0,0.3,109.6,,0.7,4,3,1,0,0,105.0,126.0,0.0,2
2420,0022400116,2024-10-29,2024-25,Regular Season,124,106,8,4,GSW,NOP,119.4,118.41,106.59,100.75,0.4991,0.4057,1.0,0.7,113.5,,104.6,104.76,112.55,99.45,0.4423,0.3577,1.0,0.4,106.83,,1.3,2,2,0,0,0,107.0,127.5,0.0,2
2421,0022400114,2024-10-29,2024-25,Regular Season,114,120,14,6,MIN,DAL,107.3,112.97,109.91,94.9,0.4515,0.3589,1.0,0.6,108.6,,105.2,109.74,108.77,95.8,0.4519,0.3374,1.0,0.4,100.2,,0.9,3,3,0,0,0,110.44444444444444,107.77777777777777,0.4444444444444444,9
2418,0022400113,2024-10-29,2024-25,Regular Season,139,144,15,7,BKN,DEN,104.7,106.95,113.58,98.0,0.4443,0.3444,1.0,0.4,105.2,,100.1,105.26,111.07,93.93,0.4435,0.3594,1.0,0.4,107.25,,4.07,2,1,1,0,1,109.0,123.0,0.0,2
2416,0022400122,2024-10-30,2024-25,Regular Season,107,116,12,16,MIA,NYK,102.1,107.42,112.81,94.7,0.4538,0.3276,1.0,0.5,103.0,,111.5,119.06,122.41,93.8,0.4766,0.3881,1.0,0.4,101.75,,0.9,2,8,-6,0,0,105.33333333333333,108.0,0.3333333333333333,3
2415,0022400124,2024-10-30,2024-25,Regular Season,106,119,27,15,MEM,BKN,110.1,107.9,113.36,101.85,0.4408,0.3428,1.0,0.3,109.86,,107.5,109.18,114.38,97.3,0.4482,0.3444,1.0,0.4,102.5,,4.55,2,5,-3,0,0,96.0,106.5,0.5,2
2409,0022400120,2024-10-30,2024-25,Regular Season,95,105,19,29,PHI,DET,109.0,113.17,112.98,94.67,0.4329,0.3419,1.0,0.4,109.6,,102.8,104.52,115.57,98.45,0.4411,0.3476,1.0,0.1,99.43,,3.78,7,2,5,0,0,124.33333333333333,101.66666666666667,1.0,3
2413,0022400119,2024-10-30,2024-25,Regular Season,135,132,18,2,IND,BOS,113.9,116.39,118.44,96.02,0.5163,0.3454,1.0,0.3,110.75,,111.0,116.58,108.74,95.25,0.4518,0.3693,1.0,0.9,108.2,,0.77,3,4,-1,0,0,116.375,121.0,0.25,8
2414,0022400117,2024-10-30,2024-25,Regular Season,138,133,30,25,CHA,TOR,110.1,112.26,117.24,98.2,0.4689,0.3806,1.0,0.4,107.6,,112.5,109.62,117.24,101.58,0.4527,0.3249,1.0,0.3,105.2,,3.38,4,4,0,0,0,110.25,116.0,0.25,4
2411,0022400126,2024-10-30,2024-25,Regular Season,104,89,8,4,GSW,NOP,118.5,117.9,106.63,100.4,0.4877,0.4028,1.0,0.7,115.6,,101.7,102.56,113.17,98.95,0.4394,0.3436,1.0,0.3,102.0,,1.45,1,1,0,1,1,112.66666666666667,120.33333333333333,0.3333333333333333,3
2412,0022400123,2024-10-30,2024-25,Regular Season,102,99,5,17,CHI,ORL,116.3,112.75,114.33,102.26,0.4785,0.3504,1.0,0.5,106.67,,108.1,111.33,103.22,97.5,0.4466,0.3527,1.0,0.7,102.0,,4.76,4,4,0,0,0,99.25,106.5,0.0,4
2408,0022400127,2024-10-30,2024-25,Regular Season,105,106,10,21,LAC,POR,104.1,107.81,111.35,96.08,0.4423,0.3417,1.0,0.4,102.6,,102.6,104.07,114.26,98.8,0.4051,0.2922,1.0,0.2,98.75,,2.72,7,2,5,0,0,124.33333333333333,115.66666666666667,1.0,3
2407,0022400121,2024-10-30,2024-25,Regular Season,133,120,28,1,WAS,ATL,117.0,112.25,118.59,104.5,0.4665,0.349,1.0,0.3,114.0,,111.9,107.44,118.2,102.39,0.4475,0.3353,1.0,0.2,106.0,,2.11,4,3,1,0,0,120.5,121.0,0.5,4
2417,0022400125,2024-10-30,2024-25,Regular Season,105,93,24,23,OKC,SAS,107.7,109.79,103.55,98.2,0.4441,0.312,1.0,0.6,111.75,,109.6,107.26,108.91,100.35,0.461,0.3436,1.0,0.4,103.2,,2.15,3,6,-3,0,0,127.0,105.5,0.75,4
2410,0022400118,2024-10-30,2024-25,Regular Season,134,110,3,11,CLE,LAL,110.6,115.29,111.83,95.6,0.4854,0.3768,1.0,0.6,103.5,,112.5,113.91,112.99,98.25,0.492,0.3403,1.0,0.5,107.4,,2.65,5,2,3,0,0,106.0,118.5,0.0,2
2404,0022400128,2024-10-31,2024-25,Regular Season,122,99,27,13,MEM,MIL,109.9,107.59,116.1,102.0,0.441,0.3401,1.0,0.2,109.57,,111.7,114.61,118.06,96.72,0.4766,0.3427,1.0,0.3,110.5,,5.28,1,3,-2,1,0,112.0,105.5,1.0,2
2403,0022400129,2024-10-31,2024-25,Regular Season,102,108,6,9,DAL,HOU,107.2,111.23,109.23,96.25,0.4583,0.3434,1.0,0.5,112.75,,115.6,114.99,112.94,99.49,0.4413,0.3599,1.0,0.5,116.83,,3.24,3,3,0,0,0,122.25,120.0,0.75,4
2406,0022400130,2024-10-31,2024-25,Regular Season,88,106,26,23,UTA,SAS,106.5,107.19,119.57,99.45,0.4289,0.3171,1.0,0.1,105.0,,108.4,106.16,108.52,100.25,0.4622,0.3474,1.0,0.4,100.8,,0.8,2,1,1,0,1,123.0,115.0,0.6666666666666666,3
2405,0022400131,2024-10-31,2024-25,Regular Season,119,125,10,20,LAC,PHX,104.1,109.17,111.67,94.83,0.4485,0.3562,1.0,0.5,102.6,,110.1,113.31,115.45,96.63,0.4846,0.3909,1.0,0.5,108.83,,1.8,1,6,-5,1,0,119.0,113.0,0.6,5
2396,0022400138,2024-11-01,2024-25,Regular Season,125,118,4,18,NOP,IND,99.2,100.85,113.56,98.15,0.4294,0.3216,1.0,0.2,101.25,,115.8,114.61,118.02,97.9,0.5106,0.3503,1.0,0.2,116.0,,0.25,9,4,5,0,0,121.5,112.5,0.5,2
2401,0022400134,2024-11-01,2024-25,Regular Season,98,128,29,16,DET,NYK,104.3,106.65,114.88,97.9,0.4468,0.3626,1.0,0.2,110.67,,111.0,119.05,121.73,93.45,0.4717,0.3853,1.0,0.4,104.6,,4.45,6,2,4,0,0,107.33333333333333,118.33333333333333,0.0,3
2399,0022400136,2024-11-01,2024-25,Regular Season,120,112,15,5,BKN,CHI,107.9,109.34,113.41,97.6,0.4512,0.3435,1.0,0.4,110.0,,115.7,111.95,113.84,102.56,0.4741,0.3582,1.0,0.5,120.43,,4.96,3,4,-1,0,0,121.5,108.5,1.0,2
2398,0022400139,2024-11-01,2024-25,Regular Season,119,116,14,7,MIN,DEN,107.2,112.49,114.54,95.35,0.4556,0.3701,1.0,0.5,108.4,,104.6,108.21,112.66,94.28,0.4485,0.3656,1.0,0.5,114.6,,1.07,3,3,0,0,0,104.9,101.2,0.5,10
2395,0022400140,2024-11-01,2024-25,Regular Season,114,137,21,24,POR,OKC,102.4,104.21,114.91,98.5,0.4061,0.3036,1.0,0.1,105.17,,108.5,110.5,103.86,98.3,0.4475,0.3235,1.0,0.6,106.6,,0.2,5,6,-1,0,0,99.25,128.0,0.0,4
2397,0022400132,2024-11-01,2024-25,Regular Season,109,124,30,2,CHA,BOS,115.3,116.61,120.78,99.0,0.48,0.4089,1.0,0.5,118.0,,113.7,116.69,109.14,96.58,0.4473,0.3708,1.0,0.9,113.6,,2.42,2,2,0,0,0,107.66666666666667,122.33333333333333,0.3333333333333333,3
2394,0022400137,2024-11-01,2024-25,Regular Season,125,131,25,11,TOR,LAL,114.1,111.17,120.07,101.48,0.4642,0.3181,1.0,0.2,119.8,,111.1,112.11,115.16,98.6,0.4862,0.3238,1.0,0.4,104.6,,2.88,4,2,2,0,0,121.0,130.0,0.0,2
2402,0022400133,2024-11-01,2024-25,Regular Season,120,109,3,17,CLE,ORL,113.4,117.45,113.0,96.05,0.4989,0.385,1.0,0.6,110.5,,109.4,111.99,103.11,98.2,0.451,0.3509,1.0,0.7,104.6,,2.15,2,2,0,0,0,101.9090909090909,102.9090909090909,0.5454545454545454,11
2400,0022400135,2024-11-01,2024-25,Regular Season,115,123,1,22,ATL,SAC,114.4,109.63,120.27,102.59,0.4549,0.3319,1.0,0.2,117.8,,112.9,113.75,106.17,99.3,0.4589,0.354,1.0,0.4,110.4,,3.29,4,3,1,0,0,108.5,119.5,0.0,2
2392,0022400144,2024-11-02,2024-25,Regular Season,121,127,9,8,HOU,GSW,116.0,116.09,111.78,98.94,0.4447,0.3516,1.0,0.6,117.0,,118.3,118.79,105.51,99.5,0.4907,0.4027,1.0,0.8,125.25,,0.56,8,8,0,0,0,113.0,127.0,0.0,2
2389,0022400143,2024-11-02,2024-25,Regular Season,131,128,25,22,TOR,SAC,113.6,111.49,121.6,100.83,0.4618,0.3112,1.0,0.1,118.8,,115.2,115.05,106.37,100.3,0.4688,0.354,1.0,0.5,115.0,,0.53,1,1,0,1,1,109.5,129.0,0.0,2
2390,0022400142,2024-11-02,2024-25,Regular Season,107,124,19,27,PHI,MEM,107.8,112.8,115.7,93.92,0.432,0.3387,1.0,0.3,107.2,,112.5,109.61,113.99,102.45,0.452,0.3341,1.0,0.3,110.67,,8.53,3,8,-5,0,0,112.5,105.5,0.5,2
2391,0022400148,2024-11-02,2024-25,Regular Season,129,103,7,26,DEN,UTA,108.2,110.91,112.91,95.23,0.4582,0.37,1.0,0.5,98.25,,105.1,106.09,117.47,99.15,0.4294,0.309,1.0,0.1,109.5,,3.92,7,5,2,0,0,121.33333333333333,113.33333333333333,0.6666666666666666,3
2393,0022400145,2024-11-02,2024-25,Regular Season,113,114,13,3,MIL,CLE,110.7,113.1,119.89,97.42,0.4722,0.3263,1.0,0.2,115.0,,115.9,118.99,110.75,96.95,0.5084,0.3983,1.0,0.7,119.4,,0.47,8,5,3,0,0,110.0,118.5,0.5,4
2388,0022400141,2024-11-02,2024-25,Regular Season,103,113,30,2,CHA,BOS,113.8,114.81,121.45,99.2,0.4665,0.3985,1.0,0.4,115.0,,115.4,117.71,110.79,97.08,0.4474,0.3637,1.0,0.9,115.33,,2.12,1,1,0,1,1,108.0,122.75,0.25,4
2385,0022400147,2024-11-02,2024-25,Regular Season,98,118,28,28,WAS,WAS,118.6,113.66,118.94,104.7,0.4688,0.3674,1.0,0.3,116.67,,118.6,113.66,118.94,104.7,0.4688,0.3674,1.0,0.3,121.5,,0.0,3,5,-2,0,0,118.6,118.6,0.5,0
2384,0022400146,2024-11-02,2024-25,Regular Season,113,103,23,14,SAS,MIN,107.9,105.33,106.08,100.55,0.4529,0.3383,1.0,0.4,116.0,,109.3,113.38,115.8,96.55,0.4682,0.3836,1.0,0.5,108.0,,4.0,5,9,-4,0,0,104.0,109.33333333333333,0.3333333333333333,3
2387,0022400149,2024-11-02,2024-25,Regular Season,103,97,20,21,PHX,POR,111.8,114.2,115.97,97.28,0.4832,0.3996,1.0,0.5,112.0,,103.1,104.91,116.21,98.5,0.4139,0.3097,1.0,0.1,95.33,,1.22,5,3,2,0,0,115.0,105.0,0.75,4
2386,0022400150,2024-11-02,2024-25,Regular Season,92,105,10,24,LAC,OKC,105.1,109.35,113.62,95.58,0.4509,0.3405,1.0,0.4,104.6,,110.5,112.01,105.26,98.75,0.4563,0.3166,1.0,0.6,111.67,,3.17,2,1,1,0,1,116.66666666666667,126.66666666666667,0.3333333333333333,3
2382,0022400151,2024-11-03,2024-25,Regular Season,92,106,15,29,BKN,DET,108.6,109.45,113.44,98.26,0.4512,0.3334,1.0,0.4,111.4,,103.8,105.71,116.04,98.25,0.4517,0.3514,1.0,0.2,101.33,,0.01,2,4,-2,0,0,117.25,112.0,0.75,4
2381,0022400152,2024-11-03,2024-25,Regular Season,111,126,4,1,NOP,ATL,100.9,103.02,113.32,97.8,0.4302,0.3198,1.0,0.3,105.5,,114.9,110.21,118.58,102.49,0.457,0.3375,1.0,0.2,111.25,,4.69,2,4,-2,0,0,116.0,103.0,1.0,1
2383,0022400153,2024-11-03,2024-25,Regular Season,108,85,6,17,DAL,ORL,105.0,109.19,110.33,95.9,0.4494,0.3326,1.0,0.4,110.6,,108.2,109.34,105.75,99.3,0.4455,0.3491,1.0,0.6,105.33,,3.4,3,2,1,0,0,131.0,129.0,1.0,1
2367,0022400166,2024-11-04,2024-25,Regular Season,121,119,7,25,DEN,TOR,109.4,110.5,112.85,96.58,0.4529,0.3717,1.0,0.5,104.4,,114.4,110.84,119.04,101.04,0.4602,0.3333,1.0,0.2,108.4,,4.46,2,5,-3,0,0,121.66666666666667,116.0,1.0,3
2379,0022400157,2024-11-04,2024-25,Regular Season,93,123,1,2,ATL,BOS,116.4,112.98,119.46,103.1,0.474,0.3575,1.0,0.3,118.6,,116.2,118.31,110.87,97.38,0.4461,0.3689,1.0,0.9,115.0,,5.72,3,2,1,0,0,115.75,119.5,0.5,4
2378,0022400155,2024-11-04,2024-25,Regular Season,112,125,28,8,WAS,GSW,116.4,112.16,118.83,104.15,0.4611,0.3445,1.0,0.3,113.0,,119.2,118.37,105.36,99.59,0.4887,0.4096,1.0,0.8,125.6,,4.56,2,2,0,0,0,115.0,126.0,0.0,2
2368,0022400165,2024-11-04,2024-25,Regular Season,127,134,6,18,DAL,IND,106.9,110.41,107.24,96.65,0.4571,0.338,1.0,0.5,110.17,,114.6,112.52,118.93,98.5,0.4952,0.3382,1.0,0.1,114.0,,1.85,1,3,-2,1,0,115.5,135.0,0.0,2
2371,0022400168,2024-11-04,2024-25,Regular Season,113,104,10,23,LAC,SAS,105.0,108.44,113.69,96.38,0.4546,0.3452,1.0,0.4,104.4,,106.6,106.77,106.02,100.0,0.4598,0.3329,1.0,0.5,99.8,,3.62,2,4,-2,0,0,116.5,100.5,1.0,2
2372,0022400158,2024-11-04,2024-25,Regular Season,106,104,15,27,BKN,MEM,110.1,111.64,113.91,97.66,0.4614,0.3391,1.0,0.4,114.4,,116.2,113.13,114.28,102.65,0.4726,0.3585,1.0,0.4,114.0,,4.99,1,2,-1,1,0,110.66666666666667,99.33333333333333,0.6666666666666666,3
2377,0022400159,2024-11-04,2024-25,Regular Season,110,111,12,22,MIA,SAC,100.3,105.7,113.64,94.7,0.4365,0.3441,1.0,0.4,96.4,,117.3,115.27,109.96,100.86,0.4722,0.3477,1.0,0.4,119.2,,6.16,5,2,3,0,0,118.0,108.0,1.0,2
2370,0022400162,2024-11-04,2024-25,Regular Season,114,93,14,30,MIN,CHA,109.1,113.17,116.2,96.6,0.4731,0.3766,1.0,0.5,111.2,,112.3,113.27,120.5,99.25,0.4563,0.3965,1.0,0.4,112.6,,2.65,3,10,-7,0,0,124.0,122.5,0.5,2
2373,0022400164,2024-11-04,2024-25,Regular Season,100,118,4,21,NOP,POR,102.8,104.56,116.18,98.2,0.435,0.3337,1.0,0.3,106.6,,102.8,104.0,114.99,99.05,0.4001,0.3081,1.0,0.1,95.75,,0.85,1,2,-1,1,0,107.4,103.8,0.8,5
2376,0022400163,2024-11-04,2024-25,Regular Season,102,86,24,17,OKC,ORL,110.0,110.93,102.19,99.15,0.452,0.3243,1.0,0.7,108.33,,105.5,105.72,107.07,100.0,0.423,0.3224,1.0,0.5,102.43,,0.85,5,1,4,0,1,119.5,106.5,1.0,2
2374,0022400167,2024-11-04,2024-25,Regular Season,118,116,20,19,PHX,PHI,109.6,110.9,114.08,98.18,0.4661,0.3771,1.0,0.5,110.2,,108.1,111.92,115.63,94.97,0.428,0.3457,1.0,0.3,109.5,,3.21,2,8,-6,0,0,115.0,102.0,1.0,1
2375,0022400160,2024-11-04,2024-25,Regular Season,126,135,5,26,CHI,UTA,117.1,112.39,113.83,103.31,0.4666,0.3668,1.0,0.5,104.67,,104.4,104.35,117.35,100.15,0.424,0.2971,1.0,0.1,107.75,,3.16,5,2,3,0,0,119.0,117.0,1.0,1
2366,0022400161,2024-11-04,2024-25,Regular Season,109,97,9,16,HOU,NYK,114.5,115.36,110.52,98.44,0.4363,0.3434,1.0,0.6,118.0,,110.8,117.85,118.48,94.15,0.4662,0.386,1.0,0.4,108.5,,4.29,2,3,-1,0,0,99.5,106.0,0.5,2
2380,0022400154,2024-11-04,2024-25,Regular Season,116,114,3,13,CLE,MIL,115.5,118.04,112.3,97.35,0.5021,0.3914,1.0,0.7,112.4,,111.2,113.13,118.33,97.77,0.4763,0.3319,1.0,0.2,108.86,,0.42,3,4,-1,0,0,117.6,110.6,0.6,5
2369,0022400156,2024-11-04,2024-25,Regular Season,115,103,29,11,DET,LAL,104.2,106.89,113.93,97.55,0.4593,0.3353,1.0,0.3,107.5,,113.9,113.87,115.17,99.5,0.4845,0.3306,1.0,0.5,110.2,,1.95,3,3,0,0,0,109.0,129.0,0.0,2
2363,0022400176,2024-11-06,2024-25,Regular Season,119,99,6,5,DAL,CHI,109.8,111.97,108.83,97.8,0.4613,0.3566,1.0,0.5,112.57,,118.0,112.43,113.47,104.06,0.4606,0.3689,1.0,0.5,122.43,,6.26,2,5,-3,0,0,127.0,92.0,1.0,1
2354,0022400175,2024-11-06,2024-25,Regular Season,122,131,4,3,NOP,CLE,103.6,105.2,115.82,98.2,0.435,0.3354,1.0,0.3,105.5,,117.8,119.08,111.54,98.6,0.5097,0.404,1.0,0.8,118.6,,0.4,2,4,-2,0,0,109.0,110.0,0.5,2
2365,0022400180,2024-11-06,2024-25,Regular Season,122,107,22,25,SAC,TOR,117.9,117.18,110.68,99.91,0.489,0.3502,1.0,0.5,115.4,,116.1,111.65,119.74,101.79,0.4686,0.3266,1.0,0.2,111.8,,1.88,9,2,7,0,0,128.66666666666666,116.66666666666667,0.6666666666666666,3
2364,0022400173,2024-11-06,2024-25,Regular Season,127,100,9,23,HOU,SAS,113.6,115.28,110.35,97.74,0.4329,0.3247,1.0,0.6,115.75,,106.8,107.68,109.42,99.4,0.4557,0.3347,1.0,0.4,100.2,,1.66,2,2,0,0,0,104.4,98.8,0.8,5
2362,0022400172,2024-11-06,2024-25,Regular Season,112,118,2,8,BOS,GSW,117.9,118.5,108.99,98.68,0.4483,0.3646,1.0,0.9,119.0,,118.3,117.12,104.35,99.84,0.4753,0.3786,1.0,0.8,123.8,,1.16,9,2,7,0,0,133.0,110.0,0.5,2
2361,0022400169,2024-11-06,2024-25,Regular Season,108,107,30,29,CHA,DET,111.2,112.56,119.13,98.95,0.4523,0.389,1.0,0.4,114.0,,105.2,107.8,111.35,97.65,0.4568,0.3188,1.0,0.4,102.0,,1.3,4,3,1,0,0,101.5,113.5,0.0,2
2360,0022400174,2024-11-06,2024-25,Regular Season,131,114,27,11,MEM,LAL,116.8,114.09,114.46,102.25,0.4806,0.3414,1.0,0.4,117.67,,114.3,113.85,115.93,100.0,0.4793,0.3233,1.0,0.5,111.0,,2.25,6,2,4,0,0,119.5,126.5,0.25,4
2357,0022400170,2024-11-06,2024-25,Regular Season,118,111,18,17,IND,ORL,115.2,113.63,119.26,98.91,0.4985,0.3417,1.0,0.2,115.5,,103.8,103.59,106.45,100.4,0.4122,0.3081,1.0,0.4,100.0,,1.49,7,2,5,0,0,113.0,115.25,0.25,4
2358,0022400171,2024-11-06,2024-25,Regular Season,121,116,1,16,ATL,NYK,114.3,110.12,119.44,103.85,0.4632,0.3319,1.0,0.3,114.4,,109.9,116.99,118.13,94.15,0.4573,0.3734,1.0,0.4,107.0,,9.7,2,2,0,0,0,115.0,108.0,0.5,2
2356,0022400177,2024-11-06,2024-25,Regular Season,124,122,7,24,DEN,OKC,110.0,109.99,113.02,97.48,0.4453,0.3592,1.0,0.5,107.17,,110.1,110.62,99.97,99.5,0.451,0.3297,1.0,0.8,112.33,,2.02,2,4,-2,0,0,99.25,111.0,0.0,4
2355,0022400178,2024-11-06,2024-25,Regular Season,115,112,20,12,PHX,MIA,111.9,112.68,113.2,98.63,0.4733,0.3794,1.0,0.6,111.5,,101.9,106.84,113.17,95.0,0.4331,0.3534,1.0,0.4,106.75,,3.63,2,11,-9,0,0,115.5,101.0,1.0,2
2359,0022400179,2024-11-06,2024-25,Regular Season,110,98,10,19,LAC,PHI,107.3,110.61,113.9,96.58,0.4545,0.3621,1.0,0.5,105.83,,109.6,112.43,116.01,95.87,0.4311,0.3488,1.0,0.3,113.25,,0.71,2,2,0,0,0,107.5,114.0,0.5,2
2351,0022400181,2024-11-07,2024-25,Regular Season,119,135,5,14,CHI,MIN,115.2,108.59,113.88,105.01,0.4494,0.3586,1.0,0.4,107.67,,109.7,113.31,114.32,96.9,0.4813,0.3853,1.0,0.5,107.0,,8.11,3,5,-2,0,0,119.0,112.0,1.0,2
2353,0022400182,2024-11-07,2024-25,Regular Season,123,100,13,26,MIL,UTA,110.8,112.5,117.47,98.95,0.4785,0.3482,1.0,0.2,116.67,,108.4,107.46,117.9,100.95,0.4383,0.3092,1.0,0.2,113.2,,2.0,5,3,2,0,0,112.0,127.5,0.0,2
2352,0022400183,2024-11-07,2024-25,Regular Season,118,105,23,21,SAS,POR,107.9,109.58,110.61,98.3,0.467,0.3511,1.0,0.4,113.4,,105.4,106.72,114.76,99.2,0.4188,0.3191,1.0,0.2,100.2,,0.9,5,3,2,0,0,120.66666666666667,113.0,0.6666666666666666,3
2349,0022400184,2024-11-08,2024-25,Regular Season,103,83,30,18,CHA,IND,110.5,111.42,118.2,99.25,0.445,0.3819,1.0,0.3,112.8,,116.0,113.96,117.42,99.21,0.5,0.35,1.0,0.3,116.0,,0.04,2,4,-2,0,0,107.66666666666667,120.33333333333333,0.3333333333333333,3
2348,0022400189,2024-11-08,2024-25,Regular Season,116,94,16,13,NYK,MIL,112.6,119.32,117.88,94.45,0.4724,0.4013,1.0,0.4,114.25,,111.8,113.41,114.92,98.95,0.4786,0.3547,1.0,0.3,107.5,,4.5,11,4,7,0,0,121.0,126.75,0.5,4
2347,0022400185,2024-11-08,2024-25,Regular Season,122,121,29,1,DET,ATL,105.2,107.8,113.04,97.75,0.4573,0.3243,1.0,0.4,110.0,,115.8,111.84,120.46,103.6,0.4638,0.3414,1.0,0.4,116.25,,5.85,4,5,-1,0,0,118.5,125.5,0.0,2
2346,0022400191,2024-11-08,2024-25,Regular Season,128,104,27,28,MEM,WAS,117.9,114.93,113.7,102.3,0.4869,0.3478,1.0,0.5,119.5,,117.4,112.51,119.83,104.75,0.4617,0.3526,1.0,0.3,121.5,,2.45,2,6,-4,0,0,109.0,97.0,1.0,1
2345,0022400188,2024-11-08,2024-25,Regular Season,136,117,3,8,CLE,GSW,120.7,121.09,112.14,99.3,0.5203,0.4213,1.0,0.9,120.75,,120.1,118.54,105.91,100.29,0.4747,0.3855,1.0,0.8,127.4,,0.99,4,2,2,0,0,120.7,120.1,0.5,0
2344,0022400194,2024-11-08,2024-25,Regular Season,135,122,7,12,DEN,MIA,111.2,109.2,113.55,99.23,0.4375,0.3539,1.0,0.5,109.17,,102.0,106.59,114.16,95.35,0.4273,0.3381,1.0,0.3,107.0,,3.88,2,2,0,0,0,101.5,92.5,1.0,2
2343,0022400190,2024-11-08,2024-25,Regular Season,113,114,6,20,DAL,PHX,111.8,112.44,106.56,99.25,0.4655,0.3522,1.0,0.6,115.43,,114.1,114.52,113.46,99.03,0.4784,0.3849,1.0,0.7,119.0,,0.22,2,8,-6,0,0,115.5,118.25,0.5,4
2342,0022400193,2024-11-08,2024-25,Regular Season,127,102,14,21,MIN,POR,112.5,115.33,113.84,97.55,0.4855,0.3974,1.0,0.6,112.4,,105.2,106.85,115.47,98.85,0.4276,0.3129,1.0,0.2,101.0,,1.3,4,1,3,0,1,121.0,101.75,1.0,4
2341,0022400186,2024-11-08,2024-25,Regular Season,115,88,17,4,ORL,NOP,104.6,104.64,108.71,100.3,0.4241,0.3055,1.0,0.3,117.5,,107.3,108.98,118.1,98.3,0.4446,0.3554,1.0,0.3,100.75,,2.0,11,9,2,0,0,119.0,107.0,1.0,2
2339,0022400196,2024-11-08,2024-25,Regular Season,98,107,22,10,SAC,LAC,117.8,117.72,108.82,99.26,0.4809,0.3367,1.0,0.6,115.2,,106.7,110.09,112.99,96.33,0.4576,0.3429,1.0,0.5,107.33,,2.93,2,12,-10,0,0,112.0,113.0,0.5,4
2340,0022400195,2024-11-08,2024-25,Regular Season,116,106,11,19,LAL,PHI,115.2,114.42,117.1,100.45,0.4745,0.3361,1.0,0.5,120.75,,106.9,109.46,115.71,95.82,0.4312,0.3284,1.0,0.2,110.2,,4.63,13,2,11,0,0,97.5,116.0,0.5,2
2338,0022400192,2024-11-08,2024-25,Regular Season,126,107,24,9,OKC,HOU,112.3,111.5,101.24,100.8,0.457,0.3438,1.0,0.7,106.75,,114.2,115.01,107.14,98.44,0.4471,0.317,1.0,0.7,110.4,,2.36,4,8,-4,0,0,115.5,111.75,0.5,4
2350,0022400187,2024-11-08,2024-25,Regular Season,108,104,2,15,BOS,BKN,120.7,121.42,108.57,98.68,0.4542,0.3657,1.0,0.9,117.25,,110.1,112.0,114.23,97.46,0.4648,0.3446,1.0,0.4,105.8,,1.22,2,9,-7,0,0,127.0,98.0,1.0,2
2336,0022400200,2024-11-09,2024-25,Regular Season,105,103,10,25,LAC,TOR,108.1,111.23,109.9,96.68,0.4641,0.3639,1.0,0.6,108.67,,116.5,112.41,119.82,101.49,0.4694,0.3237,1.0,0.2,112.6,,4.81,3,3,0,0,0,126.5,113.5,1.0,2
2334,0022400199,2024-11-09,2024-25,Regular Season,105,100,3,15,CLE,BKN,124.5,122.54,110.08,101.3,0.5263,0.427,1.0,1.0,123.8,,109.8,110.28,112.59,97.65,0.4558,0.3365,1.0,0.4,105.2,,3.65,1,1,0,1,1,110.0,105.66666666666667,0.6666666666666666,3
2337,0022400197,2024-11-09,2024-25,Regular Season,110,111,23,26,SAS,UTA,107.6,110.03,109.54,97.8,0.4678,0.3466,1.0,0.5,112.8,,106.0,104.85,117.98,101.05,0.4306,0.3148,1.0,0.1,111.0,,3.25,2,2,0,0,0,112.75,114.25,0.5,4
2335,0022400198,2024-11-09,2024-25,Regular Season,113,125,1,5,ATL,CHI,116.4,112.4,117.3,103.55,0.4654,0.3498,1.0,0.4,115.5,,114.2,108.8,115.56,104.16,0.4538,0.3603,1.0,0.4,116.67,,0.61,3,3,0,0,0,117.33333333333333,118.33333333333333,0.3333333333333333,3
2329,0022400207,2024-11-10,2024-25,Regular Season,116,127,24,8,OKC,GSW,115.7,113.28,99.94,102.25,0.4656,0.3566,1.0,0.8,115.25,,120.9,118.68,107.44,100.84,0.4762,0.3783,1.0,0.8,125.67,,1.41,2,2,0,0,0,132.0,122.66666666666667,1.0,3
2327,0022400206,2024-11-10,2024-25,Regular Season,94,95,14,12,MIN,MIA,114.7,116.25,112.99,98.6,0.4813,0.3956,1.0,0.6,114.83,,105.8,108.66,115.03,97.1,0.4346,0.3525,1.0,0.3,110.0,,1.5,2,2,0,0,0,112.0,108.0,1.0,1
2332,0022400204,2024-11-10,2024-25,Regular Season,121,94,17,28,ORL,WAS,106.7,107.31,107.28,99.85,0.4427,0.2982,1.0,0.4,116.67,,115.6,111.22,120.2,104.3,0.4554,0.3383,1.0,0.3,117.0,,4.45,2,2,0,0,0,128.75,118.25,1.0,4
2331,0022400202,2024-11-10,2024-25,Regular Season,107,113,13,2,MIL,BOS,109.7,110.23,117.04,99.5,0.4696,0.3401,1.0,0.2,119.33,,120.9,120.2,108.98,98.93,0.4548,0.3588,1.0,0.9,123.0,,0.57,3,6,-3,0,0,116.4,110.6,0.4,5
2330,0022400208,2024-11-10,2024-25,Regular Season,122,120,7,6,DEN,DAL,117.7,114.7,113.16,100.23,0.469,0.3859,1.0,0.6,112.86,,110.9,112.01,110.2,98.85,0.4663,0.345,1.0,0.5,103.33,,1.38,2,12,-10,0,0,117.5,105.5,0.5,2
2324,0022400205,2024-11-10,2024-25,Regular Season,107,105,19,30,PHI,CHA,108.3,110.39,117.01,96.37,0.4364,0.3344,1.0,0.2,106.5,,111.0,112.58,114.06,98.6,0.4451,0.373,1.0,0.4,110.75,,2.23,8,6,2,0,0,115.5,95.75,1.0,4
2328,0022400209,2024-11-10,2024-25,Regular Season,118,127,20,22,PHX,SAC,114.6,115.67,113.14,98.38,0.4823,0.3841,1.0,0.8,112.5,,116.9,116.34,108.36,99.61,0.4843,0.3114,1.0,0.6,120.4,,1.23,4,6,-2,0,0,113.6,116.6,0.6,5
2326,0022400203,2024-11-10,2024-25,Regular Season,132,121,18,16,IND,NYK,113.2,111.11,116.25,99.16,0.4893,0.3583,1.0,0.3,117.25,,112.1,118.79,117.88,94.6,0.4732,0.3974,1.0,0.4,111.5,,4.56,4,4,0,0,0,115.9090909090909,113.45454545454545,0.5454545454545454,11
2325,0022400210,2024-11-10,2024-25,Regular Season,89,134,21,27,POR,MEM,107.2,108.47,115.46,99.3,0.4389,0.3213,1.0,0.2,111.5,,119.6,116.34,111.37,102.5,0.4893,0.3562,1.0,0.6,115.5,,3.2,9,6,3,0,0,114.5,96.0,1.0,2
2323,0022400201,2024-11-10,2024-25,Regular Season,99,101,29,9,DET,HOU,107.9,109.9,112.05,98.35,0.4694,0.3395,1.0,0.5,112.4,,113.3,113.56,108.45,98.94,0.4426,0.3255,1.0,0.6,108.6,,0.59,2,2,0,0,0,111.5,124.0,0.0,2
2333,0022400211,2024-11-10,2024-25,Regular Season,123,103,11,25,LAL,TOR,114.9,114.83,117.55,99.85,0.4741,0.351,1.0,0.5,120.0,,116.5,112.63,118.96,101.19,0.4693,0.3269,1.0,0.2,112.6,,1.34,2,1,1,0,1,130.33333333333334,122.33333333333333,1.0,3
2321,0022400216,2024-11-11,2024-25,Regular Season,116,96,23,22,SAS,SAC,106.3,108.31,110.8,98.15,0.4587,0.3387,1.0,0.4,110.2,,117.5,115.36,110.52,99.94,0.4839,0.3029,1.0,0.6,121.5,,1.79,2,1,1,0,1,123.66666666666667,129.0,0.0,3
2320,0022400214,2024-11-11,2024-25,Regular Season,105,107,4,15,NOP,BKN,107.2,109.16,120.18,98.05,0.4451,0.3642,1.0,0.3,116.2,,111.2,112.46,113.3,96.9,0.4619,0.3449,1.0,0.4,108.0,,1.15,5,2,3,0,0,108.0,88.0,1.0,2
2319,0022400212,2024-11-11,2024-25,Regular Season,113,119,5,3,CHI,CLE,114.8,109.38,114.79,105.2,0.4553,0.3678,1.0,0.4,110.5,,121.4,120.48,110.66,100.3,0.5218,0.416,1.0,1.0,122.5,,4.9,4,5,-1,0,0,105.75,112.25,0.25,4
2318,0022400215,2024-11-11,2024-25,Regular Season,134,128,24,10,OKC,LAC,115.7,112.92,100.45,102.6,0.4625,0.3533,1.0,0.8,115.4,,108.5,110.83,107.85,97.38,0.4687,0.3766,1.0,0.7,109.33,,5.22,1,3,-2,1,0,121.25,110.5,0.75,4
2322,0022400213,2024-11-11,2024-25,Regular Season,107,92,9,28,HOU,WAS,111.8,113.35,108.95,97.79,0.435,0.3172,1.0,0.6,118.0,,112.9,109.12,120.07,103.7,0.4518,0.3221,1.0,0.3,110.25,,5.91,5,1,4,0,1,136.0,116.5,1.0,2
2312,0022400001,2024-11-12,2024-25,Regular Season,116,117,2,1,BOS,ATL,119.0,117.22,107.92,99.63,0.445,0.3493,1.0,0.9,113.0,,115.7,111.63,118.27,103.55,0.4627,0.3487,1.0,0.3,117.75,,3.92,4,4,0,0,0,120.2,111.2,0.6,5
2314,0022400002,2024-11-12,2024-25,Regular Season,123,121,29,12,DET,MIA,106.9,109.2,111.29,97.9,0.4691,0.3446,1.0,0.5,110.4,,106.5,108.8,113.67,97.65,0.4381,0.3607,1.0,0.4,107.5,,0.25,2,2,0,0,0,101.0,109.0,0.0,4
2311,0022400005,2024-11-12,2024-25,Regular Season,99,85,13,25,MIL,TOR,110.6,110.61,115.67,100.0,0.4755,0.3548,1.0,0.2,116.25,,116.2,113.66,118.86,100.14,0.4725,0.3227,1.0,0.2,111.0,,0.14,2,2,0,0,0,119.5,114.5,0.5,2
2313,0022400007,2024-11-12,2024-25,Regular Season,120,117,8,6,GSW,DAL,121.3,119.21,107.56,100.74,0.4789,0.3945,1.0,0.8,110.67,,114.1,114.24,110.61,99.85,0.4747,0.3456,1.0,0.5,114.0,,0.89,13,2,11,0,0,107.75,112.25,0.25,4
2316,0022400006,2024-11-12,2024-25,Regular Season,112,120,26,20,UTA,PHX,106.1,104.3,117.32,101.7,0.4303,0.328,1.0,0.2,98.5,,114.8,113.36,111.26,99.42,0.4728,0.3772,1.0,0.8,117.75,,2.28,12,4,8,0,0,126.66666666666667,133.33333333333334,0.0,3
2317,0022400008,2024-11-12,2024-25,Regular Season,122,108,21,14,POR,MIN,105.7,106.93,114.69,99.5,0.4338,0.3073,1.0,0.2,107.75,,113.8,115.23,109.81,98.75,0.4784,0.3932,1.0,0.6,114.5,,0.75,2,5,-3,0,0,101.8,122.2,0.0,5
2315,0022400003,2024-11-12,2024-25,Regular Season,114,89,17,30,ORL,CHA,107.2,108.34,107.28,99.5,0.4451,0.2969,1.0,0.4,117.75,,109.5,110.02,112.72,98.59,0.4325,0.3514,1.0,0.3,107.0,,0.91,2,2,0,0,0,114.5,105.5,0.75,4
2310,0022400004,2024-11-12,2024-25,Regular Season,99,111,19,16,PHI,NYK,107.8,109.3,116.43,96.87,0.4366,0.3232,1.0,0.2,106.6,,113.9,119.31,118.18,95.65,0.4847,0.3872,1.0,0.4,114.5,,1.22,2,2,0,0,0,99.5,106.7,0.3,10
2309,0022400226,2024-11-13,2024-25,Regular Season,106,98,21,14,POR,MIN,107.6,108.91,115.09,99.4,0.4439,0.3285,1.0,0.3,112.5,,114.3,114.96,110.31,99.4,0.4879,0.3986,1.0,0.6,115.75,,0.0,1,1,0,1,1,105.16666666666667,119.83333333333333,0.16666666666666666,6
2302,0022400218,2024-11-13,2024-25,Regular Season,114,139,15,2,BKN,BOS,110.3,112.67,112.92,95.9,0.4608,0.3506,1.0,0.5,114.4,,118.4,117.21,109.72,99.23,0.449,0.3515,1.0,0.9,121.5,,3.33,9,3,6,0,0,100.0,120.66666666666667,0.0,3
2308,0022400219,2024-11-13,2024-25,Regular Season,123,124,16,5,NYK,CHI,114.1,118.56,113.95,96.45,0.4917,0.3791,1.0,0.5,114.33,,115.0,110.07,114.84,104.75,0.4559,0.3752,1.0,0.4,119.0,,8.3,5,4,1,0,0,116.0,111.0,0.75,4
2301,0022400224,2024-11-13,2024-25,Regular Season,139,130,23,28,SAS,WAS,107.0,110.01,109.26,97.3,0.464,0.3532,1.0,0.5,111.17,,109.4,106.04,118.5,103.3,0.4404,0.3157,1.0,0.2,106.6,,6.0,2,2,0,0,0,122.0,122.5,0.5,2
2304,0022400217,2024-11-13,2024-25,Regular Season,94,90,17,18,ORL,IND,107.0,107.9,105.89,99.7,0.4393,0.2764,1.0,0.4,117.25,,116.2,113.59,117.3,99.66,0.4944,0.3695,1.0,0.4,110.5,,0.04,1,5,-4,1,0,114.4,114.0,0.6,5
2300,0022400225,2024-11-13,2024-25,Regular Season,128,123,11,27,LAL,MEM,116.6,117.04,117.26,99.6,0.4789,0.3548,1.0,0.6,120.6,,120.4,116.41,107.54,103.1,0.4973,0.3556,1.0,0.6,117.5,,3.5,3,3,0,0,0,124.0,121.8,0.6,5
2305,0022400220,2024-11-13,2024-25,Regular Season,106,114,19,3,PHI,CLE,106.2,106.56,114.56,97.77,0.4302,0.314,1.0,0.2,103.4,,122.0,120.51,111.53,100.7,0.5149,0.4111,1.0,1.0,121.8,,2.93,1,2,-1,1,0,115.0,114.25,0.5,4
2303,0022400222,2024-11-13,2024-25,Regular Season,111,103,9,10,HOU,LAC,112.0,112.9,106.51,98.39,0.4441,0.3087,1.0,0.7,118.4,,110.0,113.38,110.72,97.35,0.478,0.4031,1.0,0.7,114.0,,1.04,2,2,0,0,0,116.0,113.5,0.5,2
2299,0022400223,2024-11-13,2024-25,Regular Season,127,120,13,29,MIL,DET,108.1,108.45,113.44,99.75,0.4621,0.3402,1.0,0.2,112.8,,109.1,110.7,111.19,97.6,0.4689,0.3401,1.0,0.6,104.0,,2.15,1,7,-6,1,0,136.33333333333334,120.66666666666667,1.0,3
2306,0022400221,2024-11-13,2024-25,Regular Season,106,88,24,4,OKC,NOP,118.9,115.65,104.21,102.95,0.4715,0.3702,1.0,0.8,118.5,,105.4,108.82,121.16,96.75,0.4434,0.3597,1.0,0.2,98.2,,6.2,2,5,-3,0,0,107.83333333333333,92.16666666666667,1.0,6
2307,0022400227,2024-11-13,2024-25,Regular Season,127,104,22,20,SAC,PHX,115.6,114.09,111.02,99.39,0.4805,0.2913,1.0,0.6,110.33,,115.2,115.72,113.17,98.63,0.4741,0.3839,1.0,0.8,118.75,,0.76,5,1,4,0,1,118.33333333333333,114.33333333333333,0.5,6
2298,0022400228,2024-11-14,2024-25,Regular Season,115,113,26,6,UTA,DAL,105.7,104.61,117.65,101.15,0.4275,0.3263,1.0,0.2,101.2,,113.8,113.95,111.88,99.75,0.4859,0.3348,1.0,0.4,114.75,,1.4,2,2,0,0,0,105.6,115.0,0.2,5
2292,0022400013,2024-11-15,2024-25,Regular Season,144,126,3,5,CLE,CHI,119.9,119.4,111.42,99.9,0.5109,0.4049,1.0,1.0,122.2,,114.1,109.91,115.27,104.3,0.4617,0.3694,1.0,0.4,117.2,,4.4,6,2,4,0,0,113.6,107.2,0.8,5
2297,0022400014,2024-11-15,2024-25,Regular Season,124,122,16,15,NYK,BKN,115.5,118.41,111.48,97.7,0.4877,0.3829,1.0,0.5,116.5,,111.6,114.22,115.41,95.75,0.4692,0.357,1.0,0.5,107.5,,1.95,2,4,-2,0,0,111.25,101.25,1.0,4
2296,0022400009,2024-11-15,2024-25,Regular Season,111,124,18,12,IND,MIA,113.7,111.48,115.98,99.36,0.4819,0.3738,1.0,0.3,124.75,,110.2,111.27,112.85,97.8,0.4432,0.3882,1.0,0.4,113.67,,1.56,5,3,2,0,0,131.0,128.66666666666666,0.6666666666666666,3
2295,0022400015,2024-11-15,2024-25,Regular Season,115,120,23,11,SAS,LAL,110.0,111.53,110.36,98.45,0.4668,0.3541,1.0,0.5,116.17,,118.4,117.54,118.01,100.7,0.4853,0.3869,1.0,0.6,112.6,,2.25,2,9,-7,0,0,122.0,120.0,0.3333333333333333,3
2293,0022400010,2024-11-15,2024-25,Regular Season,98,86,17,19,ORL,PHI,105.3,106.92,103.36,98.95,0.4373,0.2752,1.0,0.5,112.6,,105.9,106.7,114.03,97.37,0.433,0.3208,1.0,0.2,109.0,,1.58,2,7,-5,0,0,104.66666666666667,120.33333333333333,0.0,3
2294,0022400016,2024-11-15,2024-25,Regular Season,125,104,9,10,HOU,LAC,110.3,112.26,107.02,97.44,0.4435,0.3067,1.0,0.7,115.0,,109.4,112.42,111.1,97.65,0.4688,0.4035,1.0,0.6,112.5,,0.21,2,2,0,0,0,114.33333333333333,110.0,0.6666666666666666,3
2291,0022400018,2024-11-15,2024-25,Regular Season,99,83,24,20,OKC,PHX,118.1,117.02,105.31,100.85,0.4737,0.3887,1.0,0.8,116.71,,114.0,115.07,114.08,98.18,0.46,0.3682,1.0,0.8,115.75,,2.67,2,2,0,0,0,123.0,106.5,1.0,2
2289,0022400020,2024-11-15,2024-25,Regular Season,126,130,22,14,SAC,MIN,115.6,115.2,109.5,98.44,0.4935,0.3108,1.0,0.7,114.5,,112.4,113.08,109.43,99.4,0.4796,0.3765,1.0,0.5,111.0,,0.96,2,2,0,0,0,115.25,114.5,0.5,4
2288,0022400017,2024-11-15,2024-25,Regular Season,101,94,4,7,NOP,DEN,103.7,107.89,122.34,95.95,0.441,0.3465,1.0,0.1,112.6,,120.9,116.79,114.27,101.28,0.4786,0.41,1.0,0.7,129.0,,5.33,4,14,-10,0,0,114.0,117.5,0.5,2
2287,0022400011,2024-11-15,2024-25,Regular Season,95,99,25,29,TOR,DET,113.2,110.94,118.37,99.84,0.4613,0.3326,1.0,0.1,127.0,,109.3,109.86,110.19,97.58,0.466,0.3516,1.0,0.6,107.2,,2.26,13,2,11,0,0,124.33333333333333,118.33333333333333,0.3333333333333333,3
2286,0022400012,2024-11-15,2024-25,Regular Season,129,117,1,28,ATL,WAS,114.9,111.43,118.34,103.1,0.4651,0.3432,1.0,0.2,112.2,,110.2,106.68,118.92,103.45,0.4444,0.3198,1.0,0.2,108.2,,0.35,6,2,4,0,0,120.8,123.0,0.4,5
2290,0022400019,2024-11-15,2024-25,Regular Season,123,118,8,27,GSW,MEM,119.3,118.02,109.18,100.24,0.4752,0.3869,1.0,0.8,113.0,,121.9,118.12,107.88,102.8,0.5027,0.3563,1.0,0.6,121.25,,2.56,3,2,1,0,0,121.66666666666667,111.0,0.6666666666666666,3
2282,0022400231,2024-11-16,2024-25,Regular Season,99,104,4,11,NOP,LAL,103.5,108.25,119.45,95.55,0.4403,0.3503,1.0,0.2,110.67,,118.1,117.73,118.5,100.25,0.482,0.3802,1.0,0.6,113.83,,4.7,1,1,0,1,1,112.0,126.25,0.25,4
2281,0022400229,2024-11-16,2024-25,Regular Season,115,114,30,13,CHA,MIL,107.4,107.37,113.18,99.04,0.4283,0.3471,1.0,0.2,111.17,,108.6,108.7,112.56,98.69,0.46,0.3506,1.0,0.3,103.4,,0.35,8,8,0,0,0,91.75,121.0,0.0,4
2285,0022400233,2024-11-16,2024-25,Regular Season,121,117,22,26,SAC,UTA,117.1,115.76,111.65,98.29,0.4978,0.3032,1.0,0.6,118.25,,104.8,104.67,117.42,100.3,0.431,0.326,1.0,0.3,110.2,,2.01,1,7,-6,1,0,121.66666666666667,102.0,1.0,3
2284,0022400230,2024-11-16,2024-25,Regular Season,126,123,2,25,BOS,TOR,119.9,118.89,109.31,99.18,0.4606,0.3535,1.0,0.9,113.75,,112.6,110.34,116.99,99.89,0.4518,0.3239,1.0,0.1,108.33,,0.71,4,4,0,0,0,111.0,106.33333333333333,1.0,3
2283,0022400232,2024-11-16,2024-25,Regular Season,110,93,6,23,DAL,SAS,114.9,115.31,112.11,99.6,0.4967,0.3339,1.0,0.4,113.17,,111.4,112.65,111.21,98.85,0.4732,0.3616,1.0,0.5,100.75,,0.75,8,10,-2,0,0,123.25,107.0,1.0,4
2275,0022400237,2024-11-17,2024-25,Regular Season,104,124,28,29,WAS,DET,111.7,107.13,118.61,104.4,0.4418,0.3353,1.0,0.2,114.75,,109.4,109.36,108.65,98.08,0.4686,0.3359,1.0,0.7,107.4,,6.32,13,2,11,0,0,112.0,109.0,0.5,4
2277,0022400240,2024-11-17,2024-25,Regular Season,114,104,16,15,NYK,BKN,115.6,118.13,113.93,97.85,0.4883,0.3727,1.0,0.4,116.75,,112.3,115.05,117.51,95.75,0.4701,0.3627,1.0,0.5,110.4,,2.1,2,2,0,0,0,113.8,105.4,1.0,5
2272,0022400236,2024-11-17,2024-25,Regular Season,128,114,3,30,CLE,CHA,123.3,121.39,112.15,101.1,0.5181,0.4204,1.0,1.0,125.83,,106.9,107.7,113.16,98.24,0.4339,0.3416,1.0,0.3,95.67,,2.86,2,5,-3,0,0,112.0,110.0,0.3333333333333333,3
2274,0022400235,2024-11-17,2024-25,Regular Season,119,110,18,12,IND,MIA,115.0,112.58,115.46,99.71,0.4837,0.4038,1.0,0.3,122.0,,112.9,113.43,112.11,98.15,0.4559,0.3915,1.0,0.5,115.14,,1.56,2,2,0,0,0,126.0,127.5,0.5,4
2276,0022400239,2024-11-17,2024-25,Regular Season,114,110,21,1,POR,ATL,105.7,106.41,114.17,99.85,0.4435,0.3245,1.0,0.3,107.75,,117.4,112.55,116.14,104.25,0.4724,0.3433,1.0,0.3,121.0,,4.4,4,5,-1,0,0,106.0,111.0,0.5,2
2273,0022400238,2024-11-17,2024-25,Regular Season,105,90,27,7,MEM,DEN,121.3,116.94,108.49,103.35,0.49,0.3348,1.0,0.5,122.0,,121.6,118.0,114.84,100.73,0.4854,0.4186,1.0,0.7,120.25,,2.62,9,2,7,0,0,106.33333333333333,132.0,0.0,3
2278,0022400241,2024-11-17,2024-25,Regular Season,107,143,5,9,CHI,HOU,117.2,113.21,118.57,103.7,0.478,0.3887,1.0,0.4,115.0,,112.2,113.0,105.48,98.44,0.4506,0.3182,1.0,0.8,105.5,,5.26,6,7,-1,0,0,120.5,123.0,0.5,2
2279,0022400242,2024-11-17,2024-25,Regular Season,119,121,24,6,OKC,DAL,115.2,114.78,103.66,100.3,0.4639,0.3737,1.0,0.8,112.57,,114.9,115.31,111.31,99.55,0.4982,0.3315,1.0,0.4,117.5,,0.75,2,3,-1,0,0,113.4,110.7,0.5,10
2271,0022400243,2024-11-17,2024-25,Regular Season,116,105,10,26,LAC,UTA,108.6,111.36,113.0,97.85,0.4599,0.3972,1.0,0.5,107.33,,107.9,108.59,117.69,99.55,0.4488,0.3508,1.0,0.3,111.33,,1.7,8,1,7,0,1,119.0,105.0,0.6666666666666666,3
2280,0022400234,2024-11-17,2024-25,Regular Season,120,117,14,20,MIN,PHX,114.2,114.14,111.33,98.95,0.4801,0.3795,1.0,0.5,113.6,,110.9,111.97,113.98,98.03,0.4443,0.3566,1.0,0.7,109.2,,0.92,7,2,5,0,0,111.57142857142857,109.71428571428571,0.5714285714285714,7
2269,0022400246,2024-11-18,2024-25,Regular Season,134,106,16,28,NYK,WAS,116.6,120.11,114.66,96.95,0.4928,0.3731,1.0,0.5,119.25,,110.5,106.28,118.15,104.0,0.4503,0.3448,1.0,0.2,109.67,,7.05,1,3,-2,1,0,118.0,104.33333333333333,1.0,3
2270,0022400245,2024-11-18,2024-25,Regular Season,106,89,12,19,MIA,PHI,112.5,113.63,113.95,97.7,0.4494,0.3945,1.0,0.4,107.67,,103.8,105.46,113.29,96.47,0.4351,0.3221,1.0,0.2,104.8,,1.23,14,3,11,0,0,106.0,106.0,0.5,4
2268,0022400249,2024-11-18,2024-25,Regular Season,99,109,20,17,PHX,ORL,111.7,112.81,115.66,97.98,0.4524,0.3712,1.0,0.6,113.5,,103.2,105.67,101.22,98.15,0.4339,0.2732,1.0,0.5,98.0,,0.17,8,12,-4,0,0,105.0,110.0,0.5,2
2267,0022400251,2024-11-18,2024-25,Regular Season,102,99,10,8,LAC,GSW,109.7,112.27,112.89,97.95,0.4632,0.3886,1.0,0.5,109.17,,118.9,116.97,111.54,100.89,0.471,0.3882,1.0,0.8,122.8,,2.94,1,8,-7,1,0,118.0,114.8,0.8,5
2266,0022400244,2024-11-18,2024-25,Regular Season,112,122,29,5,DET,CHI,111.3,110.23,108.62,98.98,0.4698,0.3389,1.0,0.7,111.4,,115.3,110.68,119.39,104.55,0.4666,0.3665,1.0,0.3,117.2,,5.57,6,3,3,0,0,105.0,111.0,0.5,2
2265,0022400247,2024-11-18,2024-25,Regular Season,130,119,25,18,TOR,IND,112.4,112.06,118.35,98.53,0.4578,0.3344,1.0,0.2,117.0,,115.5,114.68,116.46,99.23,0.4891,0.408,1.0,0.4,108.0,,0.7,3,5,-2,0,0,127.5,130.0,0.5,4
2264,0022400248,2024-11-18,2024-25,Regular Season,101,100,13,9,MIL,HOU,109.8,110.28,112.92,98.39,0.4665,0.362,1.0,0.3,113.8,,115.9,114.13,104.21,100.44,0.4618,0.3071,1.0,0.8,114.75,,2.05,5,1,4,0,1,118.0,115.5,0.5,2
2263,0022400250,2024-11-18,2024-25,Regular Season,108,109,22,1,SAC,ATL,117.9,116.83,114.04,98.09,0.4962,0.3237,1.0,0.6,118.8,,116.5,112.0,115.8,103.95,0.4702,0.3402,1.0,0.3,118.8,,5.86,2,1,1,0,1,120.66666666666667,110.66666666666667,1.0,3
2261,0022400022,2024-11-19,2024-25,Regular Season,116,115,15,30,BKN,CHA,108.8,113.89,116.61,95.0,0.4612,0.3657,1.0,0.5,108.0,,107.7,108.4,114.2,98.44,0.4309,0.3484,1.0,0.3,100.25,,3.44,6,2,4,0,0,113.5,119.5,0.0,2
2258,0022400023,2024-11-19,2024-25,Regular Season,110,122,27,7,MEM,DEN,119.5,115.93,105.77,102.6,0.4892,0.3355,1.0,0.6,118.4,,120.2,116.56,114.19,100.83,0.4869,0.4109,1.0,0.7,114.2,,1.77,2,2,0,0,0,106.0,121.5,0.25,4
2260,0022400025,2024-11-19,2024-25,Regular Season,110,104,23,24,SAS,OKC,111.4,112.65,111.6,98.9,0.4638,0.3558,1.0,0.5,118.5,,116.6,116.31,106.83,100.1,0.4672,0.3655,1.0,0.7,121.33,,1.2,4,13,-9,0,0,103.0,122.6,0.2,5
2262,0022400026,2024-11-19,2024-25,Regular Season,124,118,11,26,LAL,UTA,115.4,117.05,117.4,98.65,0.4736,0.369,1.0,0.6,122.33,,108.2,109.54,118.77,99.05,0.4612,0.3522,1.0,0.3,111.83,,0.4,6,2,4,0,0,131.33333333333334,117.66666666666667,0.6666666666666666,3
2257,0022400024,2024-11-19,2024-25,Regular Season,132,91,6,4,DAL,NOP,115.0,115.54,111.7,99.55,0.4974,0.3312,1.0,0.4,113.17,,102.8,108.09,118.09,95.0,0.4284,0.3473,1.0,0.2,88.33,,4.55,3,6,-3,0,0,114.33333333333333,123.0,0.3333333333333333,3
2259,0022400021,2024-11-19,2024-25,Regular Season,120,117,2,3,BOS,CLE,120.6,119.71,111.4,97.95,0.4556,0.3496,1.0,0.8,115.5,,122.7,121.3,113.19,100.6,0.5175,0.4222,1.0,1.0,119.5,,2.65,3,6,-3,0,0,110.25,103.875,0.75,8
2251,0022400257,2024-11-20,2024-25,Regular Season,122,138,20,16,PHX,NYK,109.1,111.43,116.01,96.88,0.4434,0.3543,1.0,0.5,110.6,,118.4,121.73,114.56,97.05,0.5,0.3781,1.0,0.5,114.6,,0.17,2,8,-6,0,0,119.0,126.0,0.5,2
2249,0022400258,2024-11-20,2024-25,Regular Season,120,97,8,1,GSW,ATL,118.4,116.58,110.67,100.79,0.4718,0.392,1.0,0.8,117.75,,115.4,111.92,114.16,103.15,0.4698,0.3515,1.0,0.4,116.6,,2.36,5,2,3,0,0,134.0,126.5,0.5,2
2252,0022400254,2024-11-20,2024-25,Regular Season,130,113,9,18,HOU,IND,115.1,112.62,103.67,100.94,0.4606,0.3117,1.0,0.7,116.67,,115.9,114.73,116.94,99.63,0.4869,0.4007,1.0,0.4,108.8,,1.31,5,2,3,0,0,123.0,127.5,0.0,2
2253,0022400256,2024-11-20,2024-25,Regular Season,109,99,24,21,OKC,POR,113.3,112.91,106.43,100.15,0.4545,0.3569,1.0,0.6,114.57,,107.3,107.59,113.41,100.35,0.4476,0.3431,1.0,0.4,105.6,,0.2,3,12,-9,0,0,129.8,102.2,1.0,5
2250,0022400259,2024-11-20,2024-25,Regular Season,104,93,10,17,LAC,ORL,108.0,110.37,110.12,98.15,0.4575,0.4014,1.0,0.6,106.33,,104.2,108.21,102.22,96.9,0.4445,0.2872,1.0,0.6,100.0,,1.25,2,2,0,0,0,100.0,97.0,1.0,1
2255,0022400253,2024-11-20,2024-25,Regular Season,122,106,13,5,MIL,CHI,109.1,109.89,111.24,98.14,0.4672,0.3756,1.0,0.4,111.67,,117.3,113.26,121.23,104.05,0.4721,0.3783,1.0,0.3,118.0,,5.91,2,2,0,0,0,120.25,119.75,0.5,4
2254,0022400255,2024-11-20,2024-25,Regular Season,117,111,27,19,MEM,PHI,119.9,115.04,104.64,103.9,0.4821,0.3296,1.0,0.6,119.2,,100.9,103.27,113.23,96.84,0.4339,0.3203,1.0,0.1,99.0,,7.06,1,2,-1,1,0,111.66666666666667,110.66666666666667,0.6666666666666666,3
2256,0022400252,2024-11-20,2024-25,Regular Season,128,100,3,4,CLE,NOP,122.4,121.86,115.17,99.9,0.5164,0.4172,1.0,0.9,125.8,,103.0,107.54,119.85,95.85,0.4314,0.3511,1.0,0.2,89.0,,4.05,3,1,2,0,1,117.0,113.33333333333333,0.6666666666666666,3
2245,0022400260,2024-11-21,2024-25,Regular Season,123,121,30,29,CHA,DET,105.4,106.86,113.13,97.89,0.4251,0.3581,1.0,0.3,107.6,,112.7,111.88,108.27,98.78,0.4621,0.3406,1.0,0.7,111.2,,0.89,5,4,1,0,0,103.66666666666667,111.33333333333333,0.3333333333333333,3
2248,0022400263,2024-11-21,2024-25,Regular Season,118,119,11,17,LAL,ORL,117.3,118.63,117.85,99.0,0.4874,0.3704,1.0,0.7,122.75,,102.6,107.01,101.41,96.35,0.4429,0.2768,1.0,0.6,96.8,,2.65,2,1,1,0,1,117.3,102.6,0.5,0
2246,0022400261,2024-11-21,2024-25,Regular Season,110,105,25,14,TOR,MIN,112.1,111.53,116.39,98.68,0.4592,0.3506,1.0,0.3,120.25,,114.8,114.89,111.28,98.8,0.482,0.3744,1.0,0.6,114.8,,0.12,3,6,-3,0,0,93.0,122.5,0.0,2
2247,0022400262,2024-11-21,2024-25,Regular Season,126,118,23,26,SAS,UTA,111.8,113.15,113.1,98.9,0.4695,0.3692,1.0,0.5,117.29,,110.4,111.54,119.64,99.25,0.4719,0.3563,1.0,0.3,112.71,,0.35,2,2,0,0,0,112.2,113.6,0.4,5
2241,0022400034,2024-11-22,2024-25,Regular Season,104,88,10,22,LAC,SAC,109.2,112.12,109.21,97.75,0.4664,0.42,1.0,0.7,108.33,,116.4,115.91,114.22,97.49,0.4914,0.3339,1.0,0.5,115.5,,0.26,2,11,-9,0,0,111.8,109.2,0.6,5
2238,0022400027,2024-11-22,2024-25,Regular Season,113,98,19,15,PHI,BKN,102.5,104.04,113.52,97.64,0.4369,0.325,1.0,0.1,104.75,,108.5,113.71,117.76,94.85,0.4593,0.373,1.0,0.4,107.4,,2.79,9,5,4,0,0,114.0,108.25,0.5,4
2237,0022400029,2024-11-22,2024-25,Regular Season,129,117,13,18,MIL,IND,111.4,112.99,110.66,97.34,0.4795,0.3903,1.0,0.5,113.14,,113.7,113.48,117.16,100.2,0.4918,0.3839,1.0,0.4,109.5,,2.86,2,2,0,0,0,116.3,119.6,0.3,10
2243,0022400031,2024-11-22,2024-25,Regular Season,116,88,9,21,HOU,POR,116.0,112.81,101.8,102.55,0.4656,0.3117,1.0,0.8,118.17,,106.6,106.43,113.25,100.8,0.4435,0.3402,1.0,0.4,104.2,,1.75,2,2,0,0,0,120.0,110.75,0.75,4
2239,0022400032,2024-11-22,2024-25,Regular Season,108,112,4,8,NOP,GSW,100.5,105.31,121.43,95.5,0.4253,0.3382,1.0,0.1,106.33,,118.0,114.37,108.29,102.39,0.4709,0.3813,1.0,0.8,118.83,,6.89,6,4,2,0,0,112.5,110.5,0.5,4
2242,0022400030,2024-11-22,2024-25,Regular Season,136,122,5,1,CHI,ATL,116.7,113.43,122.06,103.45,0.4755,0.3775,1.0,0.3,116.25,,113.6,109.52,113.04,103.95,0.4585,0.3402,1.0,0.4,113.33,,0.5,5,2,3,0,0,120.0,116.25,0.75,4
2240,0022400033,2024-11-22,2024-25,Regular Season,120,123,7,6,DEN,DAL,119.7,116.21,113.05,101.76,0.4859,0.3992,1.0,0.7,126.2,,118.0,117.74,109.01,100.35,0.5036,0.3431,1.0,0.5,117.75,,1.41,12,5,7,0,0,119.0,110.33333333333333,0.6666666666666666,3
2244,0022400028,2024-11-22,2024-25,Regular Season,96,108,28,2,WAS,BOS,109.0,105.92,120.88,103.0,0.4525,0.3304,1.0,0.1,111.75,,119.4,121.2,112.47,96.67,0.4664,0.37,1.0,0.8,122.4,,6.33,5,9,-4,0,0,114.25,129.25,0.0,4
2236,0022400266,2024-11-23,2024-25,Regular Season,131,142,5,27,CHI,MEM,117.7,113.79,120.14,104.0,0.4851,0.3839,1.0,0.4,118.75,,119.4,115.12,106.13,103.5,0.4779,0.3452,1.0,0.6,120.6,,0.5,1,8,-7,1,0,123.0,109.66666666666667,1.0,3
2235,0022400269,2024-11-23,2024-25,Regular Season,104,94,23,8,SAS,GSW,113.1,113.05,113.29,100.1,0.4643,0.3663,1.0,0.5,119.14,,118.8,114.5,109.51,103.04,0.4686,0.3795,1.0,0.8,117.86,,2.94,2,1,1,0,1,113.25,115.0,0.25,4
2234,0022400265,2024-11-23,2024-25,Regular Season,111,100,17,29,ORL,DET,106.0,110.86,102.76,96.0,0.4569,0.2948,1.0,0.7,108.4,,114.2,112.12,109.98,98.99,0.4564,0.3454,1.0,0.6,114.2,,2.99,8,2,6,0,0,114.75,97.5,1.0,4
2233,0022400268,2024-11-23,2024-25,Regular Season,125,119,13,30,MIL,CHA,113.0,113.51,109.82,98.29,0.4845,0.3913,1.0,0.6,115.43,,106.8,107.34,112.12,97.6,0.4262,0.364,1.0,0.4,103.2,,0.69,1,4,-3,1,0,119.6,96.4,0.8,5
2232,0022400264,2024-11-23,2024-25,Regular Season,121,106,26,16,UTA,NYK,113.4,113.77,120.81,99.95,0.4747,0.3633,1.0,0.3,113.5,,119.4,122.33,116.62,97.35,0.5066,0.3794,1.0,0.5,116.6,,2.6,9,3,6,0,0,110.0,115.5,0.5,2
2231,0022400270,2024-11-23,2024-25,Regular Season,102,127,11,7,LAL,DEN,118.1,120.19,117.36,98.25,0.4886,0.3909,1.0,0.7,121.8,,117.3,114.38,112.12,102.3,0.482,0.4028,1.0,0.6,105.5,,4.05,2,4,-2,0,0,107.42857142857143,111.57142857142857,0.14285714285714285,7
2230,0022400267,2024-11-23,2024-25,Regular Season,98,104,9,21,HOU,POR,116.7,112.35,99.8,103.6,0.4619,0.326,1.0,0.8,119.33,,104.0,103.57,110.81,101.1,0.4295,0.3229,1.0,0.4,101.5,,2.5,1,1,0,1,1,119.2,106.2,0.8,5
2228,0022400276,2024-11-24,2024-25,Regular Season,103,108,22,15,SAC,BKN,112.4,113.68,113.33,96.98,0.484,0.3289,1.0,0.5,117.0,,106.3,112.6,119.17,93.8,0.4566,0.3775,1.0,0.3,105.83,,3.18,6,2,4,0,0,119.0,97.5,1.0,2
2227,0022400274,2024-11-24,2024-25,Regular Season,99,125,19,10,PHI,LAC,103.1,105.51,111.89,96.84,0.4411,0.3209,1.0,0.2,106.25,,108.3,110.24,106.58,98.6,0.4623,0.3924,1.0,0.7,110.5,,1.76,2,9,-7,0,0,108.66666666666667,108.33333333333333,0.3333333333333333,3
2226,0022400273,2024-11-24,2024-25,Regular Season,123,118,12,6,MIA,DAL,112.5,113.09,112.38,98.3,0.4476,0.3921,1.0,0.4,107.67,,119.5,119.23,112.47,100.35,0.5047,0.3488,1.0,0.5,118.8,,2.05,6,2,4,0,0,100.0,112.5,0.0,2
2225,0022400272,2024-11-24,2024-25,Regular Season,115,103,18,28,IND,WAS,113.6,112.48,116.69,100.95,0.4874,0.3742,1.0,0.4,120.0,,105.3,102.69,119.94,102.75,0.443,0.3133,1.0,0.0,107.17,,1.8,7,6,1,0,0,117.5,120.5,0.5,2
2224,0022400275,2024-11-24,2024-25,Regular Season,122,108,3,25,CLE,TOR,123.8,123.6,113.93,99.75,0.5207,0.4206,1.0,0.9,126.17,,110.6,110.61,114.38,98.18,0.462,0.3524,1.0,0.4,106.67,,1.57,4,8,-4,0,0,120.25,106.75,0.75,4
2229,0022400271,2024-11-24,2024-25,Regular Season,107,105,2,14,BOS,MIN,117.8,119.05,110.67,97.17,0.4611,0.3629,1.0,0.8,116.4,,113.4,113.7,111.01,98.55,0.4715,0.3658,1.0,0.5,113.17,,1.38,5,3,2,0,0,127.0,120.0,1.0,1
2219,0022400285,2024-11-25,2024-25,Regular Season,109,130,22,24,SAC,OKC,111.6,112.44,113.0,97.18,0.4809,0.3279,1.0,0.4,115.0,,113.7,113.42,107.23,100.05,0.4556,0.3449,1.0,0.6,113.0,,2.87,1,6,-5,1,0,115.33333333333333,120.66666666666667,0.3333333333333333,3
2218,0022400282,2024-11-25,2024-25,Regular Season,123,98,27,21,MEM,POR,121.2,116.51,107.92,103.9,0.48,0.346,1.0,0.6,118.2,,104.7,104.57,110.71,100.75,0.434,0.3312,1.0,0.5,102.67,,3.15,5,2,3,0,0,108.66666666666667,106.0,0.3333333333333333,3
2216,0022400281,2024-11-25,2024-25,Regular Season,126,94,2,10,BOS,LAC,117.2,119.29,111.72,96.47,0.4597,0.3696,1.0,0.8,114.83,,109.8,111.17,106.02,99.15,0.4634,0.3895,1.0,0.7,113.4,,2.68,1,1,0,1,1,120.5,111.5,0.5,2
2217,0022400284,2024-11-25,2024-25,Regular Season,120,128,8,15,GSW,BKN,115.5,112.85,109.63,102.5,0.4552,0.3644,1.0,0.7,121.0,,107.9,114.08,118.85,93.9,0.4595,0.3972,1.0,0.4,106.14,,8.6,5,1,4,0,1,116.5,109.0,1.0,2
2215,0022400278,2024-11-25,2024-25,Regular Season,102,100,29,25,DET,TOR,112.7,111.49,111.54,98.29,0.4562,0.3613,1.0,0.5,114.0,,108.3,109.81,115.31,97.92,0.4538,0.3373,1.0,0.3,106.86,,0.37,7,1,6,0,1,113.5,117.0,0.75,4
2223,0022400277,2024-11-25,2024-25,Regular Season,84,95,30,17,CHA,ORL,108.4,108.16,112.49,98.3,0.4232,0.3639,1.0,0.4,112.25,,108.5,114.33,103.65,95.1,0.4675,0.3109,1.0,0.8,108.0,,3.2,4,4,0,0,0,102.2,114.4,0.2,5
2222,0022400280,2024-11-25,2024-25,Regular Season,119,129,1,6,ATL,DAL,113.2,107.85,114.3,105.0,0.4475,0.3279,1.0,0.3,114.0,,118.6,117.76,110.91,99.85,0.4949,0.3321,1.0,0.5,118.67,,5.15,10,1,9,0,1,119.0,128.5,0.0,2
2221,0022400283,2024-11-25,2024-25,Regular Season,118,145,7,16,DEN,NYK,118.4,115.46,110.22,102.4,0.4984,0.4184,1.0,0.7,125.17,,120.3,122.18,116.65,98.35,0.507,0.3734,1.0,0.5,118.4,,4.05,3,2,1,0,0,98.5,111.0,0.5,2
2220,0022400279,2024-11-25,2024-25,Regular Season,114,110,18,4,IND,NOP,111.7,111.34,114.89,100.4,0.4783,0.378,1.0,0.4,119.0,,100.2,104.67,119.88,95.7,0.4266,0.3269,1.0,0.1,91.75,,4.7,1,5,-4,1,0,114.33333333333333,122.66666666666667,0.3333333333333333,3
2212,0022400039,2024-11-26,2024-25,Regular Season,127,100,20,11,PHX,LAL,111.0,113.39,120.03,96.83,0.4547,0.3596,1.0,0.4,114.4,,115.2,117.47,117.79,98.1,0.4852,0.3926,1.0,0.6,110.25,,1.27,6,10,-4,0,0,115.6,111.2,0.6,5
2210,0022400035,2024-11-26,2024-25,Regular Season,108,127,28,5,WAS,CHI,105.8,103.48,119.98,102.45,0.4468,0.3247,1.0,0.0,104.0,,120.9,117.14,122.81,103.65,0.4937,0.4005,1.0,0.4,120.6,,1.2,4,6,-2,0,0,110.66666666666667,120.33333333333333,0.3333333333333333,3
2214,0022400037,2024-11-26,2024-25,Regular Season,111,117,14,9,MIN,HOU,113.6,114.53,111.13,98.0,0.4659,0.3727,1.0,0.5,113.75,,113.8,109.92,100.6,103.2,0.4412,0.314,1.0,0.7,112.75,,5.2,9,8,1,0,0,115.33333333333333,97.0,1.0,3
2213,0022400038,2024-11-26,2024-25,Regular Season,115,128,26,23,UTA,SAS,115.2,115.8,119.03,99.6,0.4837,0.3882,1.0,0.4,116.0,,113.1,113.05,111.23,100.1,0.4648,0.3672,1.0,0.6,96.5,,0.5,3,10,-7,0,0,114.33333333333333,114.5,0.5,6
2211,0022400036,2024-11-26,2024-25,Regular Season,103,106,12,13,MIA,MIL,114.1,112.91,110.67,98.9,0.4449,0.3837,1.0,0.5,113.0,,114.1,114.24,109.77,98.59,0.484,0.3913,1.0,0.7,104.0,,0.31,2,10,-8,0,0,123.5,114.0,0.5,2
2204,0022400287,2024-11-27,2024-25,Regular Season,124,135,3,1,CLE,ATL,124.4,124.07,113.13,99.9,0.5197,0.4137,1.0,0.9,127.17,,115.8,109.61,114.11,105.7,0.4534,0.3375,1.0,0.3,112.67,,5.8,3,5,-2,0,0,118.0,107.75,0.75,4
2201,0022400298,2024-11-27,2024-25,Regular Season,103,122,26,7,UTA,DEN,113.2,114.08,119.47,99.4,0.481,0.3809,1.0,0.3,115.75,,117.3,114.97,115.0,101.85,0.4945,0.4017,1.0,0.6,108.25,,2.45,1,4,-3,1,0,110.75,123.25,0.25,4
2208,0022400288,2024-11-27,2024-25,Regular Season,121,114,18,21,IND,POR,111.3,110.14,114.01,101.1,0.4717,0.368,1.0,0.4,118.2,,102.7,101.16,111.9,101.85,0.4125,0.3141,1.0,0.4,99.33,,0.75,2,2,0,0,0,112.5,116.0,0.0,2
2207,0022400294,2024-11-27,2024-25,Regular Season,104,115,14,22,MIN,SAC,113.3,113.37,112.37,97.94,0.4594,0.349,1.0,0.4,113.0,,110.3,110.72,114.89,97.53,0.4825,0.3243,1.0,0.3,103.67,,0.41,1,5,-4,1,0,117.6,117.4,0.6,5
2206,0022400299,2024-11-27,2024-25,Regular Season,101,105,8,24,GSW,OKC,115.0,112.95,111.69,102.05,0.4582,0.3733,1.0,0.6,120.75,,116.5,116.59,109.75,99.8,0.4655,0.3514,1.0,0.6,118.67,,2.25,2,2,0,0,0,123.75,128.0,0.25,4
2205,0022400296,2024-11-27,2024-25,Regular Season,101,119,23,11,SAS,LAL,115.9,116.01,110.29,99.9,0.4686,0.3658,1.0,0.7,117.25,,114.9,116.67,118.5,98.55,0.4852,0.3801,1.0,0.6,109.5,,1.35,4,1,3,0,1,120.25,120.0,0.25,4
2209,0022400293,2024-11-27,2024-25,Regular Season,131,111,27,29,MEM,DET,123.1,117.28,105.82,105.0,0.4821,0.3622,1.0,0.7,119.0,,112.2,111.76,111.82,97.44,0.452,0.3624,1.0,0.5,112.8,,7.56,2,4,-2,0,0,111.33333333333333,100.0,1.0,3
2203,0022400295,2024-11-27,2024-25,Regular Season,93,119,4,25,NOP,TOR,101.2,104.71,118.01,96.75,0.4331,0.3256,1.0,0.1,107.0,,106.4,109.13,114.42,96.92,0.4476,0.3326,1.0,0.3,104.14,,0.17,5,2,3,0,0,138.5,99.0,1.0,2
2202,0022400286,2024-11-27,2024-25,Regular Season,94,98,30,12,CHA,MIA,107.5,107.6,111.08,97.85,0.4247,0.362,1.0,0.4,106.6,,112.6,113.02,113.21,97.45,0.4482,0.3777,1.0,0.4,114.0,,0.4,2,10,-8,0,0,102.75,112.25,0.0,4
2200,0022400291,2024-11-27,2024-25,Regular Season,96,121,28,10,WAS,LAC,105.4,102.61,119.83,102.85,0.4459,0.3284,1.0,0.0,102.67,,108.5,109.73,108.75,99.25,0.4623,0.3697,1.0,0.6,110.8,,3.6,1,2,-1,1,0,112.0,132.5,0.0,2
2199,0022400290,2024-11-27,2024-25,Regular Season,115,122,19,9,PHI,HOU,101.4,104.23,113.23,96.39,0.4346,0.3048,1.0,0.2,104.8,,114.8,110.36,98.84,102.59,0.4434,0.3178,1.0,0.8,115.25,,6.2,3,1,2,0,1,127.5,121.0,1.0,2
2197,0022400289,2024-11-27,2024-25,Regular Season,133,119,17,5,ORL,CHI,106.9,112.99,100.52,94.75,0.4557,0.309,1.0,0.9,108.83,,121.7,116.74,119.03,104.65,0.4903,0.3938,1.0,0.5,121.67,,9.9,4,1,3,0,1,105.0,99.8,0.8,5
2196,0022400297,2024-11-27,2024-25,Regular Season,117,127,20,15,PHX,BKN,111.9,114.04,118.25,97.03,0.455,0.3657,1.0,0.4,116.2,,110.1,115.49,119.91,94.5,0.4613,0.4055,1.0,0.4,108.88,,2.53,1,2,-1,1,0,124.0,118.0,0.5,2
2198,0022400292,2024-11-27,2024-25,Regular Season,129,114,6,16,DAL,NYK,119.6,118.16,112.19,100.4,0.4965,0.3462,1.0,0.5,118.33,,123.2,125.08,116.11,98.45,0.5191,0.3794,1.0,0.6,124.2,,1.95,8,2,6,0,0,125.0,116.0,1.0,2
2194,0022400046,2024-11-29,2024-25,Regular Season,121,111,12,25,MIA,TOR,111.4,111.86,111.01,97.55,0.4499,0.3738,1.0,0.5,110.67,,107.6,109.53,110.7,97.62,0.4482,0.3436,1.0,0.4,105.86,,0.07,3,2,1,0,0,113.0,107.5,0.75,4
2188,0022400040,2024-11-29,2024-25,Regular Season,98,99,30,16,CHA,NYK,106.1,107.01,110.92,97.1,0.4192,0.3635,1.0,0.4,103.8,,123.0,124.49,119.38,98.75,0.5183,0.3731,1.0,0.5,122.5,,1.65,2,2,0,0,0,97.0,116.66666666666667,0.0,3
2195,0022400044,2024-11-29,2024-25,Regular Season,93,92,14,10,MIN,LAC,110.2,109.99,111.72,98.14,0.4492,0.3428,1.0,0.3,111.2,,110.1,110.77,107.45,99.8,0.4668,0.3676,1.0,0.6,112.5,,1.66,2,2,0,0,0,109.0,98.5,0.75,4
2186,0022400041,2024-11-29,2024-25,Regular Season,117,101,1,3,ATL,CLE,117.2,110.25,114.21,106.3,0.4558,0.3456,1.0,0.3,120.33,,123.7,122.67,113.54,100.55,0.5118,0.3964,1.0,0.8,116.67,,5.75,4,10,-6,0,0,113.2,119.2,0.4,5
2187,0022400043,2024-11-29,2024-25,Regular Season,100,123,15,17,BKN,ORL,112.4,117.64,120.69,95.55,0.4709,0.4221,1.0,0.5,115.0,,108.7,113.8,102.68,95.6,0.4545,0.3225,1.0,0.9,104.0,,0.05,10,4,6,0,0,104.25,109.75,0.25,4
2191,0022400045,2024-11-29,2024-25,Regular Season,106,130,18,29,IND,DET,115.1,114.46,115.18,101.0,0.4808,0.3776,1.0,0.5,118.67,,111.1,110.72,112.87,97.39,0.4479,0.3572,1.0,0.4,112.5,,3.61,2,2,0,0,0,126.6,112.6,1.0,5
2192,0022400047,2024-11-29,2024-25,Regular Season,129,138,5,2,CHI,BOS,121.1,116.05,121.16,104.6,0.4932,0.3986,1.0,0.4,121.75,,117.5,120.31,112.54,95.77,0.4623,0.38,1.0,0.8,120.0,,8.83,6,7,-1,0,0,107.33333333333333,125.66666666666667,0.0,3
2190,0022400042,2024-11-29,2024-25,Regular Season,120,109,27,4,MEM,NOP,123.1,116.92,105.11,105.35,0.4853,0.3492,1.0,0.7,119.0,,98.3,101.38,116.69,97.0,0.4241,0.3089,1.0,0.1,95.4,,8.35,2,4,-2,0,0,106.0,108.0,0.6666666666666666,3
2189,0022400048,2024-11-29,2024-25,Regular Season,93,101,11,24,LAL,OKC,115.4,117.89,116.3,97.9,0.4944,0.387,1.0,0.7,118.5,,114.8,115.9,108.27,99.0,0.4674,0.3411,1.0,0.7,113.0,,1.1,6,2,4,0,0,116.75,115.5,0.75,4
2193,0022400049,2024-11-29,2024-25,Regular Season,115,106,21,22,POR,SAC,103.6,102.24,112.5,101.7,0.4154,0.3317,1.0,0.4,107.75,,112.0,112.34,114.26,97.73,0.484,0.3452,1.0,0.4,106.5,,3.97,12,2,10,0,0,103.33333333333333,115.0,0.3333333333333333,3
2185,0022400300,2024-11-30,2024-25,Regular Season,104,107,30,1,CHA,ATL,105.6,106.7,112.85,96.9,0.4174,0.3614,1.0,0.3,102.8,,116.8,110.3,112.51,105.95,0.4622,0.3451,1.0,0.4,115.0,,9.05,1,3,-2,1,0,112.0,117.5,0.5,4
2184,0022400303,2024-11-30,2024-25,Regular Season,113,105,20,8,PHX,GSW,112.1,113.78,119.27,97.43,0.4582,0.3625,1.0,0.3,116.6,,113.3,110.56,110.52,102.55,0.4477,0.3641,1.0,0.5,109.8,,5.12,3,7,-4,0,0,118.0,114.66666666666667,0.6666666666666666,3
2183,0022400302,2024-11-30,2024-25,Regular Season,124,114,13,28,MIL,WAS,112.4,113.61,111.03,97.74,0.4796,0.396,1.0,0.7,115.71,,104.6,102.03,119.5,102.6,0.4462,0.3269,1.0,0.0,107.0,,4.86,7,6,1,0,0,128.66666666666666,124.66666666666667,0.6666666666666666,3
2182,0022400301,2024-11-30,2024-25,Regular Season,96,111,29,19,DET,PHI,114.2,113.16,112.63,98.04,0.4628,0.3722,1.0,0.5,112.33,,103.1,103.73,112.13,97.39,0.4246,0.3132,1.0,0.2,98.0,,0.65,5,10,-5,0,0,102.5,117.0,0.25,4
2181,0022400304,2024-11-30,2024-25,Regular Season,94,106,26,6,UTA,DAL,113.5,114.61,119.91,99.1,0.4803,0.3766,1.0,0.3,113.2,,121.2,119.04,111.55,100.95,0.5017,0.3644,1.0,0.6,120.14,,1.85,3,5,-2,0,0,107.16666666666667,114.66666666666667,0.3333333333333333,6
2174,0022400306,2024-12-01,2024-25,Regular Season,136,121,27,18,MEM,IND,122.3,116.27,105.79,105.2,0.4869,0.3459,1.0,0.7,117.67,,112.5,111.52,115.71,101.3,0.4779,0.3683,1.0,0.4,109.75,,3.9,2,9,-7,0,0,113.0,109.5,0.5,2
2180,0022400311,2024-12-01,2024-25,Regular Season,104,105,26,11,UTA,LAL,111.8,113.63,120.15,98.45,0.4698,0.3694,1.0,0.2,110.0,,113.1,115.82,116.24,97.55,0.4878,0.3702,1.0,0.6,110.75,,0.9,1,4,-3,1,0,117.75,129.5,0.25,4
2179,0022400305,2024-12-01,2024-25,Regular Season,92,100,15,17,BKN,ORL,112.4,116.97,121.83,96.15,0.4756,0.4355,1.0,0.5,110.0,,108.9,113.48,102.88,96.0,0.4624,0.3385,1.0,0.9,107.8,,0.15,2,2,0,0,0,103.4,112.4,0.2,5
2178,0022400313,2024-12-01,2024-25,Regular Season,125,127,22,23,SAC,SAS,109.9,112.03,115.44,97.3,0.4799,0.3512,1.0,0.3,115.67,,114.2,113.98,111.64,100.05,0.4573,0.3598,1.0,0.6,110.5,,2.75,6,5,1,0,0,120.75,121.75,0.75,4
2177,0022400309,2024-12-01,2024-25,Regular Season,119,116,25,12,TOR,MIA,108.4,110.47,112.48,97.52,0.4599,0.3518,1.0,0.4,111.67,,112.3,113.03,110.84,97.35,0.4521,0.3745,1.0,0.6,111.67,,0.17,10,4,6,0,0,108.2,114.6,0.2,5
2176,0022400310,2024-12-01,2024-25,Regular Season,119,116,9,24,HOU,OKC,116.9,110.72,98.8,103.14,0.448,0.3295,1.0,0.8,114.5,,112.3,114.65,107.77,98.0,0.4572,0.3358,1.0,0.7,110.0,,5.14,8,2,6,0,0,110.8,117.6,0.4,5
2175,0022400312,2024-12-01,2024-25,Regular Season,131,137,21,6,POR,DAL,104.9,103.96,111.22,101.15,0.4236,0.3374,1.0,0.5,109.2,,119.8,117.74,108.92,100.8,0.494,0.3726,1.0,0.7,118.14,,0.35,2,1,1,0,1,108.0,130.25,0.0,4
2173,0022400314,2024-12-01,2024-25,Regular Season,126,122,10,7,LAC,DEN,106.5,108.01,104.1,99.05,0.4547,0.3458,1.0,0.6,106.5,,117.4,116.23,114.29,101.0,0.4999,0.4027,1.0,0.6,111.0,,1.95,9,4,5,0,0,106.5,104.75,0.75,4
2172,0022400307,2024-12-01,2024-25,Regular Season,115,111,3,2,CLE,BOS,120.2,119.77,113.97,100.15,0.4986,0.3777,1.0,0.7,125.17,,120.1,121.78,112.65,96.62,0.4701,0.3874,1.0,0.9,124.5,,3.53,4,2,2,0,0,105.33333333333333,111.33333333333333,0.2222222222222222,9
2171,0022400308,2024-12-01,2024-25,Regular Season,118,85,16,4,NYK,NOP,120.8,123.03,116.7,98.05,0.5073,0.3826,1.0,0.6,123.75,,100.4,102.79,116.25,97.75,0.4278,0.3076,1.0,0.1,99.6,,0.3,13,2,11,0,0,92.0,115.0,0.0,1
2170,0022400316,2024-12-02,2024-25,Regular Season,108,89,2,12,BOS,MIA,120.4,121.76,113.62,97.77,0.4668,0.3957,1.0,0.8,119.0,,111.7,112.68,109.51,97.15,0.4475,0.3655,1.0,0.6,110.67,,0.62,7,1,6,0,1,113.14285714285714,96.71428571428571,0.8571428571428571,7
2167,0022400317,2024-12-02,2024-25,Regular Season,128,102,5,15,CHI,BKN,122.7,117.48,122.86,104.7,0.4954,0.401,1.0,0.4,125.75,,110.9,115.1,120.98,96.45,0.4707,0.4161,1.0,0.4,114.5,,8.25,3,5,-2,0,0,109.66666666666667,121.0,0.0,3
2168,0022400315,2024-12-02,2024-25,Regular Season,124,112,1,4,ATL,NOP,116.2,110.67,111.0,105.25,0.4648,0.3444,1.0,0.5,121.67,,98.4,100.33,116.67,98.25,0.4203,0.2891,1.0,0.1,97.17,,7.0,3,1,2,0,1,114.5,113.5,0.5,2
2169,0022400318,2024-12-02,2024-25,Regular Season,109,80,14,11,MIN,LAL,106.8,107.57,111.61,97.24,0.442,0.3373,1.0,0.2,104.4,,111.3,113.74,116.1,97.7,0.4809,0.359,1.0,0.6,109.6,,0.46,3,1,2,0,1,113.0,112.8,0.6,5
2164,0022400057,2024-12-03,2024-25,Regular Season,104,93,20,23,PHX,SAS,112.0,112.8,117.6,98.13,0.4563,0.3754,1.0,0.3,116.0,,115.9,116.1,113.6,99.6,0.4638,0.3736,1.0,0.7,116.0,,1.47,3,2,1,0,0,116.5,105.0,0.5,2
2163,0022400059,2024-12-03,2024-25,Regular Season,120,111,22,9,SAC,HOU,112.8,114.66,116.06,97.65,0.4835,0.3624,1.0,0.3,117.0,,118.1,112.13,101.38,102.94,0.4433,0.3429,1.0,0.8,120.5,,5.29,2,6,-4,0,0,104.0,112.0,0.0,1
2162,0022400054,2024-12-03,2024-25,Regular Season,122,111,25,18,TOR,IND,110.0,110.93,110.6,98.47,0.4682,0.3518,1.0,0.5,113.5,,115.6,113.44,118.5,102.45,0.4876,0.3683,1.0,0.4,117.5,,3.98,2,2,0,0,0,128.0,127.8,0.6,5
2161,0022400056,2024-12-03,2024-25,Regular Season,121,116,6,27,DAL,MEM,121.8,119.79,110.11,100.7,0.4968,0.3902,1.0,0.8,123.67,,122.5,116.68,108.9,105.0,0.4843,0.3435,1.0,0.7,127.67,,4.3,6,10,-4,0,0,105.66666666666667,113.66666666666667,0.3333333333333333,3
2160,0022400050,2024-12-03,2024-25,Regular Season,104,110,30,19,CHA,PHI,105.5,107.4,113.88,97.01,0.4167,0.373,1.0,0.3,103.0,,103.6,104.02,109.87,97.59,0.4334,0.3154,1.0,0.3,99.25,,0.58,3,3,0,0,0,97.6,113.8,0.0,5
2159,0022400058,2024-12-03,2024-25,Regular Season,119,115,7,8,DEN,GSW,117.2,116.81,115.45,100.3,0.5107,0.4023,1.0,0.5,123.75,,112.1,110.24,109.22,101.75,0.441,0.3681,1.0,0.5,107.4,,1.45,8,3,5,0,0,123.0,114.66666666666667,1.0,3
2157,0022400052,2024-12-03,2024-25,Regular Season,107,128,29,13,DET,MIL,111.5,111.26,112.65,98.24,0.4546,0.3636,1.0,0.4,103.33,,115.4,115.88,109.87,98.49,0.4874,0.4184,1.0,0.8,110.0,,0.25,3,7,-4,0,0,120.5,134.0,0.0,4
2158,0022400055,2024-12-03,2024-25,Regular Season,133,106,24,26,OKC,UTA,112.3,114.53,106.84,98.1,0.4572,0.3358,1.0,0.7,113.4,,111.0,112.9,118.81,98.3,0.4715,0.3649,1.0,0.2,114.5,,0.2,13,12,1,0,0,126.0,120.0,0.75,4
2156,0022400060,2024-12-03,2024-25,Regular Season,127,105,10,21,LAC,POR,108.8,109.85,104.96,99.35,0.4629,0.3552,1.0,0.7,110.4,,109.1,108.71,112.45,100.35,0.4479,0.386,1.0,0.5,100.6,,1.0,2,6,-4,0,0,119.5,113.25,0.75,4
2166,0022400053,2024-12-03,2024-25,Regular Season,121,106,16,17,NYK,ORL,121.5,123.61,115.39,98.05,0.5036,0.398,1.0,0.6,122.6,,107.5,112.28,103.46,95.75,0.4621,0.334,1.0,0.9,106.5,,2.3,2,2,0,0,0,100.0,101.75,0.25,4
2165,0022400051,2024-12-03,2024-25,Regular Season,118,87,3,28,CLE,WAS,121.2,119.63,113.77,101.25,0.4933,0.3892,1.0,0.7,126.83,,106.6,103.21,118.79,103.4,0.4475,0.3247,1.0,0.0,110.33,,2.15,2,3,-1,0,0,123.4,103.6,1.0,5
2152,0022400320,2024-12-04,2024-25,Regular Season,99,90,15,18,BKN,IND,109.7,113.25,118.96,97.1,0.4601,0.4052,1.0,0.4,102.67,,115.6,112.71,117.64,103.1,0.4816,0.3683,1.0,0.4,116.2,,6.0,3,1,2,0,1,108.66666666666667,121.66666666666667,0.3333333333333333,3
2155,0022400323,2024-12-04,2024-25,Regular Season,104,119,13,1,MIL,ATL,117.5,117.63,108.83,98.84,0.4956,0.4339,1.0,0.9,118.14,,116.9,110.67,109.85,105.9,0.4653,0.3394,1.0,0.6,113.33,,7.06,4,4,0,0,0,127.0,117.0,1.0,2
2150,0022400321,2024-12-04,2024-25,Regular Season,134,93,12,11,MIA,LAL,111.1,112.26,111.27,96.9,0.4389,0.3529,1.0,0.5,113.25,,106.5,109.91,115.63,96.85,0.4708,0.3296,1.0,0.5,104.67,,0.05,5,2,3,0,0,110.0,96.0,1.0,1
2151,0022400322,2024-12-04,2024-25,Regular Season,102,106,19,17,PHI,ORL,103.9,105.85,111.24,97.2,0.4333,0.3281,1.0,0.3,106.4,,108.7,113.09,106.04,96.2,0.4653,0.3229,1.0,0.8,106.43,,1.0,7,1,6,0,1,111.75,103.0,0.75,4
2153,0022400324,2024-12-04,2024-25,Regular Season,80,108,10,14,LAC,MIN,111.1,113.84,104.47,98.0,0.4804,0.3816,1.0,0.8,113.17,,108.3,109.32,110.26,97.04,0.4528,0.3513,1.0,0.3,109.2,,0.96,1,10,-9,1,0,97.2,105.8,0.2,5
2154,0022400319,2024-12-04,2024-25,Regular Season,130,120,2,29,BOS,DET,119.9,121.48,111.88,97.62,0.4699,0.3922,1.0,0.8,117.17,,110.2,110.43,113.67,98.66,0.4546,0.3495,1.0,0.4,114.17,,1.04,2,5,-3,0,0,125.0,109.0,1.0,4
2146,0022400325,2024-12-05,2024-25,Regular Season,126,114,3,7,CLE,DEN,121.1,119.65,111.17,101.25,0.4973,0.3907,1.0,0.7,125.57,,115.6,114.93,114.36,100.65,0.4996,0.3967,1.0,0.5,112.83,,0.6,2,4,-2,0,0,111.0,119.5,0.5,2
2149,0022400331,2024-12-05,2024-25,Regular Season,124,139,23,5,SAS,CHI,113.6,113.41,114.11,99.9,0.4482,0.344,1.0,0.6,115.83,,123.1,117.75,120.93,104.7,0.4939,0.3961,1.0,0.4,120.0,,4.8,8,8,0,0,0,107.66666666666667,119.0,0.0,3
2148,0022400329,2024-12-05,2024-25,Regular Season,115,110,27,22,MEM,SAC,121.8,115.91,108.02,105.15,0.4835,0.3396,1.0,0.7,120.29,,112.1,114.34,117.02,97.4,0.471,0.3555,1.0,0.3,103.0,,7.75,4,6,-2,0,0,99.0,115.66666666666667,0.0,3
2147,0022400332,2024-12-05,2024-25,Regular Season,99,93,8,9,GSW,HOU,110.9,108.16,108.73,102.5,0.4367,0.3509,1.0,0.4,116.8,,118.1,112.71,103.64,102.49,0.4441,0.3413,1.0,0.7,118.6,,0.01,8,2,6,0,0,127.0,115.66666666666667,1.0,3
2145,0022400330,2024-12-05,2024-25,Regular Season,126,124,4,20,NOP,PHX,100.8,101.54,117.09,99.45,0.4248,0.2958,1.0,0.1,100.25,,110.6,112.87,115.75,97.8,0.4631,0.3782,1.0,0.4,106.0,,1.65,8,18,-10,0,0,111.0,117.33333333333333,0.3333333333333333,3
2144,0022400327,2024-12-05,2024-25,Regular Season,125,101,16,30,NYK,CHA,121.3,123.64,113.85,97.85,0.5031,0.4004,1.0,0.7,122.2,,107.0,109.77,114.31,96.26,0.4204,0.377,1.0,0.3,116.0,,1.59,2,12,-10,0,0,112.25,97.25,1.0,4
2143,0022400328,2024-12-05,2024-25,Regular Season,92,129,25,24,TOR,OKC,113.7,113.56,110.97,99.37,0.4876,0.3552,1.0,0.6,115.2,,112.2,115.1,105.33,97.55,0.4576,0.3329,1.0,0.7,111.2,,1.82,2,4,-2,0,0,115.0,129.0,0.0,2
2142,0022400326,2024-12-05,2024-25,Regular Season,101,137,28,6,WAS,DAL,106.1,102.56,119.76,103.55,0.4452,0.3046,1.0,0.0,101.0,,122.6,119.22,109.07,101.8,0.4943,0.4,1.0,0.9,122.33,,1.75,8,4,4,0,0,110.5,121.0,0.0,2
2135,0022400334,2024-12-06,2024-25,Regular Season,134,132,1,11,ATL,LAL,115.9,110.69,109.5,105.0,0.4625,0.3351,1.0,0.6,120.0,,103.8,107.23,117.73,96.75,0.4628,0.3071,1.0,0.4,100.17,,8.25,4,2,2,0,0,121.5,129.0,0.5,2
2137,0022400335,2024-12-06,2024-25,Regular Season,111,105,2,13,BOS,MIL,121.3,122.63,111.94,97.82,0.4671,0.3918,1.0,0.8,119.5,,118.0,117.63,111.6,99.39,0.4975,0.4386,1.0,0.8,116.0,,1.57,2,3,-1,0,0,111.0,114.83333333333333,0.6666666666666666,6
2140,0022400338,2024-12-06,2024-25,Regular Season,90,107,8,14,GSW,MIN,108.8,106.72,107.07,101.85,0.4307,0.3489,1.0,0.4,112.6,,108.3,109.32,106.18,96.99,0.4503,0.3506,1.0,0.4,109.2,,4.86,1,2,-1,1,0,110.0,114.0,0.0,1
2136,0022400333,2024-12-06,2024-25,Regular Season,102,94,19,17,PHI,ORL,104.2,107.28,112.05,96.15,0.4448,0.3315,1.0,0.3,107.0,,109.5,114.35,108.12,95.9,0.4705,0.3208,1.0,0.8,106.38,,0.25,2,2,0,0,0,109.8,103.6,0.6,5
2139,0022400337,2024-12-06,2024-25,Regular Season,113,140,23,22,SAS,SAC,112.1,112.24,114.96,99.8,0.4423,0.3317,1.0,0.5,113.33,,110.5,112.72,115.62,98.45,0.4608,0.346,1.0,0.3,104.75,,1.35,1,1,0,1,1,122.8,121.6,0.4,5
2138,0022400336,2024-12-06,2024-25,Regular Season,123,132,5,18,CHI,IND,124.4,119.3,119.42,104.4,0.5006,0.3944,1.0,0.5,126.2,,112.7,109.33,116.12,103.4,0.4725,0.3477,1.0,0.3,111.83,,1.0,4,2,2,0,0,120.33333333333333,116.0,0.6666666666666666,3
2141,0022400339,2024-12-06,2024-25,Regular Season,99,141,21,26,POR,UTA,107.4,108.04,115.56,99.45,0.448,0.3642,1.0,0.4,116.5,,110.1,111.96,120.75,98.35,0.4752,0.3638,1.0,0.1,112.8,,1.1,5,3,2,0,0,116.0,115.0,0.3333333333333333,3
2131,0022400342,2024-12-07,2024-25,Regular Season,109,119,4,24,NOP,OKC,103.3,102.79,119.01,100.5,0.4318,0.3033,1.0,0.1,106.5,,114.5,116.11,104.82,98.6,0.4613,0.3306,1.0,0.7,114.17,,1.9,2,2,0,0,0,91.57142857142857,107.57142857142857,0.0,7
2129,0022400345,2024-12-07,2024-25,Regular Season,121,127,2,27,BOS,MEM,118.5,120.11,111.24,97.57,0.4593,0.3761,1.0,0.8,118.29,,121.5,116.03,107.12,104.8,0.4902,0.3571,1.0,0.8,129.0,,7.23,1,4,-3,1,0,116.5,95.5,1.0,2
2128,0022400341,2024-12-07,2024-25,Regular Season,122,113,28,7,WAS,DEN,103.2,99.92,119.94,103.35,0.433,0.2962,1.0,0.0,101.0,,114.8,113.07,113.8,101.65,0.4969,0.3734,1.0,0.4,113.0,,1.7,2,2,0,0,0,107.0,121.5,0.0,2
2134,0022400343,2024-12-07,2024-25,Regular Season,111,120,16,29,NYK,DET,121.4,124.68,112.38,97.2,0.504,0.4207,1.0,0.8,122.4,,112.3,112.48,117.04,98.71,0.4647,0.3797,1.0,0.3,117.67,,1.51,2,3,-1,0,0,120.75,105.0,1.0,4
2133,0022400344,2024-12-07,2024-25,Regular Season,118,125,25,6,TOR,DAL,113.4,112.91,113.55,99.72,0.4871,0.3538,1.0,0.6,114.6,,125.3,121.27,109.39,102.3,0.5014,0.4268,1.0,0.9,124.43,,2.58,2,2,0,0,0,125.0,136.0,0.0,1
2132,0022400346,2024-12-07,2024-25,Regular Season,121,111,12,20,MIA,PHX,112.4,114.91,109.36,96.85,0.4502,0.3662,1.0,0.6,117.4,,111.0,112.16,116.07,98.7,0.4637,0.3698,1.0,0.3,107.0,,1.85,3,2,1,0,0,104.66666666666667,115.33333333333333,0.0,3
2130,0022400340,2024-12-07,2024-25,Regular Season,102,116,30,3,CHA,CLE,105.6,108.77,115.87,95.91,0.4212,0.3798,1.0,0.2,101.17,,122.3,119.58,110.59,102.45,0.4979,0.3965,1.0,0.7,109.0,,6.54,4,8,-4,0,0,111.0,116.0,0.5,4
2120,0022400351,2024-12-08,2024-25,Regular Season,122,113,12,3,MIA,CLE,112.1,115.49,109.94,96.25,0.4508,0.3711,1.0,0.6,118.0,,119.5,119.12,110.12,100.7,0.4931,0.3845,1.0,0.7,111.33,,4.45,1,1,0,1,1,114.0,98.75,0.75,4
2123,0022400353,2024-12-08,2024-25,Regular Season,112,140,28,27,WAS,MEM,103.7,101.3,119.28,102.5,0.4408,0.3003,1.0,0.1,104.5,,123.7,116.97,108.94,105.95,0.4951,0.3693,1.0,0.8,128.33,,3.45,1,1,0,1,1,100.5,118.5,0.0,2
2121,0022400347,2024-12-08,2024-25,Regular Season,100,108,5,19,CHI,PHI,126.0,121.66,119.46,103.5,0.5144,0.4114,1.0,0.5,129.4,,103.8,106.98,110.21,96.0,0.4483,0.3258,1.0,0.4,101.4,,7.5,2,5,-3,0,0,103.33333333333333,102.0,0.6666666666666666,3
2118,0022400358,2024-12-08,2024-25,Regular Season,107,98,11,21,LAL,POR,106.6,107.25,118.5,98.07,0.4705,0.3228,1.0,0.3,109.25,,106.7,107.17,119.29,99.75,0.4411,0.358,1.0,0.3,101.33,,1.68,9,5,4,0,0,120.5,102.5,1.0,2
2119,0022400354,2024-12-08,2024-25,Regular Season,121,116,23,4,SAS,NOP,111.9,111.35,116.18,100.4,0.4363,0.328,1.0,0.5,113.0,,104.3,102.6,119.23,101.6,0.4377,0.2951,1.0,0.1,101.17,,1.2,2,6,-4,0,0,110.0,122.5,0.25,4
2127,0022400350,2024-12-08,2024-25,Regular Season,111,141,1,7,ATL,DEN,118.3,111.66,109.9,105.12,0.4666,0.3432,1.0,0.7,123.5,,116.7,113.83,114.55,102.8,0.5028,0.3664,1.0,0.4,115.71,,2.32,2,1,1,0,1,116.0,135.5,0.0,2
2125,0022400357,2024-12-08,2024-25,Regular Season,141,97,22,26,SAC,UTA,112.4,113.71,114.4,99.15,0.4669,0.3468,1.0,0.3,113.0,,112.5,113.2,117.67,99.2,0.4811,0.3614,1.0,0.2,117.6,,0.05,5,2,3,0,0,121.5,105.75,1.0,4
2116,0022400356,2024-12-08,2024-25,Regular Season,106,117,10,9,LAC,HOU,107.5,109.76,104.11,98.5,0.4664,0.3816,1.0,0.7,107.17,,114.9,110.4,104.04,101.64,0.4333,0.3244,1.0,0.6,114.33,,3.14,4,3,1,0,0,108.5,117.0,0.25,4
2124,0022400352,2024-12-08,2024-25,Regular Season,115,110,17,20,ORL,PHX,108.0,111.89,107.86,96.5,0.4615,0.3112,1.0,0.7,122.0,,111.7,113.12,115.72,98.5,0.4705,0.3786,1.0,0.3,108.75,,2.0,11,1,10,0,1,109.66666666666667,103.0,0.6666666666666666,3
2126,0022400349,2024-12-08,2024-25,Regular Season,109,113,18,30,IND,CHA,114.0,110.58,115.57,103.35,0.4846,0.3702,1.0,0.4,114.0,,104.4,108.34,115.95,95.05,0.4234,0.3695,1.0,0.2,111.67,,8.3,9,3,6,0,0,111.0,106.5,0.5,4
2117,0022400355,2024-12-08,2024-25,Regular Season,114,106,8,14,GSW,MIN,105.5,104.53,107.14,100.8,0.4258,0.3358,1.0,0.3,106.0,,109.2,110.32,104.88,96.79,0.4564,0.366,1.0,0.5,111.0,,4.01,2,2,0,0,0,100.0,110.5,0.0,2
2122,0022400348,2024-12-08,2024-25,Regular Season,113,118,15,13,BKN,MIL,107.4,111.11,115.84,96.85,0.4595,0.3972,1.0,0.4,101.75,,115.8,117.03,112.09,99.1,0.4927,0.4336,1.0,0.7,113.25,,2.25,4,2,2,0,0,115.0,120.33333333333333,0.3333333333333333,3
2115,0022400359,2024-12-09,2024-25,Regular Season,108,113,25,16,TOR,NYK,112.9,111.58,112.74,101.3,0.4823,0.3532,1.0,0.5,115.17,,121.1,122.97,112.19,98.5,0.5083,0.4206,1.0,0.7,120.4,,2.8,2,10,-8,0,0,109.25,131.5,0.0,4
2114,0022401201,2024-12-10,2024-25,Regular Season,114,109,13,17,MIL,ORL,116.2,118.12,112.39,98.65,0.499,0.4403,1.0,0.8,117.5,,110.2,113.8,108.02,96.85,0.4652,0.3216,1.0,0.8,106.14,,1.8,6,4,2,0,0,107.66666666666667,108.66666666666667,0.6666666666666666,3
2113,0022401203,2024-12-10,2024-25,Regular Season,118,104,24,6,OKC,DAL,116.5,117.58,106.86,99.15,0.4746,0.3431,1.0,0.7,120.33,,125.7,120.59,108.6,103.05,0.5007,0.4239,1.0,0.9,125.0,,3.9,7,3,4,0,0,113.9090909090909,111.63636363636364,0.45454545454545453,11
2111,0022401204,2024-12-11,2024-25,Regular Season,91,90,9,8,HOU,GSW,112.3,110.07,105.73,99.84,0.4297,0.3316,1.0,0.6,115.75,,107.0,106.8,108.3,100.1,0.4285,0.3384,1.0,0.4,106.5,,0.26,10,8,2,0,0,110.0,120.0,0.0,4
2112,0022401202,2024-12-11,2024-25,Regular Season,100,108,16,1,NYK,ATL,119.0,120.9,112.05,98.6,0.5035,0.4131,1.0,0.7,118.75,,118.5,110.79,112.17,106.02,0.4602,0.3236,1.0,0.6,116.0,,7.42,4,7,-3,0,0,110.66666666666667,117.0,0.3333333333333333,3
2109,0022401205,2024-12-12,2024-25,Regular Season,123,99,2,29,BOS,DET,118.0,118.61,110.32,99.5,0.4549,0.3717,1.0,0.8,117.57,,111.9,111.96,117.84,98.71,0.4691,0.385,1.0,0.3,117.0,,0.79,5,5,0,0,0,126.0,111.2,1.0,5
2110,0022401206,2024-12-12,2024-25,Regular Season,114,104,12,25,MIA,TOR,113.3,115.98,108.93,96.7,0.4585,0.3701,1.0,0.7,118.57,,110.7,110.22,113.19,100.5,0.4686,0.342,1.0,0.4,109.5,,3.8,4,13,-9,0,0,114.83333333333333,110.0,0.6666666666666666,6
2108,0022401207,2024-12-12,2024-25,Regular Season,109,111,4,22,NOP,SAC,106.8,105.17,118.04,101.6,0.4414,0.2949,1.0,0.1,109.0,,115.7,117.04,112.96,99.25,0.4804,0.3533,1.0,0.4,111.8,,2.35,5,6,-1,0,0,128.2,109.0,1.0,5
2107,0022401215,2024-12-13,2024-25,Regular Season,116,118,21,23,POR,SAS,105.1,106.09,119.53,99.25,0.4365,0.3462,1.0,0.2,115.0,,114.7,113.8,116.67,100.6,0.4497,0.3313,1.0,0.6,116.0,,1.35,7,10,-3,0,0,111.0,120.0,0.25,4
2101,0022401213,2024-12-13,2024-25,Regular Season,120,98,7,10,DEN,LAC,121.8,117.73,114.1,103.8,0.524,0.3785,1.0,0.5,119.0,,107.9,110.92,106.82,97.75,0.4683,0.3669,1.0,0.6,108.0,,6.05,10,14,-4,0,0,108.2,110.4,0.2,5
2100,0022401214,2024-12-13,2024-25,Regular Season,126,134,26,20,UTA,PHX,111.7,111.95,119.83,99.55,0.4705,0.3671,1.0,0.2,107.4,,114.4,115.58,116.91,98.85,0.4882,0.4007,1.0,0.3,115.5,,0.7,12,5,7,0,0,123.0,130.0,0.0,4
2102,0022401212,2024-12-13,2024-25,Regular Season,109,95,5,30,CHI,CHA,123.8,118.79,118.4,104.1,0.5067,0.3966,1.0,0.4,124.5,,104.2,107.56,114.8,95.51,0.4284,0.3637,1.0,0.2,111.0,,8.59,5,5,0,0,0,112.75,103.25,1.0,4
2104,0022401211,2024-12-13,2024-25,Regular Season,135,119,27,15,MEM,BKN,126.7,119.99,108.42,105.6,0.5074,0.3851,1.0,0.9,123.67,,108.3,111.44,116.0,97.2,0.468,0.4014,1.0,0.4,112.6,,8.4,8,11,-3,0,0,100.5,109.5,0.25,4
2105,0022401208,2024-12-13,2024-25,Regular Season,115,105,3,28,CLE,WAS,118.0,118.1,110.92,100.5,0.4837,0.3836,1.0,0.6,122.17,,104.5,101.37,119.84,103.25,0.4368,0.2747,1.0,0.1,102.5,,2.75,8,10,-2,0,0,122.5,100.83333333333333,1.0,6
2103,0022401209,2024-12-13,2024-25,Regular Season,107,121,19,18,PHI,IND,106.0,108.22,109.27,97.05,0.4547,0.3185,1.0,0.5,106.2,,113.6,111.27,115.15,102.25,0.4828,0.3808,1.0,0.4,114.2,,5.2,7,7,0,0,0,120.0,124.0,0.5,2
2106,0022401210,2024-12-13,2024-25,Regular Season,97,87,14,11,MIN,LAL,106.8,109.33,104.76,96.74,0.4545,0.3704,1.0,0.4,107.4,,104.9,105.77,116.8,97.82,0.461,0.3158,1.0,0.3,104.83,,1.08,11,7,4,0,0,112.33333333333333,107.33333333333333,0.6666666666666666,6
2098,0022401230,2024-12-14,2024-25,Regular Season,111,96,24,24,OKC,OKC,116.4,117.24,104.79,99.4,0.4707,0.3498,1.0,0.8,120.0,,116.4,117.24,104.79,99.4,0.4707,0.3498,1.0,0.8,114.86,,0.0,4,7,-3,0,0,116.4,116.4,0.5,0
2099,0022401229,2024-12-14,2024-25,Regular Season,102,110,1,1,ATL,ATL,119.6,112.93,111.56,104.77,0.4682,0.3259,1.0,0.7,121.0,,119.6,112.93,111.56,104.77,0.4682,0.3259,1.0,0.7,118.2,,0.0,6,3,3,0,0,119.6,119.6,0.5,0
2097,0022401219,2024-12-15,2024-25,Regular Season,116,109,20,21,PHX,POR,116.1,117.5,117.67,98.75,0.4869,0.4044,1.0,0.4,113.67,,106.8,108.17,120.68,99.0,0.4472,0.3457,1.0,0.2,101.17,,0.25,12,7,5,0,0,112.6,103.4,0.8,5
2092,0022401218,2024-12-15,2024-25,Regular Season,92,106,23,14,SAS,MIN,115.5,114.96,118.45,100.2,0.4545,0.3367,1.0,0.6,114.83,,104.5,106.63,101.36,97.04,0.4422,0.3549,1.0,0.4,106.2,,3.16,7,7,0,0,0,106.25,107.75,0.5,4
2093,0022401220,2024-12-15,2024-25,Regular Season,116,110,11,27,LAL,MEM,101.8,102.52,114.33,97.97,0.4488,0.3025,1.0,0.3,100.67,,128.5,121.03,108.55,106.2,0.5117,0.3881,1.0,0.9,131.25,,8.23,7,7,0,0,0,124.66666666666667,122.0,0.6666666666666666,6
2096,0022401228,2024-12-15,2024-25,Regular Season,133,143,8,6,GSW,DAL,104.0,105.77,109.53,98.15,0.426,0.335,1.0,0.3,104.8,,122.9,118.05,111.48,102.85,0.4961,0.4204,1.0,0.8,122.38,,4.7,7,5,2,0,0,110.2,113.2,0.4,5
2091,0022401217,2024-12-15,2024-25,Regular Season,98,112,28,2,WAS,BOS,104.4,100.92,117.38,103.6,0.4372,0.2764,1.0,0.1,105.83,,118.3,118.14,107.8,100.1,0.4548,0.3597,1.0,0.8,119.0,,3.5,7,14,-7,0,0,110.6,125.0,0.0,5
2095,0022401227,2024-12-15,2024-25,Regular Season,91,100,17,16,ORL,NYK,109.2,112.54,107.61,96.95,0.462,0.3063,1.0,0.7,119.67,,115.2,117.47,110.89,98.35,0.4884,0.3906,1.0,0.6,115.4,,1.4,7,6,1,0,0,102.6,104.2,0.6,5
2094,0022401216,2024-12-15,2024-25,Regular Season,119,104,18,4,IND,NOP,114.0,112.45,113.78,101.55,0.4871,0.3852,1.0,0.5,113.0,,107.7,105.76,115.75,101.95,0.446,0.3069,1.0,0.1,106.4,,0.4,7,7,0,0,0,114.25,119.5,0.5,4
2089,0022401224,2024-12-16,2024-25,Regular Season,101,130,15,3,BKN,CLE,108.6,110.83,116.88,98.05,0.4643,0.3952,1.0,0.4,101.0,,117.8,117.28,108.86,100.95,0.4738,0.3791,1.0,0.7,110.0,,2.9,8,8,0,0,0,104.25,108.75,0.25,4
2090,0022401225,2024-12-16,2024-25,Regular Season,129,130,22,7,SAC,DEN,118.0,119.57,113.68,99.05,0.482,0.3636,1.0,0.5,119.6,,121.6,118.05,113.53,103.25,0.5305,0.3797,1.0,0.5,123.17,,4.2,8,8,0,0,0,114.0,109.5,0.75,4
2086,0022401221,2024-12-16,2024-25,Regular Season,125,124,29,12,DET,MIA,110.6,110.21,117.56,99.05,0.4691,0.3698,1.0,0.3,101.67,,114.1,116.77,110.59,96.6,0.4653,0.3812,1.0,0.7,101.0,,2.45,13,14,-1,0,0,105.4,111.4,0.2,5
2085,0022401223,2024-12-16,2024-25,Regular Season,121,122,25,5,TOR,CHI,110.1,109.3,113.77,100.8,0.4618,0.346,1.0,0.3,111.8,,124.1,118.13,114.74,105.0,0.4999,0.3863,1.0,0.5,128.33,,4.2,7,11,-4,0,0,116.33333333333333,110.33333333333333,0.6666666666666666,3
2087,0022401226,2024-12-16,2024-25,Regular Season,144,107,10,26,LAC,UTA,107.3,109.22,108.44,98.8,0.4635,0.351,1.0,0.5,108.6,,112.5,113.41,121.54,99.05,0.4763,0.3902,1.0,0.2,115.5,,0.25,8,8,0,0,0,118.25,105.0,0.75,4
2088,0022401222,2024-12-16,2024-25,Regular Season,108,121,30,19,CHA,PHI,101.4,105.01,113.66,96.45,0.4168,0.3356,1.0,0.1,97.67,,107.8,110.5,110.99,96.7,0.4565,0.3341,1.0,0.5,110.0,,0.25,9,8,1,0,0,98.66666666666667,113.16666666666667,0.0,6
2079,0022400372,2024-12-19,2024-25,Regular Season,100,113,22,11,SAC,LAL,120.6,120.44,114.13,100.55,0.4819,0.3619,1.0,0.6,124.8,,103.2,103.07,111.76,98.82,0.4521,0.2958,1.0,0.4,102.29,,1.73,3,6,-3,0,0,125.66666666666667,119.33333333333333,0.6666666666666666,3
2080,0022400361,2024-12-19,2024-25,Regular Season,99,105,17,24,ORL,OKC,107.2,110.15,107.26,97.2,0.4579,0.3055,1.0,0.6,113.0,,117.1,118.15,103.49,99.25,0.4747,0.3563,1.0,0.9,116.67,,2.05,4,5,-1,0,0,99.66666666666667,113.66666666666667,0.0,3
2072,0022400365,2024-12-19,2024-25,Regular Season,133,113,9,4,HOU,NOP,108.0,108.06,106.42,97.79,0.4259,0.3163,1.0,0.6,106.0,,107.3,105.37,116.11,102.1,0.4406,0.3064,1.0,0.1,106.0,,4.31,8,4,4,0,0,103.33333333333333,113.66666666666667,0.3333333333333333,3
2083,0022400367,2024-12-19,2024-25,Regular Season,107,133,14,16,MIN,NYK,104.6,106.52,99.43,97.19,0.4409,0.3549,1.0,0.5,102.8,,114.6,117.72,108.82,97.5,0.4959,0.399,1.0,0.7,114.2,,0.31,6,4,2,0,0,111.5,106.0,0.5,2
2082,0022400371,2024-12-19,2024-25,Regular Season,126,124,21,7,POR,DEN,108.9,110.75,121.26,98.5,0.4589,0.3507,1.0,0.2,115.25,,122.6,117.99,113.18,104.1,0.5327,0.3637,1.0,0.5,124.14,,5.6,6,3,3,0,0,108.5,118.25,0.0,4
2084,0022400364,2024-12-19,2024-25,Regular Season,94,101,25,15,TOR,BKN,111.4,110.01,112.9,101.45,0.4705,0.3498,1.0,0.4,113.33,,108.9,110.47,117.87,98.65,0.4569,0.4013,1.0,0.4,116.8,,2.8,3,6,-3,0,0,103.5,102.5,0.25,4
2078,0022400369,2024-12-19,2024-25,Regular Season,111,120,20,18,PHX,IND,117.8,118.34,116.54,99.6,0.493,0.4136,1.0,0.5,116.5,,114.4,112.62,113.78,101.7,0.49,0.3829,1.0,0.5,115.0,,2.1,4,6,-2,0,0,124.0,121.5,0.5,2
2077,0022400362,2024-12-19,2024-25,Regular Season,123,114,28,30,WAS,CHA,104.6,101.02,117.98,103.55,0.4343,0.2839,1.0,0.1,106.17,,100.3,104.16,113.5,96.25,0.4264,0.3268,1.0,0.1,103.0,,7.3,4,6,-2,0,0,113.0,108.5,0.5,2
2075,0022400363,2024-12-19,2024-25,Regular Season,108,117,2,5,BOS,CHI,118.7,118.74,107.9,100.05,0.4554,0.3749,1.0,0.8,118.0,,122.7,116.63,114.75,105.05,0.4891,0.3771,1.0,0.4,126.75,,5.0,7,3,4,0,0,128.75,112.75,1.0,4
2074,0022400368,2024-12-19,2024-25,Regular Season,95,118,6,10,DAL,LAC,124.9,120.03,112.77,102.85,0.5054,0.4346,1.0,0.8,125.0,,111.3,112.8,109.83,99.2,0.4818,0.381,1.0,0.5,106.0,,3.65,16,6,10,0,0,105.125,103.625,0.5,8
2073,0022400360,2024-12-19,2024-25,Regular Season,119,126,29,26,DET,UTA,111.0,109.56,116.84,99.87,0.4756,0.3844,1.0,0.3,107.5,,111.4,112.57,123.85,98.7,0.4795,0.3946,1.0,0.2,112.75,,1.17,3,3,0,0,0,129.5,136.5,0.0,2
2076,0022400370,2024-12-19,2024-25,Regular Season,133,126,23,1,SAS,ATL,112.1,112.58,118.02,99.4,0.4486,0.333,1.0,0.5,109.17,,117.6,111.55,109.45,104.37,0.4651,0.3382,1.0,0.7,117.25,,4.97,4,5,-1,0,0,117.0,123.0,0.0,2
2081,0022400366,2024-12-19,2024-25,Regular Season,144,93,27,8,MEM,GSW,125.3,117.24,106.5,106.85,0.4936,0.375,1.0,0.8,126.67,,106.1,107.63,113.0,98.25,0.4288,0.3526,1.0,0.2,101.0,,8.6,6,8,-2,0,0,112.75,122.0,0.25,4
2070,0022400375,2024-12-20,2024-25,Regular Season,97,104,12,24,MIA,OKC,114.2,116.57,110.83,96.92,0.4678,0.375,1.0,0.7,119.17,,116.7,118.08,103.91,98.9,0.4789,0.3596,1.0,0.9,115.0,,1.98,8,1,7,0,1,110.0,117.5,0.0,2
2071,0022400373,2024-12-20,2024-25,Regular Season,108,98,19,30,PHI,CHA,108.8,111.26,109.88,96.9,0.463,0.3429,1.0,0.6,106.33,,103.3,106.42,115.46,97.05,0.4257,0.3235,1.0,0.1,105.75,,0.15,7,1,6,0,1,114.28571428571429,100.0,1.0,7
2069,0022400374,2024-12-20,2024-25,Regular Season,124,101,3,13,CLE,MIL,118.0,116.93,108.74,101.25,0.4742,0.3766,1.0,0.7,120.0,,116.3,117.32,112.07,99.45,0.498,0.4326,1.0,0.8,113.4,,1.8,7,12,-5,0,0,117.33333333333333,111.16666666666667,0.6666666666666666,6
2064,0022400379,2024-12-21,2024-25,Regular Season,94,105,15,26,BKN,UTA,108.2,110.08,117.02,98.45,0.4491,0.3757,1.0,0.4,101.0,,111.9,112.17,124.38,99.45,0.4759,0.3887,1.0,0.2,115.4,,1.0,5,2,3,0,0,127.5,119.5,0.5,2
2065,0022400383,2024-12-21,2024-25,Regular Season,103,113,14,8,MIN,GSW,104.8,105.34,100.45,98.44,0.445,0.3588,1.0,0.5,103.5,,106.0,106.35,115.28,99.55,0.4265,0.3541,1.0,0.2,100.75,,1.11,2,2,0,0,0,109.0,104.66666666666667,0.6666666666666666,3
2057,0022400387,2024-12-21,2024-25,Regular Season,125,133,20,29,PHX,DET,116.7,117.26,114.55,99.7,0.4929,0.4056,1.0,0.5,114.67,,112.9,109.49,116.12,101.72,0.4727,0.3727,1.0,0.3,116.0,,2.02,2,9,-7,0,0,116.0,100.0,1.0,1
2068,0022400381,2024-12-21,2024-25,Regular Season,98,123,5,2,CHI,BOS,121.3,115.97,111.98,104.5,0.4833,0.3684,1.0,0.5,117.8,,118.8,117.87,108.17,100.85,0.4521,0.3624,1.0,0.7,120.33,,3.65,8,6,2,0,0,113.6,124.6,0.2,5
2067,0022400377,2024-12-21,2024-25,Regular Season,121,114,17,12,ORL,MIA,107.6,110.35,109.17,97.45,0.4634,0.3108,1.0,0.5,109.5,,113.6,115.0,109.5,97.77,0.4657,0.3705,1.0,0.7,106.75,,0.32,2,5,-3,0,0,103.6,103.8,0.4,5
2066,0022400385,2024-12-21,2024-25,Regular Season,113,97,6,10,DAL,LAC,122.6,119.09,113.73,102.6,0.503,0.4329,1.0,0.8,115.0,,110.6,111.82,109.31,99.35,0.4756,0.3834,1.0,0.5,104.6,,3.25,2,2,0,0,0,104.0,105.22222222222223,0.4444444444444444,9
2062,0022400380,2024-12-21,2024-25,Regular Season,126,99,3,19,CLE,PHI,118.2,116.78,107.78,101.55,0.4752,0.3802,1.0,0.7,120.33,,108.3,110.72,109.88,96.9,0.4678,0.3421,1.0,0.6,112.5,,4.65,1,5,-4,1,0,114.2,113.2,0.6,5
2060,0022400386,2024-12-21,2024-25,Regular Season,114,94,23,21,SAS,POR,115.0,112.52,118.76,100.76,0.4524,0.3505,1.0,0.5,114.0,,111.1,112.84,123.89,98.55,0.4675,0.3446,1.0,0.2,104.8,,2.21,2,6,-4,0,0,119.6,112.0,0.8,5
2059,0022400378,2024-12-21,2024-25,Regular Season,112,128,1,27,ATL,MEM,118.3,111.98,109.3,103.63,0.465,0.3513,1.0,0.7,117.6,,127.4,119.12,106.02,106.9,0.4983,0.3884,1.0,0.8,123.25,,3.27,7,6,1,0,0,109.0,108.5,0.5,2
2058,0022400376,2024-12-21,2024-25,Regular Season,99,103,22,11,SAC,LAL,119.7,118.84,111.62,101.25,0.4787,0.3748,1.0,0.6,123.0,,104.5,104.12,108.95,99.02,0.449,0.3087,1.0,0.5,104.14,,2.23,2,2,0,0,0,119.25,117.75,0.5,4
2063,0022400382,2024-12-21,2024-25,Regular Season,112,101,13,28,MIL,WAS,113.5,114.56,112.84,99.45,0.4918,0.4224,1.0,0.7,116.75,,106.6,102.9,117.77,103.65,0.4381,0.293,1.0,0.2,102.0,,4.2,11,8,3,0,0,127.5,122.0,0.75,4
2061,0022400384,2024-12-21,2024-25,Regular Season,93,104,4,16,NOP,NYK,107.6,105.88,118.45,101.8,0.4335,0.3255,1.0,0.1,109.25,,113.4,116.13,107.63,97.7,0.4865,0.3906,1.0,0.7,111.8,,4.1,9,2,7,0,0,100.0,105.0,0.5,2
2056,0022400388,2024-12-22,2024-25,Regular Season,110,114,25,9,TOR,HOU,110.8,109.25,112.91,101.45,0.4706,0.3553,1.0,0.4,110.57,,109.7,110.1,109.07,97.54,0.4382,0.3214,1.0,0.6,109.33,,3.91,3,14,-11,0,0,106.5,119.5,0.5,2
2055,0022400389,2024-12-22,2024-25,Regular Season,95,122,22,18,SAC,IND,118.1,117.43,111.73,101.05,0.4731,0.3694,1.0,0.5,119.0,,115.0,113.2,113.98,101.65,0.4865,0.3857,1.0,0.5,115.83,,0.6,1,3,-2,1,0,127.0,124.0,0.5,2
2054,0022400390,2024-12-22,2024-25,Regular Season,129,132,4,7,NOP,DEN,107.6,106.65,117.73,101.05,0.4358,0.3294,1.0,0.1,109.25,,122.3,117.95,115.78,103.9,0.5257,0.3578,1.0,0.4,123.71,,2.85,1,3,-2,1,0,109.66666666666667,109.66666666666667,0.6666666666666666,3
2048,0022400402,2024-12-23,2024-25,Regular Season,117,90,7,20,DEN,PHX,123.7,117.27,111.94,104.76,0.5316,0.3548,1.0,0.5,119.5,,116.5,117.18,117.88,99.6,0.4991,0.4134,1.0,0.4,119.75,,5.16,10,10,0,0,0,107.66666666666667,110.66666666666667,0.3333333333333333,3
2040,0022400403,2024-12-23,2024-25,Regular Season,105,111,8,18,GSW,IND,105.3,105.88,112.97,99.35,0.4241,0.3509,1.0,0.3,107.4,,115.1,112.63,111.64,102.05,0.4957,0.3887,1.0,0.5,116.71,,2.7,8,1,7,0,1,121.0,116.0,0.5,2
2053,0022400398,2024-12-23,2024-25,Regular Season,91,112,5,13,CHI,MIL,118.4,113.71,114.04,103.95,0.4711,0.3675,1.0,0.4,114.5,,112.2,113.63,111.4,99.15,0.4884,0.4155,1.0,0.7,111.33,,4.8,2,3,-1,0,0,117.0,120.6,0.4,5
2052,0022400394,2024-12-23,2024-25,Regular Season,111,106,19,23,PHI,SAS,108.3,110.72,109.99,96.9,0.4683,0.3514,1.0,0.6,106.8,,113.6,111.48,116.96,100.46,0.4513,0.3408,1.0,0.5,112.67,,3.56,3,10,-7,0,0,133.0,124.5,1.0,2
2051,0022400396,2024-12-23,2024-25,Regular Season,110,95,12,15,MIA,BKN,115.2,115.75,111.72,98.42,0.4685,0.3608,1.0,0.6,118.17,,104.8,106.46,115.3,98.65,0.4401,0.3488,1.0,0.3,112.25,,0.23,3,4,-1,0,0,105.0,107.33333333333333,0.6666666666666666,3
2050,0022400392,2024-12-23,2024-25,Regular Season,124,113,3,26,CLE,UTA,118.4,118.21,105.13,100.65,0.4822,0.4001,1.0,0.8,120.67,,110.9,111.18,121.02,99.45,0.4724,0.3857,1.0,0.3,113.67,,1.2,2,2,0,0,0,126.5,114.5,1.0,2
2049,0022400399,2024-12-23,2024-25,Regular Season,110,114,27,10,MEM,LAC,127.1,118.4,105.73,107.3,0.495,0.3953,1.0,0.8,130.0,,110.9,112.23,108.47,99.1,0.4743,0.3835,1.0,0.5,105.2,,8.2,4,2,2,0,0,106.66666666666667,115.33333333333333,0.0,3
2046,0022400391,2024-12-23,2024-25,Regular Season,101,114,30,9,CHA,HOU,103.7,107.19,116.66,96.85,0.4341,0.3225,1.0,0.1,103.2,,111.3,111.06,108.84,98.24,0.4475,0.3214,1.0,0.7,110.0,,1.39,7,1,6,0,1,107.0,121.5,0.5,2
2045,0022400397,2024-12-23,2024-25,Regular Season,139,125,16,25,NYK,TOR,112.4,115.44,104.36,97.35,0.4837,0.407,1.0,0.8,115.0,,109.9,107.75,114.65,101.9,0.4668,0.3544,1.0,0.3,107.5,,4.55,12,11,1,0,0,127.8,109.0,1.0,5
2044,0022400395,2024-12-23,2024-25,Regular Season,117,104,1,14,ATL,MIN,116.0,109.3,109.24,104.08,0.4664,0.3405,1.0,0.6,116.67,,104.0,105.49,101.27,98.45,0.444,0.3719,1.0,0.5,106.75,,5.63,2,8,-6,0,0,106.0,109.0,0.0,1
2043,0022400400,2024-12-23,2024-25,Regular Season,123,105,24,28,OKC,WAS,114.1,115.53,102.79,98.8,0.4684,0.3556,1.0,0.9,120.67,,105.9,102.9,116.99,103.0,0.4396,0.3089,1.0,0.2,101.75,,4.2,9,2,7,0,0,141.5,117.0,1.0,2
2042,0022400401,2024-12-23,2024-25,Regular Season,132,108,6,21,DAL,POR,121.0,119.46,113.2,100.95,0.4985,0.4272,1.0,0.8,114.5,,110.7,113.01,123.69,97.95,0.4738,0.3551,1.0,0.2,104.0,,3.0,2,2,0,0,0,131.6,112.6,1.0,5
2041,0022400404,2024-12-23,2024-25,Regular Season,114,117,11,29,LAL,DET,102.9,102.23,108.64,99.17,0.4439,0.2962,1.0,0.5,105.33,,116.0,111.56,117.5,102.67,0.4831,0.389,1.0,0.3,118.83,,3.5,8,2,6,0,0,120.33333333333333,111.0,0.6666666666666666,3
2047,0022400393,2024-12-23,2024-25,Regular Season,108,104,17,2,ORL,BOS,106.4,109.78,109.13,97.0,0.4617,0.302,1.0,0.5,106.5,,118.5,117.2,108.19,101.2,0.449,0.3526,1.0,0.7,121.0,,4.2,2,2,0,0,0,107.0,112.66666666666667,0.3333333333333333,3
2036,0022400406,2024-12-25,2024-25,Regular Season,99,105,6,14,DAL,MIN,121.3,119.24,112.25,101.3,0.4953,0.409,1.0,0.8,115.25,,104.0,105.29,101.12,98.7,0.4423,0.3686,1.0,0.5,106.2,,2.6,2,2,0,0,0,109.0,110.8,0.6,10
2039,0022400407,2024-12-25,2024-25,Regular Season,114,118,2,19,BOS,PHI,115.1,114.06,106.08,101.2,0.443,0.3342,1.0,0.6,116.83,,107.9,111.44,109.5,96.9,0.4654,0.3514,1.0,0.7,109.8,,4.3,6,4,2,0,0,119.66666666666667,108.33333333333333,1.0,3
2038,0022400405,2024-12-25,2024-25,Regular Season,117,114,16,23,NYK,SAS,116.4,117.92,105.5,98.7,0.4986,0.4154,1.0,0.8,119.0,,114.1,111.46,115.55,100.96,0.4546,0.3391,1.0,0.5,111.0,,2.26,2,2,0,0,0,126.0,130.0,0.0,1
2037,0022400409,2024-12-25,2024-25,Regular Season,110,100,20,7,PHX,DEN,113.8,115.28,117.88,98.8,0.4857,0.4141,1.0,0.4,113.8,,123.2,116.6,110.67,104.76,0.5279,0.3605,1.0,0.5,125.14,,5.96,4,3,1,0,0,105.5,110.0,0.5,4
2035,0022400408,2024-12-25,2024-25,Regular Season,113,115,8,11,GSW,LAL,105.7,106.69,113.57,99.15,0.4317,0.3505,1.0,0.3,108.2,,105.0,103.86,109.6,99.72,0.4528,0.314,1.0,0.5,101.86,,0.57,2,4,-2,0,0,133.5,124.0,0.75,4
2033,0022400411,2024-12-26,2024-25,Regular Season,88,89,17,12,ORL,MIA,104.9,107.52,108.93,97.65,0.4533,0.29,1.0,0.5,106.8,,114.1,114.73,110.27,98.27,0.4721,0.3634,1.0,0.6,110.75,,0.62,3,5,-2,0,0,106.5,105.5,0.5,6
2031,0022400414,2024-12-26,2024-25,Regular Season,155,126,27,25,MEM,TOR,126.1,117.14,105.8,107.65,0.4844,0.4041,1.0,0.7,128.0,,111.3,107.98,115.29,102.85,0.4675,0.3558,1.0,0.3,114.5,,4.8,3,3,0,0,0,109.5,108.0,0.5,2
2034,0022400416,2024-12-26,2024-25,Regular Season,111,128,4,9,NOP,HOU,109.6,106.73,117.19,101.61,0.4403,0.3284,1.0,0.1,113.2,,111.0,111.86,108.68,98.35,0.4454,0.3119,1.0,0.7,109.57,,3.26,4,3,1,0,0,113.5,110.75,0.5,4
2032,0022400415,2024-12-26,2024-25,Regular Season,105,111,13,15,MIL,BKN,112.8,112.56,108.84,100.45,0.4876,0.4098,1.0,0.7,113.5,,101.6,104.12,115.41,97.9,0.4288,0.3441,1.0,0.2,104.25,,2.55,5,3,2,0,0,119.75,114.5,0.75,4
2029,0022400412,2024-12-26,2024-25,Regular Season,113,110,28,30,WAS,CHA,106.8,103.49,116.73,103.35,0.438,0.3219,1.0,0.2,111.2,,104.0,106.85,117.53,97.45,0.4353,0.3184,1.0,0.1,104.2,,5.9,7,6,1,0,0,116.33333333333333,110.33333333333333,0.6666666666666666,3
2030,0022400413,2024-12-26,2024-25,Regular Season,141,133,1,5,ATL,CHI,116.0,109.41,109.63,103.98,0.468,0.3493,1.0,0.6,116.67,,115.6,111.39,112.23,103.65,0.4582,0.3502,1.0,0.4,126.0,,0.33,3,7,-4,0,0,117.4,123.2,0.2,5
2028,0022400418,2024-12-26,2024-25,Regular Season,113,114,22,29,SAC,DET,117.0,116.29,112.69,100.95,0.4647,0.3653,1.0,0.5,115.57,,116.6,113.03,116.66,101.92,0.4871,0.3915,1.0,0.4,119.83,,0.97,4,3,1,0,0,125.5,121.5,0.5,2
2026,0022400417,2024-12-26,2024-25,Regular Season,122,120,21,26,POR,UTA,110.1,111.68,123.48,98.75,0.4694,0.337,1.0,0.2,117.4,,111.9,111.87,120.43,99.9,0.4715,0.3917,1.0,0.3,113.57,,1.15,7,3,4,0,0,111.75,121.5,0.25,4
2027,0022400410,2024-12-26,2024-25,Regular Season,114,120,18,24,IND,OKC,115.6,113.34,109.6,101.75,0.4964,0.3837,1.0,0.6,114.0,,115.9,116.63,102.8,99.3,0.4668,0.3522,1.0,0.9,112.33,,2.45,11,6,5,0,0,123.5,111.5,1.0,2
2018,0022400422,2024-12-27,2024-25,Regular Season,112,113,9,14,HOU,MIN,111.6,113.18,109.19,98.6,0.4473,0.3179,1.0,0.7,114.33,,105.2,106.79,102.21,98.45,0.4475,0.3739,1.0,0.6,106.0,,0.15,8,2,6,0,0,102.0,114.25,0.25,4
2025,0022400426,2024-12-27,2024-25,Regular Season,102,92,10,8,LAC,GSW,110.2,111.02,109.43,99.55,0.4675,0.3804,1.0,0.5,116.6,,106.5,107.97,114.27,98.75,0.4365,0.3555,1.0,0.3,102.75,,0.8,11,6,5,0,0,115.33333333333333,112.16666666666667,0.8333333333333334,6
2024,0022400421,2024-12-27,2024-25,Regular Season,87,96,15,23,BKN,SAS,102.7,105.13,113.36,98.05,0.427,0.3379,1.0,0.3,99.8,,112.8,110.64,114.98,100.66,0.454,0.3312,1.0,0.4,107.75,,2.61,6,2,4,0,0,119.0,112.5,0.5,2
2023,0022400419,2024-12-27,2024-25,Regular Season,85,108,17,16,ORL,NYK,103.7,106.39,108.81,97.5,0.4516,0.2822,1.0,0.4,103.67,,116.3,118.3,108.79,98.35,0.4979,0.4043,1.0,0.8,112.5,,0.85,1,6,-5,1,0,100.66666666666667,103.5,0.5,6
2022,0022400420,2024-12-27,2024-25,Regular Season,142,105,2,18,BOS,IND,115.4,115.14,107.1,100.55,0.4483,0.3403,1.0,0.6,116.43,,114.9,113.54,109.12,100.9,0.4958,0.3893,1.0,0.6,115.29,,0.35,2,4,-2,0,0,122.22222222222223,118.44444444444444,0.6666666666666666,9
2021,0022400423,2024-12-27,2024-25,Regular Season,124,132,4,27,NOP,MEM,112.2,108.92,117.82,101.96,0.4465,0.346,1.0,0.1,112.83,,128.0,118.38,105.75,108.1,0.4849,0.4093,1.0,0.7,124.2,,6.14,1,6,-5,1,0,108.25,109.5,0.25,4
2020,0022400424,2024-12-27,2024-25,Regular Season,135,149,7,3,DEN,CLE,121.0,115.39,110.15,103.86,0.5161,0.3464,1.0,0.5,118.67,,120.7,120.93,105.3,100.2,0.4886,0.4147,1.0,0.9,119.67,,3.66,4,11,-7,0,0,117.66666666666667,116.0,0.3333333333333333,3
2019,0022400425,2024-12-27,2024-25,Regular Season,89,98,20,6,PHX,DAL,113.5,115.7,118.02,98.2,0.4842,0.3933,1.0,0.4,113.2,,120.6,119.3,113.85,100.75,0.4911,0.4077,1.0,0.7,129.2,,2.55,2,12,-10,0,0,117.4,115.0,0.6,5
2009,0022400431,2024-12-28,2024-25,Regular Season,109,105,8,20,GSW,PHX,104.2,106.7,113.45,97.85,0.427,0.3423,1.0,0.3,109.0,,112.0,114.76,119.28,97.55,0.4741,0.396,1.0,0.3,113.8,,0.3,3,5,-2,0,0,112.25,116.75,0.25,4
2017,0022400435,2024-12-28,2024-25,Regular Season,132,122,11,22,LAL,SAC,106.0,104.68,110.31,99.92,0.4536,0.3285,1.0,0.5,112.33,,115.8,114.96,111.39,101.0,0.4658,0.3637,1.0,0.5,120.33,,1.08,5,16,-11,0,0,114.8,115.2,0.6,5
2016,0022400434,2024-12-28,2024-25,Regular Season,126,122,21,6,POR,DAL,110.8,112.38,124.67,98.85,0.4689,0.3468,1.0,0.2,118.8,,116.7,116.65,110.58,99.75,0.4797,0.393,1.0,0.7,121.4,,0.9,2,1,1,0,1,111.83333333333333,131.66666666666666,0.0,6
2015,0022400433,2024-12-28,2024-25,Regular Season,111,114,26,19,UTA,PHI,114.5,114.3,121.93,100.05,0.4834,0.4186,1.0,0.3,115.0,,108.6,112.4,111.55,96.7,0.4626,0.3584,1.0,0.7,111.2,,3.35,15,3,12,0,0,122.0,118.0,0.5,2
2014,0022400427,2024-12-28,2024-25,Regular Season,120,110,1,12,ATL,MIA,119.4,111.68,111.79,104.73,0.471,0.3568,1.0,0.6,120.14,,111.4,112.51,107.56,97.82,0.4686,0.3759,1.0,0.7,104.0,,6.91,2,2,0,0,0,111.0,115.66666666666667,0.3333333333333333,3
2013,0022400428,2024-12-28,2024-25,Regular Season,94,106,30,24,CHA,OKC,104.6,106.82,117.16,98.2,0.4417,0.3214,1.0,0.1,103.75,,117.8,117.65,104.31,100.0,0.4722,0.3548,1.0,0.9,115.5,,1.8,5,2,3,0,0,112.0,123.5,0.0,2
2012,0022400429,2024-12-28,2024-25,Regular Season,132,136,28,16,WAS,NYK,106.7,102.97,115.05,103.7,0.4338,0.3256,1.0,0.3,111.5,,115.0,117.81,107.24,97.7,0.5006,0.3881,1.0,0.8,111.6,,6.0,2,1,1,0,1,104.75,122.0,0.0,4
2011,0022400432,2024-12-28,2024-25,Regular Season,134,121,7,29,DEN,DET,122.6,117.02,113.46,103.76,0.5219,0.349,1.0,0.4,124.0,,115.0,111.68,117.57,101.72,0.4711,0.3827,1.0,0.4,117.17,,2.04,1,2,-1,1,0,119.0,108.5,1.0,2
2010,0022400430,2024-12-28,2024-25,Regular Season,116,111,5,13,CHI,MIL,116.0,111.66,112.39,103.75,0.4607,0.3622,1.0,0.4,108.17,,110.9,110.9,108.87,100.2,0.4858,0.4036,1.0,0.6,112.33,,3.55,5,5,0,0,0,112.66666666666667,119.16666666666667,0.3333333333333333,6
2007,0022400440,2024-12-29,2024-25,Regular Season,130,106,24,27,OKC,MEM,116.8,116.65,101.9,99.95,0.4752,0.3478,1.0,1.0,121.25,,129.6,119.44,105.93,108.35,0.4857,0.4183,1.0,0.8,127.4,,8.4,6,2,4,0,0,119.33333333333333,100.66666666666667,1.0,3
2004,0022400436,2024-12-29,2024-25,Regular Season,102,101,17,15,ORL,BKN,101.6,104.84,108.32,96.85,0.4447,0.2894,1.0,0.4,101.0,,102.2,105.09,113.27,97.65,0.4279,0.3414,1.0,0.3,105.6,,0.8,2,3,-1,0,0,110.33333333333333,101.5,0.8333333333333334,6
2008,0022400438,2024-12-29,2024-25,Regular Season,107,136,25,1,TOR,ATL,112.0,107.35,117.52,104.05,0.4595,0.3539,1.0,0.2,109.29,,119.0,112.22,112.22,104.03,0.4712,0.371,1.0,0.6,117.67,,0.02,7,10,-3,0,0,121.75,125.0,0.5,4
2005,0022400437,2024-12-29,2024-25,Regular Season,114,123,2,18,BOS,IND,118.8,118.38,108.74,100.65,0.4556,0.3469,1.0,0.6,121.29,,114.3,113.99,112.31,99.9,0.4924,0.3775,1.0,0.6,114.43,,0.75,2,2,0,0,0,124.2,117.1,0.7,10
2003,0022400441,2024-12-29,2024-25,Regular Season,112,110,14,23,MIN,SAS,105.6,107.44,105.87,98.2,0.4475,0.3798,1.0,0.5,102.33,,113.1,111.36,113.82,100.16,0.46,0.3559,1.0,0.5,108.5,,1.96,8,2,6,0,0,107.4,103.4,0.6,5
2006,0022400439,2024-12-29,2024-25,Regular Season,100,104,9,12,HOU,MIA,110.9,113.19,109.48,98.05,0.4549,0.3161,1.0,0.7,112.0,,113.5,114.33,108.55,98.07,0.4774,0.3847,1.0,0.7,109.25,,0.02,2,1,1,0,1,108.5,119.5,0.0,2
1998,0022400445,2024-12-30,2024-25,Regular Season,121,132,26,7,UTA,DEN,115.2,114.45,122.27,100.55,0.4811,0.4169,1.0,0.3,118.5,,124.6,119.83,113.76,103.01,0.5301,0.3721,1.0,0.5,123.33,,2.46,2,5,-3,0,0,109.2,123.0,0.2,5
2002,0022400446,2024-12-30,2024-25,Regular Season,95,113,8,3,GSW,CLE,105.2,107.73,114.68,97.85,0.4269,0.3369,1.0,0.3,110.67,,124.1,123.72,107.49,100.45,0.4961,0.4154,1.0,0.9,127.0,,2.6,2,3,-1,0,0,117.0,136.0,0.0,1
2001,0022400444,2024-12-30,2024-25,Regular Season,113,116,4,10,NOP,LAC,113.4,109.73,118.12,102.31,0.4473,0.3439,1.0,0.1,114.43,,111.2,111.64,109.12,99.85,0.4779,0.3794,1.0,0.6,106.75,,2.46,3,7,-4,0,0,110.0,106.75,0.75,4
2000,0022400447,2024-12-30,2024-25,Regular Season,103,125,21,19,POR,PHI,110.3,111.77,123.1,98.95,0.4606,0.331,1.0,0.3,117.8,,109.0,112.2,111.7,97.2,0.4597,0.3545,1.0,0.7,112.0,,1.75,2,2,0,0,0,130.0,104.0,1.0,1
1999,0022400443,2024-12-30,2024-25,Regular Season,106,126,28,16,WAS,NYK,111.2,106.39,115.63,103.54,0.4467,0.3549,1.0,0.3,114.43,,116.1,116.41,108.05,98.64,0.4993,0.3586,1.0,0.8,115.67,,4.9,2,2,0,0,0,110.2,124.8,0.0,5
1996,0022400448,2024-12-30,2024-25,Regular Season,110,100,22,6,SAC,DAL,116.0,114.64,113.04,101.4,0.4652,0.3445,1.0,0.4,112.83,,116.8,117.18,111.87,99.4,0.4799,0.3919,1.0,0.6,121.5,,2.0,4,2,2,0,0,112.0,116.75,0.5,4
1997,0022400442,2024-12-30,2024-25,Regular Season,108,115,30,5,CHA,CHI,103.6,105.13,115.93,98.85,0.4338,0.3156,1.0,0.1,101.25,,114.8,110.72,113.27,103.65,0.4559,0.3671,1.0,0.4,127.75,,4.8,2,4,-2,0,0,101.6,112.0,0.0,5
1993,0022400450,2024-12-31,2024-25,Regular Season,112,120,18,13,IND,MIL,117.6,117.13,113.63,100.1,0.5026,0.3924,1.0,0.7,114.0,,109.2,109.01,109.75,100.3,0.4697,0.3808,1.0,0.5,109.5,,0.2,5,3,2,0,0,119.36363636363636,117.45454545454545,0.6363636363636364,11
1994,0022400451,2024-12-31,2024-25,Regular Season,122,86,23,10,SAS,LAC,111.7,111.0,112.26,99.26,0.4574,0.3555,1.0,0.5,114.6,,110.2,111.25,108.69,99.4,0.4778,0.3683,1.0,0.6,108.6,,0.14,10,1,9,0,1,101.66666666666667,115.33333333333333,0.0,3
1995,0022400452,2024-12-31,2024-25,Regular Season,113,105,24,14,OKC,MIN,116.5,115.2,100.77,100.95,0.4737,0.3434,1.0,1.0,120.5,,106.0,108.3,109.21,97.85,0.4423,0.3684,1.0,0.5,106.83,,3.1,2,4,-2,0,0,108.75,104.0,0.5,4
1991,0022400454,2024-12-31,2024-25,Regular Season,110,122,11,3,LAL,CLE,111.2,109.76,111.52,100.07,0.4728,0.3629,1.0,0.6,117.25,,123.6,123.02,108.17,100.6,0.4936,0.4189,1.0,0.9,124.2,,0.53,3,1,2,0,1,115.66666666666667,115.33333333333333,0.6666666666666666,3
1990,0022400449,2024-12-31,2024-25,Regular Season,125,71,2,25,BOS,TOR,117.2,117.14,109.4,100.35,0.4539,0.3369,1.0,0.5,119.0,,110.5,105.87,119.51,104.25,0.4499,0.3437,1.0,0.1,118.33,,3.9,2,5,-3,0,0,114.75,110.5,1.0,4
1992,0022400453,2024-12-31,2024-25,Regular Season,112,117,20,27,PHX,MEM,110.1,113.66,118.29,96.9,0.4659,0.3839,1.0,0.3,110.2,,128.7,118.6,107.81,108.35,0.4763,0.4116,1.0,0.7,123.83,,11.45,4,2,2,0,0,113.66666666666667,106.33333333333333,0.6666666666666666,3
1982,0022400462,2025-01-01,2024-25,Regular Season,113,107,22,19,SAC,PHI,116.0,114.94,112.0,101.05,0.4674,0.3529,1.0,0.5,112.43,,111.3,113.76,110.41,97.95,0.4682,0.3636,1.0,0.8,114.17,,3.1,2,2,0,0,0,100.5,104.0,0.5,2
1989,0022400458,2025-01-01,2024-25,Regular Season,119,103,16,26,NYK,UTA,117.6,117.66,106.89,98.64,0.492,0.3603,1.0,0.9,118.67,,116.7,115.51,121.63,100.95,0.478,0.414,1.0,0.3,115.57,,2.31,7,6,1,0,0,112.33333333333333,113.66666666666667,0.3333333333333333,3
1988,0022400456,2025-01-01,2024-25,Regular Season,125,107,28,5,WAS,CHI,111.7,107.37,114.93,103.14,0.4497,0.3503,1.0,0.3,115.14,,112.4,107.79,111.04,103.33,0.4356,0.3512,1.0,0.4,121.75,,0.19,2,2,0,0,0,110.0,122.0,0.25,4
1987,0022400459,2025-01-01,2024-25,Regular Season,130,113,25,15,TOR,BKN,108.4,104.34,120.24,103.45,0.4457,0.3443,1.0,0.1,109.67,,102.1,106.8,112.55,96.05,0.4317,0.3514,1.0,0.4,105.4,,7.4,3,3,0,0,0,101.6,102.2,0.2,5
1986,0022400460,2025-01-01,2024-25,Regular Season,110,99,9,6,HOU,DAL,109.8,111.93,107.54,98.2,0.45,0.3127,1.0,0.7,109.0,,113.1,113.84,112.93,99.2,0.4681,0.378,1.0,0.5,115.33,,1.0,3,2,1,0,0,117.6,118.2,0.4,5
1985,0022400461,2025-01-01,2024-25,Regular Season,139,120,7,1,DEN,ATL,126.5,122.14,114.13,102.61,0.5322,0.3821,1.0,0.6,126.5,,120.7,113.14,112.04,104.58,0.4755,0.3829,1.0,0.6,123.33,,1.97,4,3,1,0,0,137.33333333333334,114.33333333333333,1.0,3
1984,0022400457,2025-01-01,2024-25,Regular Season,119,108,12,4,MIA,NOP,110.5,111.2,109.28,98.07,0.4636,0.3639,1.0,0.7,112.8,,112.1,109.03,118.16,101.71,0.449,0.3536,1.0,0.0,111.0,,3.64,9,13,-4,0,0,97.0,103.0,0.5,2
1983,0022400455,2025-01-01,2024-25,Regular Season,105,96,29,17,DET,ORL,117.5,113.84,119.51,102.02,0.481,0.386,1.0,0.4,117.0,,101.2,104.52,108.6,96.65,0.4405,0.2951,1.0,0.3,101.5,,5.37,13,22,-9,0,0,98.0,114.0,0.0,5
1977,0022400463,2025-01-02,2024-25,Regular Season,115,128,12,18,MIA,IND,110.3,111.12,108.97,98.02,0.4643,0.3645,1.0,0.7,112.4,,115.6,114.72,112.81,100.6,0.4905,0.3675,1.0,0.6,117.0,,2.58,1,4,-3,1,0,124.0,124.6,0.4,5
1981,0022400466,2025-01-02,2024-25,Regular Season,116,98,24,10,OKC,LAC,114.9,114.1,102.32,100.6,0.4729,0.3405,1.0,1.0,119.0,,106.1,106.23,109.6,100.05,0.457,0.3437,1.0,0.5,104.83,,0.55,2,2,0,0,0,123.8,114.0,0.8,5
1980,0022400465,2025-01-02,2024-25,Regular Season,110,113,13,15,MIL,BKN,110.8,110.02,108.59,100.8,0.4738,0.3839,1.0,0.6,110.33,,103.5,108.14,116.54,96.15,0.4368,0.3478,1.0,0.3,106.67,,4.65,7,1,6,0,1,116.8,113.8,0.6,5
1979,0022400467,2025-01-02,2024-25,Regular Season,139,105,8,19,GSW,PHI,105.7,107.69,114.74,98.4,0.4212,0.3324,1.0,0.3,111.5,,111.8,113.83,112.15,98.25,0.4677,0.3742,1.0,0.7,113.14,,0.15,3,1,2,0,1,123.0,105.5,1.0,2
1978,0022400464,2025-01-02,2024-25,Regular Season,115,118,14,2,MIN,BOS,105.8,108.0,111.31,98.0,0.4462,0.3746,1.0,0.4,104.75,,118.6,118.35,105.67,100.55,0.4619,0.356,1.0,0.5,113.0,,2.55,4,10,-6,0,0,112.5,117.0,0.0,2
1976,0022400468,2025-01-02,2024-25,Regular Season,114,106,11,21,LAL,POR,112.9,111.07,109.76,100.47,0.475,0.3659,1.0,0.6,115.8,,110.1,110.98,122.19,99.45,0.4574,0.3187,1.0,0.3,102.25,,1.02,2,10,-8,0,0,116.0,101.0,1.0,3
1968,0022400472,2025-01-03,2024-25,Regular Season,132,120,4,28,NOP,WAS,112.0,109.71,119.04,101.01,0.4509,0.3504,1.0,0.0,113.17,,112.0,107.11,114.17,103.49,0.4508,0.3585,1.0,0.3,103.67,,2.48,4,11,-7,0,0,137.5,124.0,1.0,2
1975,0022400477,2025-01-03,2024-25,Regular Season,119,102,11,1,LAL,ATL,111.1,111.24,109.04,99.8,0.4692,0.3551,1.0,0.7,115.5,,119.3,112.5,113.21,105.11,0.4705,0.3752,1.0,0.5,122.5,,5.31,1,2,-1,1,0,130.0,125.66666666666667,0.3333333333333333,3
1974,0022400476,2025-01-03,2024-25,Regular Season,138,133,22,27,SAC,MEM,113.3,112.88,111.84,100.6,0.4595,0.3348,1.0,0.5,112.5,,127.7,117.88,107.38,108.05,0.4689,0.4002,1.0,0.7,122.17,,7.45,2,3,-1,0,0,114.25,103.0,0.75,4
1973,0022400473,2025-01-03,2024-25,Regular Season,117,107,24,16,OKC,NYK,114.6,114.16,101.53,100.3,0.47,0.3398,1.0,1.0,118.5,,118.2,117.55,106.07,99.09,0.4961,0.3569,1.0,0.9,117.83,,1.21,1,4,-3,1,0,121.0,116.0,1.0,2
1972,0022400470,2025-01-03,2024-25,Regular Season,97,106,25,17,TOR,ORL,109.6,106.26,120.1,102.7,0.4586,0.3558,1.0,0.2,111.67,,101.4,104.53,108.57,96.9,0.4389,0.2897,1.0,0.3,102.5,,5.8,2,2,0,0,0,102.0,116.66666666666667,0.0,3
1971,0022400471,2025-01-03,2024-25,Regular Season,86,109,9,2,HOU,BOS,111.5,113.56,107.23,98.4,0.4596,0.3184,1.0,0.8,109.2,,118.3,120.97,107.28,98.3,0.4719,0.3646,1.0,0.6,114.25,,0.1,2,1,1,0,1,110.0,130.5,0.0,2
1970,0022400475,2025-01-03,2024-25,Regular Season,110,113,7,23,DEN,SAS,126.3,121.71,114.77,102.81,0.5257,0.3777,1.0,0.6,129.0,,112.6,112.35,107.45,98.81,0.4635,0.3439,1.0,0.6,108.8,,4.0,2,5,-3,0,0,119.75,113.0,0.75,4
1969,0022400469,2025-01-03,2024-25,Regular Season,98,94,29,30,DET,CHA,117.3,114.06,116.64,101.67,0.4869,0.3941,1.0,0.5,116.33,,104.3,103.62,112.67,99.88,0.4305,0.3004,1.0,0.1,106.0,,1.79,2,8,-6,0,0,113.75,108.5,0.5,4
1967,0022400474,2025-01-03,2024-25,Regular Season,122,134,6,3,DAL,CLE,110.5,111.95,112.8,98.6,0.4745,0.3795,1.0,0.4,109.75,,123.2,123.66,108.71,99.7,0.492,0.4122,1.0,0.9,123.83,,1.1,9,3,6,0,0,114.5,117.0,0.0,2
1962,0022400481,2025-01-04,2024-25,Regular Season,100,136,12,26,MIA,UTA,109.6,110.66,110.65,97.87,0.4739,0.3636,1.0,0.6,111.0,,112.9,112.28,123.89,100.6,0.4634,0.4004,1.0,0.2,110.14,,2.73,2,3,-1,0,0,117.5,118.5,0.5,2
1963,0022400478,2025-01-04,2024-25,Regular Season,94,123,15,19,BKN,PHI,103.5,107.27,114.68,96.9,0.4294,0.3329,1.0,0.4,94.0,,111.5,113.95,116.48,97.85,0.463,0.3782,1.0,0.6,112.71,,0.95,8,2,6,0,0,106.2,113.8,0.4,5
1966,0022400482,2025-01-04,2024-25,Regular Season,139,126,5,16,CHI,NYK,110.8,105.96,109.82,103.73,0.4328,0.339,1.0,0.4,102.8,,118.9,118.15,106.97,99.14,0.5009,0.3588,1.0,0.9,116.29,,4.59,7,1,6,0,1,113.6,117.4,0.4,5
1965,0022400480,2025-01-04,2024-25,Regular Season,126,108,18,20,IND,PHX,117.5,117.36,113.59,100.05,0.4924,0.3767,1.0,0.7,115.0,,110.2,112.65,116.59,97.95,0.4677,0.3749,1.0,0.3,109.75,,2.1,4,7,-3,0,0,121.0,119.66666666666667,0.6666666666666666,3
1961,0022400479,2025-01-04,2024-25,Regular Season,119,105,29,14,DET,MIN,115.1,112.3,113.26,101.37,0.4776,0.3752,1.0,0.6,111.75,,106.7,110.21,113.15,97.05,0.4506,0.3832,1.0,0.4,106.6,,4.32,1,4,-3,1,0,104.0,115.0,0.0,2
1960,0022400486,2025-01-04,2024-25,Regular Season,131,105,10,1,LAC,ATL,107.9,108.13,110.75,99.85,0.469,0.3506,1.0,0.5,117.33,,118.4,112.33,112.17,104.31,0.4709,0.3703,1.0,0.5,118.4,,4.46,8,1,7,0,1,121.0,127.0,0.5,2
1959,0022400483,2025-01-04,2024-25,Regular Season,102,105,13,21,MIL,POR,111.3,110.08,108.19,101.25,0.4756,0.3757,1.0,0.6,110.25,,110.8,112.39,120.51,98.7,0.4685,0.3235,1.0,0.3,103.0,,2.55,2,2,0,0,0,112.0,110.5,0.5,2
1958,0022400484,2025-01-04,2024-25,Regular Season,111,122,23,7,SAS,DEN,111.8,111.9,106.96,98.61,0.4648,0.3492,1.0,0.6,115.25,,125.3,121.5,116.82,102.16,0.5145,0.3817,1.0,0.5,123.6,,3.55,4,5,-1,0,0,113.0,117.8,0.4,5
1964,0022400485,2025-01-04,2024-25,Regular Season,121,113,8,27,GSW,MEM,108.2,109.85,114.19,98.75,0.4354,0.3498,1.0,0.3,115.67,,127.0,117.24,110.03,107.95,0.4651,0.4066,1.0,0.6,121.0,,9.2,2,1,1,0,1,116.2,119.0,0.6,5
1955,0022400487,2025-01-05,2024-25,Regular Season,105,92,24,2,OKC,BOS,114.5,114.06,101.83,100.3,0.4757,0.3517,1.0,1.0,118.33,,116.9,121.06,107.37,97.0,0.4714,0.3716,1.0,0.6,113.2,,3.3,2,2,0,0,0,113.5,129.0,0.5,2
1954,0022400491,2025-01-05,2024-25,Regular Season,119,115,9,11,HOU,LAL,108.4,111.13,108.46,97.65,0.4472,0.3096,1.0,0.7,105.33,,112.3,112.46,109.14,99.95,0.4723,0.3602,1.0,0.7,104.5,,2.3,2,11,-9,0,0,112.0,110.33333333333333,0.3333333333333333,3
1953,0022400489,2025-01-05,2024-25,Regular Season,98,110,28,4,WAS,NOP,112.8,108.62,114.15,102.84,0.4614,0.3718,1.0,0.3,116.17,,113.6,111.04,119.17,101.01,0.4575,0.3601,1.0,0.1,108.33,,1.83,4,4,0,0,0,122.66666666666667,135.66666666666666,0.0,3
1952,0022400492,2025-01-05,2024-25,Regular Season,99,129,8,22,GSW,SAC,111.3,112.39,115.6,99.45,0.4438,0.3717,1.0,0.4,116.43,,113.0,111.66,114.24,101.45,0.452,0.3295,1.0,0.5,116.5,,2.0,1,8,-7,1,0,128.0,129.0,0.0,2
1957,0022400488,2025-01-05,2024-25,Regular Season,115,105,3,30,CLE,CHA,125.0,123.79,109.35,100.95,0.4951,0.4129,1.0,0.9,122.25,,103.5,102.02,109.92,100.58,0.4288,0.3022,1.0,0.1,104.0,,0.37,13,2,11,0,0,116.0,109.2,0.6,5
1956,0022400490,2025-01-05,2024-25,Regular Season,92,105,17,26,ORL,UTA,100.5,104.81,108.36,95.9,0.438,0.2996,1.0,0.3,99.14,,116.8,115.56,119.36,101.05,0.4766,0.406,1.0,0.3,115.71,,5.15,7,1,6,0,1,115.0,107.0,1.0,1
1945,0022400501,2025-01-06,2024-25,Regular Season,123,118,22,12,SAC,MIA,114.8,113.23,113.22,101.55,0.4635,0.3434,1.0,0.5,112.13,,108.2,109.08,113.43,98.12,0.4695,0.3487,1.0,0.5,108.2,,3.43,3,8,-5,0,0,109.0,115.33333333333333,0.3333333333333333,3
1951,0022400493,2025-01-06,2024-25,Regular Season,118,115,29,21,DET,POR,115.0,112.44,112.77,101.22,0.4742,0.3594,1.0,0.6,113.2,,111.5,112.79,119.69,99.0,0.475,0.3346,1.0,0.4,104.4,,2.22,2,2,0,0,0,128.0,122.0,1.0,1
1946,0022400499,2025-01-06,2024-25,Regular Season,119,104,27,6,MEM,DAL,124.8,115.8,111.02,107.3,0.4649,0.3927,1.0,0.5,136.33,,112.3,113.28,113.88,99.0,0.47,0.3651,1.0,0.4,112.4,,8.3,11,5,6,0,0,114.25,109.5,0.5,4
1943,0022400495,2025-01-06,2024-25,Regular Season,99,113,15,18,BKN,IND,101.0,104.99,113.54,96.85,0.4252,0.3293,1.0,0.4,94.0,,118.0,118.0,113.92,99.9,0.4887,0.3774,1.0,0.7,118.17,,3.05,2,4,-2,0,0,106.25,113.75,0.5,4
1950,0022400500,2025-01-06,2024-25,Regular Season,108,106,14,10,MIN,LAC,107.5,111.02,116.26,97.1,0.4529,0.3951,1.0,0.3,109.25,,110.4,108.67,107.98,101.45,0.4796,0.3543,1.0,0.6,103.86,,4.35,4,4,0,0,0,106.16666666666667,94.33333333333333,0.8333333333333334,6
1948,0022400496,2025-01-06,2024-25,Regular Season,94,103,16,17,NYK,ORL,121.5,119.29,110.4,100.39,0.5039,0.3438,1.0,0.8,125.0,,98.8,103.28,107.44,95.8,0.4296,0.3072,1.0,0.3,101.0,,4.59,5,3,2,0,0,104.14285714285714,98.42857142857143,0.5714285714285714,7
1947,0022400498,2025-01-06,2024-25,Regular Season,114,110,5,23,CHI,SAS,114.7,109.36,111.11,104.08,0.4464,0.3579,1.0,0.5,110.6,,111.1,109.83,106.18,98.83,0.4524,0.3296,1.0,0.5,107.8,,5.25,2,3,-1,0,0,124.0,111.75,1.0,4
1949,0022400497,2025-01-06,2024-25,Regular Season,104,128,25,13,TOR,MIL,108.5,106.14,119.99,102.0,0.4613,0.3532,1.0,0.2,109.83,,109.7,107.21,106.41,102.15,0.4614,0.359,1.0,0.5,110.8,,0.15,3,6,-3,0,0,104.66666666666667,112.66666666666667,0.3333333333333333,3
1944,0022400494,2025-01-06,2024-25,Regular Season,99,109,19,20,PHI,PHX,113.1,114.63,113.21,98.55,0.4707,0.3757,1.0,0.7,109.5,,110.0,112.79,117.95,97.7,0.4694,0.3685,1.0,0.3,109.25,,0.85,14,2,12,0,0,109.0,116.5,0.0,2
1939,0022400507,2025-01-07,2024-25,Regular Season,106,118,7,2,DEN,BOS,124.5,120.98,115.08,101.09,0.508,0.3763,1.0,0.6,127.0,,114.9,119.56,108.66,96.45,0.4649,0.3521,1.0,0.5,109.2,,4.64,4,2,2,0,0,108.5,104.5,1.0,2
1937,0022400503,2025-01-07,2024-25,Regular Season,112,135,28,9,WAS,HOU,112.1,107.81,113.87,102.79,0.4564,0.3636,1.0,0.3,113.57,,111.2,114.04,111.28,97.65,0.4489,0.3224,1.0,0.7,113.0,,5.14,2,12,-10,0,0,108.33333333333333,126.33333333333333,0.0,3
1938,0022400502,2025-01-07,2024-25,Regular Season,115,104,30,20,CHA,PHX,102.7,101.55,110.73,100.33,0.4193,0.2896,1.0,0.0,102.75,,107.5,110.03,115.11,97.75,0.4672,0.3648,1.0,0.3,103.0,,2.58,8,1,7,0,1,107.5,120.0,0.0,2
1942,0022400504,2025-01-07,2024-25,Regular Season,118,97,6,11,DAL,LAL,108.4,108.93,112.15,99.4,0.451,0.35,1.0,0.3,112.2,,115.1,116.17,112.14,99.3,0.4826,0.376,1.0,0.7,111.5,,0.1,4,2,2,0,0,113.66666666666667,117.66666666666667,0.6666666666666666,3
1936,0022400505,2025-01-07,2024-25,Regular Season,97,104,4,14,NOP,MIN,113.7,111.14,117.74,101.06,0.4516,0.359,1.0,0.2,117.0,,107.7,111.67,118.13,96.7,0.4575,0.4018,1.0,0.3,106.4,,4.36,4,3,1,0,0,119.33333333333333,111.33333333333333,0.6666666666666666,3
1941,0022400508,2025-01-07,2024-25,Regular Season,98,114,8,12,GSW,MIA,107.9,109.32,114.34,99.25,0.4419,0.356,1.0,0.4,111.57,,107.6,108.37,113.16,97.35,0.4662,0.347,1.0,0.4,107.0,,1.9,2,1,1,0,1,107.5,103.0,0.5,2
1940,0022400506,2025-01-07,2024-25,Regular Season,121,124,26,1,UTA,ATL,114.7,113.01,114.73,101.3,0.4689,0.384,1.0,0.4,116.0,,118.1,111.08,113.77,105.46,0.4728,0.3761,1.0,0.4,117.8,,4.16,8,3,5,0,0,110.5,123.0,0.5,2
1934,0022400514,2025-01-08,2024-25,Regular Season,100,119,4,21,NOP,POR,113.0,110.84,116.58,100.71,0.4496,0.358,1.0,0.2,114.14,,111.4,112.44,119.69,99.1,0.4771,0.3413,1.0,0.4,106.17,,1.61,1,2,-1,1,0,106.16666666666667,106.16666666666667,0.6666666666666666,6
1931,0022400510,2025-01-08,2024-25,Regular Season,129,113,18,5,IND,CHI,117.4,118.35,114.04,99.2,0.4887,0.374,1.0,0.7,117.33,,115.2,110.05,112.74,103.88,0.4497,0.3637,1.0,0.5,118.8,,4.68,4,7,-3,0,0,120.0,121.0,0.5,4
1935,0022400516,2025-01-08,2024-25,Regular Season,121,105,13,23,MIL,SAS,111.1,108.01,105.5,102.6,0.4642,0.3723,1.0,0.5,107.25,,112.9,111.22,106.65,99.18,0.458,0.3378,1.0,0.5,108.17,,3.42,4,2,2,0,0,128.5,120.0,1.0,2
1933,0022400512,2025-01-08,2024-25,Regular Season,109,103,19,28,PHI,WAS,110.9,113.19,113.97,97.9,0.4585,0.3711,1.0,0.6,106.0,,113.5,109.7,116.39,102.44,0.4621,0.3686,1.0,0.3,108.67,,4.54,2,5,-3,0,0,132.0,113.33333333333333,1.0,3
1932,0022400513,2025-01-08,2024-25,Regular Season,98,113,15,29,BKN,DET,100.8,105.0,112.29,96.55,0.425,0.3184,1.0,0.4,93.5,,116.9,114.8,112.2,100.92,0.476,0.3754,1.0,0.7,121.25,,4.37,2,11,-9,0,0,112.2,110.8,0.6,5
1929,0022400511,2025-01-08,2024-25,Regular Season,112,98,16,25,NYK,TOR,117.6,116.71,111.23,99.24,0.4968,0.3176,1.0,0.7,117.25,,108.5,105.94,121.13,102.2,0.4618,0.3445,1.0,0.2,107.33,,2.96,2,8,-6,0,0,129.66666666666666,111.66666666666667,1.0,6
1928,0022400509,2025-01-08,2024-25,Regular Season,129,122,3,24,CLE,OKC,125.2,123.64,107.64,101.1,0.4952,0.4054,1.0,1.0,120.8,,113.9,113.56,101.61,100.15,0.4755,0.3571,1.0,1.0,108.75,,0.95,3,11,-8,0,0,125.2,113.9,0.5,0
1930,0022400515,2025-01-08,2024-25,Regular Season,126,103,7,10,DEN,LAC,122.7,119.73,114.9,100.59,0.5,0.3711,1.0,0.6,123.5,,111.2,110.58,108.02,100.35,0.4766,0.3545,1.0,0.6,105.0,,0.24,1,2,-1,1,0,110.16666666666667,108.33333333333333,0.3333333333333333,6
1927,0022400520,2025-01-09,2024-25,Regular Season,115,119,27,9,MEM,HOU,125.7,117.24,110.28,106.8,0.4712,0.3949,1.0,0.6,132.0,,115.1,117.84,111.38,97.7,0.4639,0.338,1.0,0.8,122.75,,9.1,3,2,1,0,0,104.0,114.4,0.2,5
1921,0022400522,2025-01-09,2024-25,Regular Season,123,115,20,1,PHX,ATL,106.3,108.49,115.38,98.05,0.4613,0.3505,1.0,0.2,109.4,,120.3,113.55,115.27,105.11,0.4781,0.3753,1.0,0.5,118.83,,7.06,9,2,7,0,0,124.0,122.0,0.5,2
1922,0022400517,2025-01-09,2024-25,Regular Season,132,126,3,25,CLE,TOR,126.6,124.91,109.13,101.25,0.5078,0.4171,1.0,1.0,123.6,,106.2,105.06,121.83,100.8,0.4623,0.3484,1.0,0.1,105.0,,0.45,1,1,0,1,1,120.6,107.0,0.8,5
1926,0022400523,2025-01-09,2024-25,Regular Season,92,97,26,12,UTA,MIA,116.1,114.8,113.03,101.0,0.4656,0.3903,1.0,0.4,117.67,,109.3,110.37,112.65,97.2,0.4701,0.357,1.0,0.5,108.17,,3.8,2,2,0,0,0,124.33333333333333,111.66666666666667,0.6666666666666666,3
1923,0022400521,2025-01-09,2024-25,Regular Season,117,111,6,21,DAL,POR,110.7,112.07,110.43,98.9,0.4638,0.3741,1.0,0.4,116.8,,112.4,114.12,118.72,98.55,0.4869,0.3468,1.0,0.5,107.83,,0.35,2,1,1,0,1,130.28571428571428,113.85714285714286,0.8571428571428571,7
1924,0022400519,2025-01-09,2024-25,Regular Season,89,104,17,14,ORL,MIN,100.0,104.92,107.13,95.5,0.4377,0.3127,1.0,0.4,99.29,,107.4,111.69,115.22,96.25,0.4541,0.3954,1.0,0.4,106.0,,0.75,4,2,2,0,0,100.0,109.5,0.5,2
1925,0022400518,2025-01-09,2024-25,Regular Season,104,107,29,8,DET,GSW,115.7,115.7,111.53,100.15,0.4794,0.3659,1.0,0.8,111.8,,108.4,110.59,112.63,98.35,0.4471,0.3507,1.0,0.4,102.5,,1.8,3,13,-10,0,0,109.0,113.0,0.0,1
1918,0022400527,2025-01-10,2024-25,Regular Season,115,123,19,4,PHI,NOP,111.0,113.3,114.4,97.95,0.4546,0.3688,1.0,0.6,106.33,,111.7,110.52,116.08,99.91,0.4494,0.344,1.0,0.2,109.0,,1.96,2,5,-3,0,0,104.5,113.5,0.0,2
1915,0022400525,2025-01-10,2024-25,Regular Season,108,96,18,8,IND,GSW,118.3,119.58,114.13,99.1,0.4969,0.3695,1.0,0.7,120.25,,107.8,109.97,112.84,98.3,0.4472,0.3452,1.0,0.4,99.5,,0.8,2,1,1,0,1,114.33333333333333,115.66666666666667,0.6666666666666666,3
1919,0022400531,2025-01-10,2024-25,Regular Season,124,105,7,15,DEN,BKN,122.1,121.46,114.75,99.52,0.5046,0.3894,1.0,0.6,123.86,,100.5,104.23,113.95,96.9,0.4232,0.3286,1.0,0.3,106.6,,2.62,2,8,-6,0,0,130.0,119.0,1.0,3
1916,0022400526,2025-01-10,2024-25,Regular Season,106,109,17,13,ORL,MIL,99.0,104.07,107.49,95.2,0.4307,0.3063,1.0,0.4,97.86,,112.2,109.63,106.3,102.1,0.4667,0.3864,1.0,0.5,114.4,,6.9,1,4,-3,1,0,108.75,109.25,0.25,4
1917,0022400528,2025-01-10,2024-25,Regular Season,97,114,2,22,BOS,SAC,115.9,120.96,108.0,96.1,0.4757,0.3614,1.0,0.6,123.75,,114.2,112.0,111.57,100.2,0.4572,0.3433,1.0,0.5,125.5,,4.1,10,5,5,0,0,122.5,109.5,1.0,2
1914,0022400530,2025-01-10,2024-25,Regular Season,138,105,5,28,CHI,WAS,114.3,109.93,114.31,103.18,0.4547,0.363,1.0,0.5,111.6,,111.5,108.72,116.95,101.54,0.4574,0.3714,1.0,0.2,107.25,,1.64,4,2,2,0,0,119.0,113.0,0.6,5
1920,0022400529,2025-01-10,2024-25,Regular Season,101,126,16,24,NYK,OKC,118.4,117.44,111.66,99.34,0.5008,0.3135,1.0,0.7,116.2,,115.6,114.82,103.96,100.65,0.4806,0.3603,1.0,0.9,113.0,,1.31,2,2,0,0,0,113.0,119.66666666666667,0.0,3
1911,0022400536,2025-01-11,2024-25,Regular Season,98,119,21,12,POR,MIA,110.9,112.85,118.13,98.4,0.4824,0.3564,1.0,0.4,117.0,,107.6,109.18,109.91,96.85,0.4617,0.3569,1.0,0.6,105.33,,1.55,12,2,10,0,0,89.0,124.0,0.0,2
1913,0022400534,2025-01-11,2024-25,Regular Season,123,114,29,25,DET,TOR,114.2,115.61,111.21,98.8,0.4809,0.3741,1.0,0.8,108.8,,109.4,107.94,124.46,101.25,0.4824,0.3595,1.0,0.1,109.2,,2.45,2,2,0,0,0,111.2,113.6,0.8,5
1912,0022400535,2025-01-11,2024-25,Regular Season,125,127,14,27,MIN,MEM,107.5,112.37,113.14,95.8,0.4522,0.3939,1.0,0.5,111.67,,122.8,114.59,112.78,106.75,0.4671,0.3699,1.0,0.5,121.5,,10.95,5,7,-2,0,0,118.5,101.0,1.0,4
1910,0022400533,2025-01-11,2024-25,Regular Season,114,106,20,26,PHX,UTA,107.5,110.42,115.7,97.4,0.4701,0.3599,1.0,0.3,111.8,,112.7,112.93,112.21,99.65,0.4584,0.3709,1.0,0.3,113.67,,2.25,2,6,-4,0,0,130.8,123.6,1.0,5
1906,0022400543,2025-01-12,2024-25,Regular Season,93,108,3,18,CLE,IND,126.8,125.25,111.71,101.2,0.5075,0.4167,1.0,1.0,125.0,,116.9,118.02,114.24,99.15,0.4912,0.3592,1.0,0.7,116.0,,2.05,3,6,-3,0,0,118.5,111.5,1.0,2
1902,0022400539,2025-01-12,2024-25,Regular Season,140,106,16,13,NYK,MIL,114.6,114.1,112.22,98.99,0.48,0.2805,1.0,0.6,108.6,,113.0,111.34,105.53,101.2,0.4714,0.3854,1.0,0.6,116.0,,2.21,2,2,0,0,0,120.0,120.2,0.6,5
1909,0022400546,2025-01-12,2024-25,Regular Season,112,111,26,15,UTA,BKN,112.8,113.81,115.03,98.95,0.4545,0.3582,1.0,0.2,111.25,,101.6,105.21,115.83,96.95,0.425,0.3422,1.0,0.3,106.33,,2.0,3,2,1,0,0,114.66666666666667,116.33333333333333,0.6666666666666666,3
1908,0022400542,2025-01-12,2024-25,Regular Season,120,119,2,4,BOS,NOP,113.3,118.7,109.79,95.85,0.4682,0.3549,1.0,0.5,118.4,,114.7,113.18,116.75,100.31,0.4568,0.3537,1.0,0.3,113.67,,4.46,2,2,0,0,0,111.0,102.0,1.0,2
1905,0022400544,2025-01-12,2024-25,Regular Season,104,99,17,19,ORL,PHI,97.5,102.89,107.44,94.85,0.4243,0.3116,1.0,0.3,95.71,,112.6,114.82,113.82,98.1,0.4608,0.3732,1.0,0.6,115.33,,3.25,2,8,-6,0,0,102.0,108.5,0.3333333333333333,6
1904,0022400541,2025-01-12,2024-25,Regular Season,119,124,5,22,CHI,SAC,116.4,111.13,113.29,103.88,0.4658,0.3734,1.0,0.5,116.0,,115.6,113.88,110.61,99.65,0.4552,0.3437,1.0,0.6,121.67,,4.23,2,2,0,0,0,114.0,116.0,0.5,2
1903,0022400545,2025-01-12,2024-25,Regular Season,95,136,28,24,WAS,OKC,111.9,108.72,119.0,101.94,0.4528,0.3676,1.0,0.2,114.33,,117.8,116.45,103.86,101.15,0.4892,0.371,1.0,0.9,118.5,,0.79,5,2,3,0,0,113.0,135.33333333333334,0.0,3
1901,0022400547,2025-01-12,2024-25,Regular Season,120,113,20,30,PHX,CHA,106.4,110.3,113.94,96.6,0.4636,0.3467,1.0,0.4,109.6,,104.7,103.89,110.65,99.93,0.4224,0.2999,1.0,0.1,104.2,,3.33,1,7,-6,1,0,114.66666666666667,110.0,0.6666666666666666,3
1907,0022400540,2025-01-12,2024-25,Regular Season,101,112,6,7,DAL,DEN,111.1,112.12,111.76,99.1,0.4638,0.3674,1.0,0.4,117.6,,122.8,121.29,115.47,100.27,0.5052,0.3879,1.0,0.6,118.0,,1.17,3,8,-5,0,0,113.5,119.25,0.5,4
1897,0022400551,2025-01-13,2024-25,Regular Season,120,118,9,27,HOU,MEM,113.7,115.98,111.25,98.05,0.4491,0.3326,1.0,0.8,105.4,,122.7,115.4,114.85,105.95,0.46,0.365,1.0,0.5,121.33,,7.9,8,2,6,0,0,115.16666666666667,105.83333333333333,0.8333333333333334,6
1896,0022400552,2025-01-13,2024-25,Regular Season,102,126,11,23,LAL,SAS,113.2,115.94,114.97,97.6,0.4803,0.378,1.0,0.6,117.8,,110.1,110.46,107.79,98.62,0.4463,0.3272,1.0,0.4,107.71,,1.02,10,5,5,0,0,119.8,116.4,0.8,5
1900,0022400550,2025-01-13,2024-25,Regular Season,104,101,25,8,TOR,GSW,109.8,109.06,125.9,100.65,0.4802,0.3621,1.0,0.1,109.5,,106.9,109.16,112.76,98.15,0.4457,0.3399,1.0,0.4,98.33,,2.5,7,3,4,0,0,119.0,119.0,0.5,2
1899,0022400549,2025-01-13,2024-25,Regular Season,119,124,16,29,NYK,DET,116.9,116.04,111.05,99.29,0.493,0.2911,1.0,0.6,113.2,,113.2,114.87,110.36,98.6,0.4782,0.383,1.0,0.8,116.25,,0.69,1,5,-4,1,0,118.8,108.0,0.8,5
1898,0022400553,2025-01-13,2024-25,Regular Season,109,98,10,12,LAC,MIA,107.1,107.11,110.56,99.8,0.4543,0.3296,1.0,0.5,116.5,,108.5,109.87,109.9,97.1,0.4602,0.3586,1.0,0.6,107.29,,2.7,9,2,7,0,0,112.0,99.5,1.0,2
1895,0022400548,2025-01-13,2024-25,Regular Season,106,120,28,14,WAS,MIN,110.9,107.77,120.23,101.94,0.4469,0.35,1.0,0.2,111.57,,109.6,114.42,114.12,95.8,0.4659,0.4018,1.0,0.5,106.0,,6.14,1,4,-3,1,0,114.0,124.0,0.0,2
1894,0022400557,2025-01-14,2024-25,Regular Season,113,119,5,4,CHI,NOP,118.5,113.19,113.51,103.83,0.4742,0.3879,1.0,0.5,119.5,,113.7,114.3,117.63,99.5,0.457,0.3696,1.0,0.3,115.0,,4.33,2,2,0,0,0,116.33333333333333,115.66666666666667,0.6666666666666666,3
1890,0022400555,2025-01-14,2024-25,Regular Season,102,118,19,24,PHI,OKC,111.4,114.59,114.62,97.2,0.4647,0.3782,1.0,0.5,107.67,,119.1,117.68,102.91,101.15,0.4923,0.3818,1.0,0.9,122.0,,3.95,4,2,2,0,0,118.0,114.0,1.0,2
1893,0022400556,2025-01-14,2024-25,Regular Season,122,117,1,20,ATL,PHX,119.2,114.45,116.71,104.25,0.4795,0.3801,1.0,0.5,122.5,,109.4,112.61,112.9,97.2,0.4721,0.3488,1.0,0.5,106.5,,7.05,17,7,10,0,0,119.66666666666667,123.66666666666667,0.3333333333333333,3
1889,0022400554,2025-01-14,2024-25,Regular Season,117,127,18,3,IND,CLE,116.6,117.83,113.02,99.1,0.489,0.3592,1.0,0.7,117.8,,123.7,122.93,113.09,100.5,0.4968,0.4009,1.0,0.9,129.5,,1.4,4,11,-7,0,0,110.33333333333333,110.0,0.3333333333333333,3
1891,0022400560,2025-01-14,2024-25,Regular Season,114,132,21,15,POR,BKN,111.3,113.36,118.77,98.3,0.4807,0.3574,1.0,0.4,112.25,,103.2,105.77,115.12,96.87,0.4281,0.329,1.0,0.3,109.0,,1.43,3,2,1,0,0,119.5,115.0,1.0,2
1888,0022400558,2025-01-14,2024-25,Regular Season,130,115,13,22,MIL,SAC,112.4,110.96,109.53,101.05,0.4722,0.3731,1.0,0.5,109.5,,118.1,115.95,111.77,100.05,0.4614,0.35,1.0,0.7,122.25,,1.0,6,2,4,0,0,118.5,135.5,0.5,2
1892,0022400559,2025-01-14,2024-25,Regular Season,99,118,6,7,DAL,DEN,108.0,109.7,112.51,98.65,0.4517,0.3694,1.0,0.3,111.4,,124.0,122.09,114.16,100.62,0.5079,0.3822,1.0,0.7,122.0,,1.97,2,2,0,0,0,111.0,117.8,0.4,5
1882,0022400570,2025-01-15,2024-25,Regular Season,117,108,11,12,LAL,MIA,112.1,115.81,118.58,96.7,0.4847,0.3734,1.0,0.5,115.17,,109.4,110.4,111.73,97.45,0.4582,0.3413,1.0,0.5,108.57,,0.75,2,2,0,0,0,94.5,122.0,0.0,2
1881,0022400571,2025-01-15,2024-25,Regular Season,126,67,10,15,LAC,BKN,106.2,105.97,110.67,100.0,0.4509,0.3233,1.0,0.5,114.0,,105.3,107.63,116.14,96.92,0.4349,0.3332,1.0,0.3,112.5,,3.08,2,1,1,0,1,125.0,114.0,1.0,1
1880,0022400562,2025-01-15,2024-25,Regular Season,110,97,25,2,TOR,BOS,107.7,108.33,123.4,99.5,0.4734,0.3642,1.0,0.2,108.4,,114.9,120.58,111.28,95.5,0.4678,0.3602,1.0,0.6,109.25,,4.0,2,8,-6,0,0,102.6,116.8,0.0,5
1877,0022400566,2025-01-15,2024-25,Regular Season,119,116,4,6,NOP,DAL,114.5,115.42,116.4,99.25,0.4574,0.3652,1.0,0.4,113.2,,108.0,108.72,113.14,99.4,0.4525,0.3603,1.0,0.3,104.6,,0.15,7,9,-2,0,0,115.0,118.75,0.5,4
1879,0022400565,2025-01-15,2024-25,Regular Season,115,116,14,8,MIN,GSW,111.1,115.01,113.84,96.65,0.4688,0.3958,1.0,0.5,115.0,,105.7,108.01,111.71,98.05,0.4394,0.3347,1.0,0.4,99.0,,1.4,4,2,2,0,0,107.5,106.75,0.5,4
1878,0022400568,2025-01-15,2024-25,Regular Season,108,128,7,9,DEN,HOU,122.3,121.15,110.0,100.02,0.5033,0.3786,1.0,0.8,123.17,,114.3,117.24,112.77,97.4,0.4548,0.3592,1.0,0.8,124.0,,2.62,5,6,-1,0,0,108.66666666666667,114.33333333333333,0.3333333333333333,3
1887,0022400563,2025-01-15,2024-25,Regular Season,94,110,5,1,CHI,ATL,120.7,115.26,114.43,103.78,0.4783,0.3997,1.0,0.5,123.17,,120.2,116.11,116.54,103.5,0.4746,0.3848,1.0,0.6,117.0,,0.28,1,6,-5,1,0,124.83333333333333,121.33333333333333,0.6666666666666666,6
1886,0022400564,2025-01-15,2024-25,Regular Season,122,93,13,17,MIL,ORL,114.2,112.85,112.02,100.95,0.4757,0.369,1.0,0.5,113.6,,97.1,103.9,108.2,93.6,0.4285,0.2955,1.0,0.3,101.67,,7.35,1,9,-8,1,0,109.2,108.2,0.8,5
1885,0022400569,2025-01-15,2024-25,Regular Season,112,117,26,30,UTA,CHA,112.7,113.15,113.17,98.47,0.4576,0.3536,1.0,0.3,111.4,,105.2,104.71,110.67,99.73,0.4164,0.3058,1.0,0.1,105.67,,1.26,3,3,0,0,0,120.5,118.5,0.5,2
1884,0022400567,2025-01-15,2024-25,Regular Season,115,129,23,27,SAS,MEM,111.3,111.96,108.83,98.42,0.4523,0.3365,1.0,0.4,116.5,,123.5,116.92,116.32,105.2,0.4752,0.3707,1.0,0.5,120.86,,6.78,11,2,9,0,0,101.25,103.0,0.25,4
1883,0022400561,2025-01-15,2024-25,Regular Season,119,125,19,16,PHI,NYK,109.8,112.6,114.91,97.4,0.4621,0.3652,1.0,0.4,106.25,,118.0,116.57,114.5,99.79,0.4897,0.3049,1.0,0.5,123.75,,2.39,1,11,-10,1,0,99.45454545454545,107.0909090909091,0.2727272727272727,11
1872,0022400574,2025-01-16,2024-25,Regular Season,134,114,24,3,OKC,CLE,118.9,117.72,101.81,101.0,0.5016,0.38,1.0,0.9,116.2,,123.8,122.25,114.46,101.0,0.4918,0.3838,1.0,0.9,129.0,,0.0,11,2,9,0,0,122.0,129.0,0.0,1
1873,0022400572,2025-01-16,2024-25,Regular Season,100,111,29,18,DET,IND,113.9,115.33,110.74,98.75,0.4771,0.3904,1.0,0.8,111.17,,116.9,118.01,113.47,99.25,0.4902,0.3632,1.0,0.7,115.4,,0.5,5,4,1,0,0,115.5,123.16666666666667,0.16666666666666666,6
1875,0022400573,2025-01-16,2024-25,Regular Season,123,130,28,20,WAS,PHX,110.2,107.71,121.63,101.44,0.448,0.3607,1.0,0.1,110.57,,110.1,112.25,113.99,98.15,0.4767,0.3553,1.0,0.4,108.6,,3.29,3,2,1,0,0,110.0,126.0,0.0,2
1874,0022400576,2025-01-16,2024-25,Regular Season,132,127,22,9,SAC,HOU,120.1,117.66,112.06,100.4,0.4691,0.3589,1.0,0.7,119.4,,115.7,119.37,113.95,96.95,0.4635,0.3729,1.0,0.8,127.5,,3.45,10,1,9,0,1,112.0,111.5,0.5,2
1876,0022400575,2025-01-16,2024-25,Regular Season,89,118,21,10,POR,LAC,111.9,114.08,118.9,98.2,0.4798,0.3745,1.0,0.4,112.6,,109.1,108.96,105.76,100.05,0.4633,0.3338,1.0,0.6,103.83,,1.85,2,8,-6,0,0,111.6,121.0,0.2,5
1869,0022400582,2025-01-17,2024-25,Regular Season,112,140,23,27,SAS,MEM,112.2,112.63,110.24,98.67,0.4515,0.3404,1.0,0.4,116.0,,120.9,115.6,116.34,104.25,0.4715,0.3728,1.0,0.5,121.88,,5.58,2,2,0,0,0,104.0,108.2,0.2,5
1870,0022400585,2025-01-17,2024-25,Regular Season,102,101,11,15,LAL,BKN,113.5,117.62,119.74,96.45,0.4887,0.3859,1.0,0.5,115.43,,103.3,105.26,119.02,97.17,0.4261,0.3218,1.0,0.3,106.0,,0.72,2,2,0,0,0,114.0,117.0,0.5,2
1863,0022400581,2025-01-17,2024-25,Regular Season,136,123,4,26,NOP,UTA,114.0,115.59,115.66,98.6,0.4569,0.3696,1.0,0.5,112.2,,111.9,112.12,112.43,98.67,0.4561,0.3408,1.0,0.3,112.5,,0.07,2,6,-4,0,0,119.25,112.0,0.5,4
1864,0022400583,2025-01-17,2024-25,Regular Season,106,98,6,24,DAL,OKC,109.8,109.33,115.12,100.45,0.4565,0.3593,1.0,0.2,111.4,,121.7,119.88,102.97,101.65,0.5044,0.3877,1.0,0.9,125.5,,1.2,3,3,0,0,0,111.0,114.25,0.5,12
1865,0022400579,2025-01-17,2024-25,Regular Season,113,133,12,7,MIA,DEN,109.2,110.77,111.81,97.05,0.4672,0.354,1.0,0.5,111.33,,119.7,119.37,111.9,99.22,0.5005,0.3788,1.0,0.7,121.0,,2.17,13,3,10,0,0,102.33333333333333,112.66666666666667,0.0,3
1866,0022400577,2025-01-17,2024-25,Regular Season,121,94,2,17,BOS,ORL,113.2,119.15,110.69,95.25,0.4621,0.3542,1.0,0.6,119.6,,97.6,103.69,110.55,94.45,0.419,0.3044,1.0,0.3,99.5,,0.8,5,2,3,0,0,110.5,107.25,0.5,4
1867,0022400580,2025-01-17,2024-25,Regular Season,130,112,13,25,MIL,TOR,115.9,113.97,109.67,101.5,0.4888,0.3878,1.0,0.6,117.0,,106.1,108.88,120.0,97.6,0.4786,0.364,1.0,0.3,102.25,,3.9,2,6,-4,0,0,116.5,104.5,0.75,4
1868,0022400584,2025-01-17,2024-25,Regular Season,123,125,5,30,CHI,CHA,116.8,111.46,111.71,103.73,0.4685,0.3707,1.0,0.5,119.0,,105.5,105.0,109.58,99.73,0.4287,0.318,1.0,0.2,106.17,,4.0,2,2,0,0,0,112.5,102.66666666666667,1.0,6
1871,0022400578,2025-01-17,2024-25,Regular Season,99,116,16,14,NYK,MIN,116.9,117.29,114.98,98.43,0.4906,0.3231,1.0,0.5,114.17,,111.3,115.9,114.68,96.25,0.4624,0.3929,1.0,0.6,107.6,,2.18,4,4,0,0,0,115.0,110.0,0.6666666666666666,3
1859,0022400587,2025-01-18,2024-25,Regular Season,115,119,2,1,BOS,ATL,111.1,118.1,110.2,94.55,0.4635,0.359,1.0,0.6,115.4,,119.5,115.22,115.21,103.8,0.4622,0.365,1.0,0.6,116.0,,9.25,1,3,-2,1,0,119.5,112.16666666666667,0.5,6
1862,0022400590,2025-01-18,2024-25,Regular Season,117,124,14,3,MIN,CLE,111.7,116.96,114.22,95.7,0.4726,0.4229,1.0,0.6,115.75,,122.8,120.37,115.69,101.75,0.4912,0.3713,1.0,0.8,126.5,,6.05,3,2,1,0,0,104.0,102.0,0.5,2
1861,0022400586,2025-01-18,2024-25,Regular Season,121,125,29,20,DET,PHX,112.5,113.73,110.32,98.95,0.4749,0.3768,1.0,0.7,109.57,,114.2,115.06,114.94,99.45,0.4899,0.3667,1.0,0.5,112.17,,0.5,2,2,0,0,0,116.5,120.5,0.5,2
1857,0022400589,2025-01-18,2024-25,Regular Season,122,114,8,28,GSW,WAS,108.1,111.28,114.08,97.35,0.4514,0.3663,1.0,0.4,110.17,,109.3,107.52,121.97,101.8,0.4465,0.3477,1.0,0.1,109.33,,4.45,11,8,3,0,0,125.66666666666667,114.0,1.0,3
1860,0022400591,2025-01-18,2024-25,Regular Season,103,125,21,9,POR,HOU,108.6,110.84,118.58,98.2,0.4666,0.3615,1.0,0.3,106.0,,115.6,119.16,115.86,97.05,0.4688,0.371,1.0,0.7,127.25,,1.15,2,2,0,0,0,105.83333333333333,115.66666666666667,0.3333333333333333,6
1858,0022400588,2025-01-18,2024-25,Regular Season,115,102,18,19,IND,PHI,117.5,118.07,108.78,99.7,0.4945,0.3783,1.0,0.8,118.4,,110.3,113.24,116.34,96.43,0.4687,0.3662,1.0,0.3,111.8,,3.27,4,6,-2,0,0,123.0,115.66666666666667,0.6666666666666666,3
1852,0022400598,2025-01-19,2024-25,Regular Season,123,100,22,28,SAC,WAS,122.0,119.05,112.76,100.85,0.4715,0.3654,1.0,0.8,123.2,,110.1,108.67,121.94,101.5,0.4483,0.3687,1.0,0.1,110.5,,0.65,3,1,2,0,1,122.5,120.0,0.5,2
1853,0022400592,2025-01-19,2024-25,Regular Season,128,107,12,23,MIA,SAS,110.1,111.13,114.82,97.45,0.4727,0.351,1.0,0.4,111.75,,112.0,111.84,112.04,99.12,0.4485,0.3344,1.0,0.4,110.0,,1.67,2,6,-4,0,0,116.0,104.0,1.0,1
1851,0022400593,2025-01-19,2024-25,Regular Season,100,113,17,7,ORL,DEN,98.5,105.07,112.62,94.0,0.4237,0.2897,1.0,0.3,98.6,,119.8,119.73,110.99,99.17,0.5043,0.3973,1.0,0.7,121.25,,5.17,7,2,5,0,0,123.0,119.5,1.0,2
1850,0022400596,2025-01-19,2024-25,Regular Season,116,102,10,11,LAC,LAL,109.5,110.11,104.56,99.25,0.4759,0.344,1.0,0.6,117.0,,112.3,117.31,118.9,95.7,0.4809,0.3745,1.0,0.6,109.0,,3.55,4,12,-8,0,0,114.0,112.66666666666667,0.3333333333333333,3
1856,0022400594,2025-01-19,2024-25,Regular Season,123,109,13,19,MIL,PHI,117.8,116.06,109.39,101.35,0.5005,0.3964,1.0,0.7,119.17,,108.0,110.87,117.7,96.38,0.4541,0.3498,1.0,0.2,107.2,,4.97,2,1,1,0,1,119.0,104.0,1.0,3
1855,0022400597,2025-01-19,2024-25,Regular Season,113,102,21,5,POR,CHI,106.3,108.61,118.75,98.25,0.4619,0.3525,1.0,0.2,101.4,,117.5,112.03,113.18,103.73,0.4716,0.3668,1.0,0.4,111.67,,5.48,1,11,-10,1,0,101.5,107.0,0.0,2
1854,0022400595,2025-01-19,2024-25,Regular Season,127,101,24,15,OKC,BKN,118.5,117.83,104.22,100.55,0.4924,0.3994,1.0,0.8,117.0,,103.3,104.75,118.64,97.52,0.4274,0.3232,1.0,0.2,106.0,,3.03,3,2,1,0,0,119.5,116.0,0.5,2
1849,0022400599,2025-01-20,2024-25,Regular Season,110,105,30,6,CHA,DAL,108.2,106.48,109.78,100.83,0.4325,0.3239,1.0,0.3,104.5,,108.2,108.76,113.1,99.65,0.4575,0.3588,1.0,0.3,104.75,,1.18,13,5,8,0,0,104.0,130.0,0.0,1
1842,0022400604,2025-01-20,2024-25,Regular Season,85,125,8,2,GSW,BOS,109.4,112.36,115.01,97.45,0.4565,0.3737,1.0,0.4,112.33,,111.2,116.92,108.7,94.62,0.4558,0.3582,1.0,0.6,106.8,,2.83,2,5,-3,0,0,112.66666666666667,126.0,0.6666666666666666,3
1848,0022400605,2025-01-20,2024-25,Regular Season,123,119,4,26,NOP,UTA,116.3,117.14,115.64,99.2,0.4527,0.365,1.0,0.6,116.8,,113.1,112.73,113.88,99.22,0.4578,0.3417,1.0,0.3,114.6,,0.02,3,3,0,0,0,122.6,114.2,0.6,5
1846,0022400601,2025-01-20,2024-25,Regular Season,108,106,27,14,MEM,MIN,121.7,117.46,116.05,103.4,0.481,0.3745,1.0,0.5,117.0,,112.9,118.62,115.95,95.25,0.471,0.4229,1.0,0.6,109.8,,8.15,11,3,8,0,0,106.2,119.8,0.2,5
1845,0022400611,2025-01-20,2024-25,Regular Season,99,112,10,5,LAC,CHI,110.9,111.78,105.82,99.05,0.4754,0.3494,1.0,0.6,120.5,,116.2,111.85,115.01,103.55,0.4785,0.3644,1.0,0.3,107.33,,4.5,1,1,0,1,1,119.0,106.5,1.0,2
1843,0022400602,2025-01-20,2024-25,Regular Season,119,110,16,1,NYK,ATL,114.2,115.82,116.99,97.48,0.4836,0.3302,1.0,0.4,112.0,,117.3,112.84,112.99,103.17,0.4578,0.3515,1.0,0.6,116.38,,5.69,3,2,1,0,0,108.0,114.75,0.25,4
1847,0022400600,2025-01-20,2024-25,Regular Season,96,107,9,29,HOU,DET,116.9,119.15,113.97,98.0,0.4643,0.3829,1.0,0.7,107.0,,112.5,113.85,109.55,98.85,0.4733,0.3733,1.0,0.7,118.5,,0.85,7,7,0,0,0,116.33333333333333,107.33333333333333,1.0,3
1844,0022400603,2025-01-20,2024-25,Regular Season,118,92,3,20,CLE,PHX,120.3,119.23,114.89,100.85,0.4806,0.3588,1.0,0.8,117.25,,116.2,116.74,115.68,99.8,0.4975,0.369,1.0,0.6,115.5,,1.05,8,2,6,0,0,106.0,119.5,0.0,2
1837,0022400606,2025-01-21,2024-25,Regular Season,95,99,15,16,BKN,NYK,102.1,103.41,118.33,97.57,0.4216,0.3214,1.0,0.2,97.0,,114.2,116.06,118.01,97.23,0.4805,0.3257,1.0,0.4,119.33,,0.34,13,6,7,0,0,105.16666666666667,113.83333333333333,0.0,6
1838,0022400610,2025-01-21,2024-25,Regular Season,111,88,11,28,LAL,WAS,111.0,115.94,119.09,95.75,0.4858,0.3721,1.0,0.5,113.71,,107.6,106.46,123.33,101.5,0.4348,0.3453,1.0,0.0,108.4,,5.75,4,2,2,0,0,129.5,125.5,1.0,2
1839,0022400608,2025-01-21,2024-25,Regular Season,109,93,25,17,TOR,ORL,106.6,110.15,120.51,96.75,0.4812,0.3583,1.0,0.3,109.0,,98.3,103.68,112.66,95.0,0.4164,0.2857,1.0,0.3,98.4,,1.75,6,4,2,0,0,100.75,114.0,0.0,4
1840,0022400609,2025-01-21,2024-25,Regular Season,144,109,7,19,DEN,PHI,117.2,118.63,110.18,98.02,0.4998,0.3853,1.0,0.7,114.8,,108.2,111.3,118.85,96.23,0.4518,0.3479,1.0,0.2,107.6,,1.79,6,2,4,0,0,116.0,115.5,0.5,2
1841,0022400607,2025-01-21,2024-25,Regular Season,107,116,12,21,MIA,POR,111.0,111.27,114.15,98.0,0.4723,0.3643,1.0,0.4,114.0,,107.3,109.29,115.86,98.65,0.461,0.3593,1.0,0.3,111.2,,0.65,2,12,-10,0,0,122.33333333333333,92.0,1.0,3
1830,0022400615,2025-01-22,2024-25,Regular Season,109,108,9,3,HOU,CLE,116.5,118.33,113.73,98.45,0.4645,0.3786,1.0,0.7,106.2,,120.8,120.63,115.23,100.1,0.478,0.3618,1.0,0.8,124.2,,1.65,2,4,-2,0,0,123.5,119.0,0.5,2
1829,0022400614,2025-01-22,2024-25,Regular Season,114,115,6,14,DAL,MIN,108.7,109.76,113.76,99.1,0.4586,0.3389,1.0,0.3,110.5,,112.0,115.64,112.82,96.85,0.4597,0.4017,1.0,0.6,109.17,,2.25,5,2,3,0,0,108.0909090909091,110.27272727272727,0.5454545454545454,11
1832,0022400618,2025-01-22,2024-25,Regular Season,123,114,24,26,OKC,UTA,119.9,119.6,104.13,100.25,0.5004,0.4103,1.0,0.8,119.8,,112.9,111.16,111.69,99.41,0.4462,0.3314,1.0,0.3,115.33,,0.84,3,2,1,0,0,127.4,117.2,0.8,5
1831,0022400619,2025-01-22,2024-25,Regular Season,123,117,22,8,SAC,GSW,122.1,117.99,108.69,101.8,0.4689,0.3687,1.0,0.9,123.17,,108.4,112.26,117.27,96.5,0.458,0.3764,1.0,0.4,105.0,,5.3,3,7,-4,0,0,129.0,118.33333333333333,1.0,3
1834,0022400620,2025-01-22,2024-25,Regular Season,113,117,10,2,LAC,BOS,109.2,110.13,105.96,98.9,0.4671,0.3357,1.0,0.5,116.2,,111.2,116.92,110.33,94.52,0.4551,0.3487,1.0,0.6,109.83,,4.38,2,2,0,0,0,105.66666666666667,122.33333333333333,0.3333333333333333,3
1835,0022400612,2025-01-22,2024-25,Regular Season,104,114,1,29,ATL,DET,116.3,111.82,114.01,103.12,0.4537,0.3543,1.0,0.5,122.0,,112.7,113.73,109.35,99.1,0.4691,0.3689,1.0,0.7,114.67,,4.02,8,2,6,0,0,124.0,119.66666666666667,0.6666666666666666,3
1836,0022400613,2025-01-22,2024-25,Regular Season,84,108,15,20,BKN,PHX,100.3,102.0,117.64,97.17,0.4156,0.3206,1.0,0.1,96.5,,114.2,115.46,116.8,99.0,0.4986,0.3775,1.0,0.6,112.14,,1.83,1,2,-1,1,0,121.0,121.66666666666667,0.6666666666666666,3
1833,0022400616,2025-01-22,2024-25,Regular Season,132,120,27,30,MEM,CHA,121.9,118.14,114.18,102.95,0.4859,0.3682,1.0,0.6,114.0,,109.1,107.51,108.86,100.78,0.4317,0.3397,1.0,0.4,110.67,,2.17,2,5,-3,0,0,102.0,112.5,0.0,2
1821,0022400624,2025-01-23,2024-25,Regular Season,125,96,13,12,MIL,MIA,118.1,117.73,110.35,100.15,0.5035,0.3978,1.0,0.7,119.71,,110.2,110.56,112.9,97.95,0.4591,0.3553,1.0,0.4,109.0,,2.2,4,8,-4,0,0,111.33333333333333,116.66666666666667,0.6666666666666666,3
1825,0022400621,2025-01-23,2024-25,Regular Season,140,110,23,23,SAS,SAS,113.1,112.43,115.49,99.72,0.4526,0.329,1.0,0.3,115.0,,113.1,112.43,115.49,99.72,0.4526,0.329,1.0,0.3,111.83,,0.0,6,4,2,0,0,113.1,113.1,0.5,0
1820,0022400629,2025-01-23,2024-25,Regular Season,117,96,11,2,LAL,BOS,108.9,113.82,115.35,95.9,0.4739,0.3507,1.0,0.5,110.71,,111.1,114.03,107.62,95.61,0.4507,0.3481,1.0,0.6,109.67,,0.29,2,1,1,0,1,114.5,115.5,0.5,2
1824,0022400628,2025-01-23,2024-25,Regular Season,131,106,8,5,GSW,CHI,106.2,110.04,118.84,96.6,0.4438,0.3658,1.0,0.3,105.0,,116.7,113.52,113.85,102.35,0.4743,0.3672,1.0,0.4,109.0,,5.75,3,3,0,0,0,131.0,128.0,0.5,2
1828,0022400622,2025-01-23,2024-25,Regular Season,79,101,17,21,ORL,POR,98.0,103.88,113.8,94.45,0.4169,0.2918,1.0,0.3,98.2,,108.3,110.44,115.26,98.55,0.4604,0.3596,1.0,0.4,113.2,,4.1,4,2,2,0,0,104.0,103.0,1.0,1
1823,0022400623,2025-01-23,2024-25,Regular Season,119,122,1,25,ATL,TOR,113.1,109.09,114.75,102.97,0.4432,0.3301,1.0,0.4,113.0,,110.4,114.68,117.49,96.35,0.5032,0.3875,1.0,0.4,112.5,,6.62,1,6,-5,1,0,127.2,118.8,0.6,5
1826,0022400626,2025-01-23,2024-25,Regular Season,132,123,7,22,DEN,SAC,120.6,122.48,110.23,97.67,0.5177,0.3984,1.0,0.8,121.6,,123.4,119.49,110.8,101.5,0.4775,0.3741,1.0,0.9,120.5,,3.83,2,9,-7,0,0,113.6,117.0,0.4,5
1827,0022400983,2025-01-23,2024-25,Regular Season,110,93,10,28,LAC,WAS,111.9,112.01,104.47,98.74,0.4848,0.341,1.0,0.5,115.67,,104.4,103.29,121.72,101.3,0.417,0.3388,1.0,0.0,102.0,,2.56,1,2,-1,1,0,128.66666666666666,106.66666666666667,1.0,3
1822,0022400625,2025-01-23,2024-25,Regular Season,115,121,24,6,OKC,DAL,120.6,119.59,105.3,100.75,0.4967,0.4043,1.0,0.8,121.2,,110.2,111.26,114.16,99.15,0.4553,0.3272,1.0,0.3,108.33,,1.6,1,3,-2,1,0,113.0,110.61538461538461,0.46153846153846156,13
1818,0022400630,2025-01-24,2024-25,Regular Season,97,102,30,21,CHA,POR,110.1,108.57,110.89,100.63,0.4358,0.3347,1.0,0.4,106.75,,107.9,110.46,113.56,98.0,0.461,0.3556,1.0,0.4,112.4,,2.63,4,1,3,0,1,89.5,84.5,0.5,2
1817,0022400631,2025-01-24,2024-25,Regular Season,132,129,19,3,PHI,CLE,108.6,112.04,119.66,95.98,0.4556,0.3584,1.0,0.2,108.8,,119.4,119.68,115.7,99.65,0.4719,0.3544,1.0,0.7,121.4,,3.67,9,2,7,0,0,110.83333333333333,116.16666666666667,0.3333333333333333,6
1819,0022400632,2025-01-24,2024-25,Regular Season,139,126,27,4,MEM,NOP,123.4,119.79,115.05,102.8,0.4933,0.3788,1.0,0.6,118.5,,117.8,116.65,113.51,99.98,0.4473,0.3751,1.0,0.7,117.75,,2.82,2,10,-8,0,0,114.0,111.4,0.8,5
1807,0022400645,2025-01-25,2024-25,Regular Season,119,109,20,28,PHX,WAS,114.2,115.58,112.78,98.8,0.4976,0.3716,1.0,0.7,119.0,,103.9,102.33,121.08,101.85,0.4083,0.3359,1.0,0.0,100.5,,3.05,13,2,11,0,0,127.33333333333333,114.33333333333333,1.0,3
1805,0022400633,2025-01-25,2024-25,Regular Season,98,136,23,23,SAS,SAS,116.1,114.55,114.42,100.47,0.4693,0.3508,1.0,0.4,120.0,,116.1,114.55,114.42,100.47,0.4693,0.3508,1.0,0.4,112.2,,0.0,2,2,0,0,0,125.0,125.0,0.5,2
1803,0022400642,2025-01-25,2024-25,Regular Season,97,109,5,19,CHI,PHI,113.4,111.23,115.17,101.6,0.4591,0.3531,1.0,0.3,116.83,,109.5,113.64,123.48,95.48,0.455,0.3747,1.0,0.2,104.75,,6.12,8,4,4,0,0,102.5,103.5,0.5,4
1804,0022400636,2025-01-25,2024-25,Regular Season,97,106,15,12,BKN,MIA,99.3,101.89,117.41,96.12,0.4115,0.3059,1.0,0.1,94.0,,109.8,110.55,112.45,97.5,0.4523,0.3531,1.0,0.4,107.14,,1.38,3,2,1,0,0,104.25,106.25,0.25,4
1806,0022400634,2025-01-25,2024-25,Regular Season,133,104,14,7,MIN,DEN,113.0,116.65,112.32,96.85,0.4629,0.3996,1.0,0.7,116.25,,121.6,123.07,111.22,98.9,0.5227,0.4032,1.0,0.8,119.0,,2.05,7,6,1,0,0,106.18181818181819,102.54545454545455,0.5454545454545454,11
1808,0022400638,2025-01-25,2024-25,Regular Season,121,113,17,29,ORL,DET,95.3,100.5,113.42,95.0,0.4043,0.2726,1.0,0.2,95.0,,114.3,114.29,109.49,100.05,0.4772,0.3718,1.0,0.7,114.5,,5.05,2,3,-1,0,0,111.0,99.16666666666667,0.8333333333333334,6
1809,0022400639,2025-01-25,2024-25,Regular Season,94,117,1,25,ATL,TOR,113.0,109.41,113.84,102.47,0.4465,0.3304,1.0,0.4,115.0,,109.6,113.25,117.17,97.0,0.5021,0.3804,1.0,0.4,114.4,,5.47,2,2,0,0,0,125.83333333333333,119.33333333333333,0.5,6
1810,0022400641,2025-01-25,2024-25,Regular Season,143,120,16,22,NYK,SAC,113.4,115.78,116.31,96.73,0.4787,0.3262,1.0,0.5,112.0,,124.4,119.04,111.88,102.75,0.4726,0.3817,1.0,0.8,121.0,,6.02,5,2,3,0,0,109.0,100.0,1.0,2
1812,0022400640,2025-01-25,2024-25,Regular Season,131,135,3,9,CLE,HOU,118.9,119.57,117.17,99.3,0.4688,0.365,1.0,0.6,117.4,,116.4,118.58,115.08,98.1,0.4613,0.3907,1.0,0.7,126.8,,1.2,5,7,-2,0,0,115.33333333333333,118.66666666666667,0.3333333333333333,3
1813,0022400643,2025-01-25,2024-25,Regular Season,125,103,27,26,MEM,UTA,124.0,121.63,114.63,102.0,0.5004,0.3781,1.0,0.7,122.6,,114.0,112.03,111.74,99.66,0.4523,0.339,1.0,0.3,117.17,,2.34,1,3,-2,1,0,115.5,107.5,1.0,2
1814,0022400637,2025-01-25,2024-25,Regular Season,123,92,30,4,CHA,NOP,110.4,109.18,110.92,100.28,0.4371,0.3313,1.0,0.4,107.5,,117.2,116.43,115.67,99.73,0.4515,0.3724,1.0,0.6,119.4,,0.55,1,1,0,1,1,109.5,122.0,0.0,2
1815,0022400644,2025-01-25,2024-25,Regular Season,108,118,8,11,GSW,LAL,107.2,110.92,118.36,96.55,0.4365,0.3562,1.0,0.3,107.0,,109.6,115.27,113.36,95.3,0.4769,0.3679,1.0,0.6,104.67,,1.25,2,6,-4,0,0,129.4,122.2,0.6,5
1811,0022400635,2025-01-25,2024-25,Regular Season,107,122,6,2,DAL,BOS,110.1,111.39,112.55,98.95,0.465,0.3451,1.0,0.4,109.17,,109.8,111.85,110.18,96.26,0.4386,0.3335,1.0,0.5,107.5,,2.69,3,2,1,0,0,102.28571428571429,109.28571428571429,0.14285714285714285,7
1816,0022400646,2025-01-25,2024-25,Regular Season,127,117,10,13,LAC,MIL,113.1,112.69,101.57,99.29,0.4834,0.3408,1.0,0.6,114.86,,119.6,119.25,108.64,100.15,0.506,0.4131,1.0,0.8,114.33,,0.86,2,13,-11,0,0,111.5,118.5,0.0,2
1802,0022400647,2025-01-26,2024-25,Regular Season,108,118,21,24,POR,OKC,106.6,109.36,111.5,97.85,0.4482,0.3388,1.0,0.5,103.4,,120.4,119.16,106.46,100.95,0.4932,0.3929,1.0,0.7,120.0,,3.1,7,9,-2,0,0,101.66666666666667,126.33333333333333,0.0,6
1799,0022400651,2025-01-27,2024-25,Regular Season,96,110,15,22,BKN,SAC,99.1,101.37,116.21,96.47,0.4072,0.3106,1.0,0.1,93.5,,122.6,117.67,113.43,102.35,0.4715,0.3759,1.0,0.7,120.83,,5.88,2,2,0,0,0,101.0,113.66666666666667,0.3333333333333333,3
1800,0022400657,2025-01-27,2024-25,Regular Season,130,108,6,28,DAL,WAS,110.4,112.61,113.56,98.2,0.4685,0.3454,1.0,0.4,108.86,,103.6,102.03,119.6,101.8,0.4089,0.3423,1.0,0.0,101.71,,3.6,2,2,0,0,0,126.33333333333333,107.33333333333333,1.0,3
1793,0022400650,2025-01-27,2024-25,Regular Season,112,114,2,9,BOS,HOU,112.8,114.82,110.5,96.26,0.4448,0.3524,1.0,0.6,113.25,,121.3,122.47,115.79,99.25,0.4798,0.4093,1.0,0.8,128.17,,2.99,9,2,7,0,0,123.33333333333333,102.0,1.0,3
1791,0022400649,2025-01-27,2024-25,Regular Season,110,91,3,29,CLE,DET,120.5,121.17,120.34,99.25,0.4726,0.3737,1.0,0.5,120.6,,113.7,113.58,110.63,100.3,0.4753,0.3776,1.0,0.6,114.2,,1.05,2,2,0,0,0,113.8,104.6,1.0,5
1790,0022400653,2025-01-27,2024-25,Regular Season,143,106,16,27,NYK,MEM,115.1,117.75,114.85,96.43,0.4787,0.3467,1.0,0.6,115.88,,125.2,122.58,112.61,102.2,0.4993,0.3816,1.0,0.8,128.5,,5.77,2,10,-8,0,0,114.5,103.5,1.0,2
1801,0022400654,2025-01-27,2024-25,Regular Season,113,104,25,4,TOR,NOP,111.6,112.99,114.01,99.0,0.5013,0.3826,1.0,0.5,106.75,,115.4,114.32,118.07,99.93,0.4485,0.3615,1.0,0.5,115.8,,0.93,6,2,4,0,0,105.66666666666667,123.33333333333333,0.3333333333333333,3
1798,0022400648,2025-01-27,2024-25,Regular Season,107,112,30,11,CHA,LAL,111.9,112.01,109.85,100.05,0.4455,0.35,1.0,0.5,111.25,,110.0,115.68,113.68,95.25,0.4859,0.3675,1.0,0.6,108.0,,4.8,2,2,0,0,0,115.0,128.5,0.0,2
1792,0022400652,2025-01-27,2024-25,Regular Season,125,119,12,17,MIA,ORL,108.6,111.2,111.75,97.7,0.4544,0.3733,1.0,0.5,116.0,,98.2,102.77,113.9,95.45,0.4168,0.2883,1.0,0.3,95.75,,2.25,6,6,0,0,0,103.14285714285714,103.85714285714286,0.5714285714285714,7
1794,0022400658,2025-01-27,2024-25,Regular Season,110,125,26,13,UTA,MIL,110.7,109.15,114.28,99.46,0.4427,0.3232,1.0,0.2,109.25,,121.1,120.51,110.47,100.4,0.5096,0.4185,1.0,0.8,115.0,,0.94,12,2,10,0,0,118.33333333333333,115.66666666666667,0.6666666666666666,3
1795,0022400655,2025-01-27,2024-25,Regular Season,129,121,5,7,CHI,DEN,111.7,109.67,115.39,101.4,0.4584,0.3514,1.0,0.2,114.0,,121.4,122.4,112.23,99.3,0.5256,0.3987,1.0,0.8,116.0,,2.1,2,2,0,0,0,106.0,114.0,0.0,1
1797,0022400659,2025-01-27,2024-25,Regular Season,111,109,20,10,PHX,LAC,115.2,116.25,113.37,99.15,0.4914,0.3589,1.0,0.7,119.0,,112.7,113.32,103.38,98.49,0.4736,0.3371,1.0,0.6,109.0,,0.66,2,11,-9,0,0,115.0,119.0,0.5,6
1796,0022400656,2025-01-27,2024-25,Regular Season,100,92,14,1,MIN,ATL,115.5,118.83,111.77,97.15,0.4741,0.4053,1.0,0.7,122.5,,112.2,107.83,112.34,103.52,0.4448,0.3425,1.0,0.4,113.83,,6.37,2,7,-5,0,0,106.5,111.5,0.5,2
1786,0022400662,2025-01-28,2024-25,Regular Season,125,112,21,13,POR,MIL,105.5,107.93,113.18,98.05,0.4344,0.3477,1.0,0.4,104.17,,120.8,120.71,111.48,100.0,0.5128,0.4038,1.0,0.8,114.25,,1.95,2,1,1,0,1,108.66666666666667,108.66666666666667,0.6666666666666666,3
1787,0022400661,2025-01-28,2024-25,Regular Season,114,103,8,26,GSW,UTA,108.1,112.07,117.62,96.3,0.4369,0.3567,1.0,0.3,108.8,,111.2,109.55,117.43,99.61,0.4356,0.3221,1.0,0.1,113.0,,3.31,3,3,0,0,0,127.4,111.2,1.0,5
1788,0022400532,2025-01-28,2024-25,Regular Season,96,100,1,9,ATL,HOU,110.9,107.21,110.44,102.67,0.4411,0.3356,1.0,0.4,109.75,,120.8,121.8,115.2,99.4,0.4769,0.4158,1.0,0.8,126.14,,3.27,3,1,2,0,1,128.0,120.0,1.0,2
1789,0022400660,2025-01-28,2024-25,Regular Season,118,104,19,11,PHI,LAL,110.5,114.12,121.64,96.03,0.4616,0.3661,1.0,0.3,115.4,,109.3,115.33,114.63,94.9,0.4882,0.3456,1.0,0.6,108.8,,1.13,4,1,3,0,1,112.66666666666667,103.66666666666667,0.3333333333333333,3
1777,0022400672,2025-01-29,2024-25,Regular Season,113,121,20,14,PHX,MIN,115.9,117.63,113.33,98.6,0.4961,0.3815,1.0,0.8,117.4,,115.1,118.12,110.7,97.6,0.4709,0.4012,1.0,0.7,112.2,,1.0,2,7,-5,0,0,110.625,112.625,0.375,8
1776,0022400673,2025-01-29,2024-25,Regular Season,116,109,8,24,GSW,OKC,109.7,113.61,116.46,96.35,0.4352,0.3634,1.0,0.4,112.0,,121.7,121.0,108.35,100.65,0.4956,0.3841,1.0,0.7,119.67,,4.3,1,3,-2,1,0,119.2,123.4,0.2,5
1784,0022400671,2025-01-29,2024-25,Regular Season,116,128,23,10,SAS,LAC,113.7,111.84,118.97,100.82,0.4615,0.3627,1.0,0.3,115.2,,113.0,113.51,103.81,98.49,0.4814,0.3341,1.0,0.6,110.0,,2.33,4,2,2,0,0,106.75,108.0,0.25,4
1783,0022400666,2025-01-29,2024-25,Regular Season,122,100,2,5,BOS,CHI,112.2,114.31,111.35,96.21,0.4436,0.3566,1.0,0.5,113.0,,113.3,110.76,114.04,101.85,0.4572,0.3624,1.0,0.3,106.67,,5.64,2,6,-4,0,0,124.33333333333333,111.0,0.8333333333333334,6
1779,0022400664,2025-01-29,2024-25,Regular Season,133,119,18,29,IND,DET,117.3,117.83,107.87,99.6,0.4945,0.3678,1.0,0.8,119.0,,111.0,111.0,110.36,100.1,0.4691,0.3705,1.0,0.5,110.33,,0.5,11,2,9,0,0,121.42857142857143,113.28571428571429,0.8571428571428571,7
1781,0022400663,2025-01-29,2024-25,Regular Season,83,104,30,15,CHA,BKN,113.2,113.67,111.64,99.75,0.449,0.3589,1.0,0.5,110.4,,98.9,101.48,116.14,96.22,0.4054,0.3051,1.0,0.1,102.83,,3.53,2,10,-8,0,0,118.0,114.33333333333333,0.6666666666666666,3
1780,0022400667,2025-01-29,2024-25,Regular Season,106,126,12,3,MIA,CLE,109.7,110.46,112.17,97.38,0.4593,0.3699,1.0,0.5,118.25,,118.6,119.86,117.72,98.75,0.4644,0.3593,1.0,0.5,120.4,,1.37,2,5,-3,0,0,115.6,101.6,0.8,5
1782,0022400668,2025-01-29,2024-25,Regular Season,122,112,16,7,NYK,DEN,120.0,120.78,113.63,97.93,0.4862,0.3671,1.0,0.7,122.0,,120.9,121.09,113.78,100.1,0.5225,0.3723,1.0,0.7,116.83,,2.17,2,2,0,0,0,122.33333333333333,105.0,0.6666666666666666,3
1775,0022400669,2025-01-29,2024-25,Regular Season,117,104,19,22,PHI,SAC,111.4,114.07,120.84,96.83,0.4634,0.3644,1.0,0.3,117.2,,120.7,116.47,113.65,101.8,0.4747,0.3638,1.0,0.7,117.67,,4.97,1,2,-1,1,0,105.0,104.66666666666667,0.3333333333333333,3
1778,0022400670,2025-01-29,2024-25,Regular Season,136,137,4,6,NOP,DAL,116.1,114.32,118.32,100.58,0.4551,0.3536,1.0,0.5,119.5,,111.6,113.05,114.15,98.75,0.4695,0.3424,1.0,0.4,114.0,,1.83,9,6,3,0,0,115.8,118.2,0.6,5
1785,0022400665,2025-01-29,2024-25,Regular Season,82,106,28,25,WAS,TOR,104.1,101.74,121.02,102.45,0.4058,0.3287,1.0,0.0,108.0,,112.5,113.65,111.58,99.15,0.4992,0.3842,1.0,0.6,114.83,,3.3,13,4,9,0,0,112.0,123.66666666666667,0.3333333333333333,3
1774,0022400678,2025-01-30,2024-25,Regular Season,119,90,21,17,POR,ORL,106.9,109.49,112.67,98.0,0.4436,0.3462,1.0,0.5,107.14,,99.8,102.08,114.83,95.58,0.4127,0.2887,1.0,0.2,99.75,,2.42,2,3,-1,0,0,102.0,91.5,0.5,2
1770,0022400674,2025-01-30,2024-25,Regular Season,96,134,28,11,WAS,LAL,101.8,100.28,118.7,101.65,0.4049,0.3063,1.0,0.0,101.5,,108.2,113.23,113.63,95.65,0.4909,0.3315,1.0,0.6,106.6,,6.0,1,2,-1,1,0,113.0,123.33333333333333,0.0,3
1772,0022400675,2025-01-30,2024-25,Regular Season,137,115,3,1,CLE,ATL,118.0,119.38,115.77,98.65,0.4656,0.3503,1.0,0.5,113.0,,108.1,104.34,108.36,102.72,0.4335,0.3181,1.0,0.3,109.2,,4.07,3,3,0,0,0,116.16666666666667,113.83333333333333,0.5,6
1771,0022400677,2025-01-30,2024-25,Regular Season,113,138,26,14,UTA,MIN,109.4,108.41,116.9,99.11,0.4452,0.3133,1.0,0.1,106.5,,116.8,119.29,112.66,98.1,0.4869,0.4107,1.0,0.7,115.6,,1.01,3,1,2,0,1,98.0,111.33333333333333,0.0,3
1773,0022400676,2025-01-30,2024-25,Regular Season,120,119,27,9,MEM,HOU,123.9,121.24,116.16,102.3,0.4989,0.3848,1.0,0.7,123.8,,117.3,118.2,113.3,99.6,0.4722,0.3996,1.0,0.8,121.14,,2.7,5,2,3,0,0,107.57142857142857,115.85714285714286,0.14285714285714285,7
1766,0022400685,2025-01-31,2024-25,Regular Season,105,130,8,20,GSW,PHX,110.6,114.07,116.42,96.8,0.4385,0.365,1.0,0.4,112.67,,114.9,116.35,113.94,98.7,0.4891,0.3796,1.0,0.7,114.4,,1.9,2,9,-7,0,0,111.6,114.4,0.4,5
1765,0022400684,2025-01-31,2024-25,Regular Season,144,118,23,13,SAS,MIL,114.0,112.14,120.64,100.87,0.4633,0.3599,1.0,0.2,115.33,,119.9,120.04,113.76,99.8,0.5156,0.39,1.0,0.7,113.8,,1.07,2,3,-1,0,0,115.0,126.0,0.0,3
1763,0022400679,2025-01-31,2024-25,Regular Season,104,112,30,10,CHA,LAC,111.0,112.28,111.57,98.85,0.4409,0.3518,1.0,0.5,105.83,,115.5,115.67,102.68,98.69,0.4966,0.3552,1.0,0.7,118.33,,0.16,2,2,0,0,0,111.0,121.5,0.0,2
1764,0022400680,2025-01-31,2024-25,Regular Season,117,102,29,6,DET,DAL,111.6,111.01,113.19,100.65,0.4662,0.3653,1.0,0.4,112.0,,113.6,114.28,116.02,99.3,0.4782,0.3556,1.0,0.3,119.75,,1.35,13,2,11,0,0,115.5,115.5,0.5,2
1768,0022400681,2025-01-31,2024-25,Regular Season,134,137,19,7,PHI,DEN,111.6,114.66,119.24,96.53,0.4696,0.369,1.0,0.4,117.6,,119.7,120.12,115.81,99.85,0.5196,0.3705,1.0,0.6,116.14,,3.32,2,2,0,0,0,113.33333333333333,125.33333333333333,0.3333333333333333,3
1767,0022400682,2025-01-31,2024-25,Regular Season,106,122,25,5,TOR,CHI,113.3,114.15,108.33,99.35,0.4975,0.3812,1.0,0.7,109.0,,109.5,107.33,116.0,101.6,0.4416,0.3461,1.0,0.2,105.0,,2.25,4,2,2,0,0,117.5,113.25,0.5,4
1769,0022400683,2025-01-31,2024-25,Regular Season,116,118,4,2,NOP,BOS,119.7,116.65,118.69,101.68,0.4638,0.3696,1.0,0.6,128.5,,114.7,116.47,109.66,96.51,0.4502,0.3707,1.0,0.6,111.4,,5.17,2,6,-4,0,0,107.66666666666667,114.0,0.0,3
1755,0022400693,2025-02-01,2024-25,Regular Season,103,105,23,12,SAS,MIA,117.3,115.9,120.91,101.3,0.4729,0.3808,1.0,0.3,120.83,,110.6,111.4,115.82,97.33,0.4667,0.3768,1.0,0.4,105.4,,3.97,1,7,-6,1,0,105.5,122.0,0.0,2
1754,0022400690,2025-02-01,2024-25,Regular Season,103,105,14,28,MIN,WAS,118.1,121.72,111.98,97.4,0.4901,0.4255,1.0,0.8,116.25,,101.9,100.64,119.14,101.25,0.4031,0.3094,1.0,0.0,102.0,,3.85,5,5,0,0,0,122.66666666666667,111.33333333333333,1.0,3
1758,0022400688,2025-02-01,2024-25,Regular Season,104,107,30,7,CHA,DEN,109.9,111.4,112.82,98.55,0.4459,0.3474,1.0,0.4,104.0,,122.2,122.41,118.69,100.15,0.5366,0.4008,1.0,0.6,119.71,,1.6,1,1,0,1,1,94.0,106.5,0.0,2
1762,0022400691,2025-02-01,2024-25,Regular Season,144,110,24,22,OKC,SAC,120.4,119.59,107.07,100.7,0.4827,0.3717,1.0,0.7,124.75,,118.8,116.82,115.8,101.7,0.4774,0.354,1.0,0.6,115.71,,1.0,9,3,6,0,0,123.0,113.75,0.75,4
1761,0022400694,2025-02-01,2024-25,Regular Season,127,108,21,20,POR,PHX,109.0,112.61,110.18,97.4,0.4583,0.3653,1.0,0.6,110.14,,116.5,116.6,112.76,99.75,0.4941,0.3932,1.0,0.7,117.0,,2.35,2,1,1,0,1,104.33333333333333,113.16666666666667,0.16666666666666666,6
1760,0022400686,2025-02-01,2024-25,Regular Season,132,127,18,1,IND,ATL,118.0,118.01,108.4,100.05,0.5034,0.3803,1.0,0.8,120.4,,108.1,103.75,108.85,103.32,0.4303,0.3045,1.0,0.3,109.2,,3.27,3,2,1,0,0,147.5,122.75,1.0,4
1759,0022400689,2025-02-01,2024-25,Regular Season,98,110,9,15,HOU,BKN,117.3,118.9,114.48,99.0,0.4728,0.402,1.0,0.7,108.33,,98.8,102.62,113.08,95.12,0.412,0.3053,1.0,0.2,102.67,,3.88,10,3,7,0,0,108.0,103.5,0.5,2
1757,0022400687,2025-02-01,2024-25,Regular Season,113,99,26,17,UTA,ORL,111.5,110.7,121.48,98.96,0.456,0.3239,1.0,0.1,111.75,,99.9,102.29,116.75,95.43,0.4168,0.2829,1.0,0.2,97.8,,3.53,2,2,0,0,0,106.0,103.5,0.5,2
1756,0022400692,2025-02-01,2024-25,Regular Season,112,128,16,11,NYK,LAL,121.0,121.31,114.62,98.33,0.4901,0.3719,1.0,0.7,123.25,,111.9,116.18,110.12,96.55,0.5,0.347,1.0,0.7,114.0,,1.78,3,2,1,0,0,109.5,111.0,0.5,2
1752,0022400698,2025-02-02,2024-25,Regular Season,110,118,19,2,PHI,BOS,115.1,117.3,121.78,97.28,0.4794,0.3801,1.0,0.4,120.33,,114.5,116.05,109.03,96.76,0.4566,0.3802,1.0,0.6,112.5,,0.52,2,2,0,0,0,110.75,118.25,0.25,4
1751,0022400697,2025-02-02,2024-25,Regular Season,115,108,25,10,TOR,LAC,111.3,111.66,106.8,99.75,0.4803,0.3693,1.0,0.7,108.4,,115.8,116.32,103.39,98.49,0.5025,0.3584,1.0,0.7,116.75,,1.26,2,2,0,0,0,110.0,119.33333333333333,0.0,3
1750,0022400696,2025-02-02,2024-25,Regular Season,144,101,3,6,CLE,DAL,122.4,123.19,116.13,99.05,0.484,0.3568,1.0,0.6,124.0,,113.7,114.39,116.53,99.3,0.4795,0.3536,1.0,0.3,116.2,,0.25,3,2,1,0,0,122.66666666666667,117.0,1.0,3
1753,0022400695,2025-02-02,2024-25,Regular Season,127,119,29,5,DET,CHI,112.9,112.24,112.79,100.65,0.4652,0.3551,1.0,0.5,115.25,,109.8,107.74,114.22,101.55,0.446,0.3425,1.0,0.3,108.4,,0.9,2,2,0,0,0,107.33333333333333,114.66666666666667,0.3333333333333333,3
1749,0022400699,2025-02-02,2024-25,Regular Season,119,132,13,27,MIL,MEM,120.8,120.37,116.57,100.45,0.5068,0.3864,1.0,0.6,126.0,,124.4,122.42,116.86,101.7,0.5005,0.3856,1.0,0.8,124.0,,1.25,10,6,4,0,0,103.33333333333333,115.33333333333333,0.0,3
1745,0022400708,2025-02-03,2024-25,Regular Season,104,99,8,17,GSW,ORL,111.5,114.27,117.78,97.5,0.4342,0.3751,1.0,0.4,111.57,,99.2,100.96,116.7,95.93,0.4068,0.2699,1.0,0.2,98.0,,1.57,3,2,1,0,0,111.0,104.0,1.0,2
1743,0022400700,2025-02-03,2024-25,Regular Season,114,124,30,28,CHA,WAS,109.0,110.39,111.75,98.5,0.4445,0.3445,1.0,0.4,104.0,,101.8,100.54,117.56,101.2,0.4049,0.3124,1.0,0.1,102.43,,2.7,2,2,0,0,0,110.25,115.5,0.25,4
1748,0022400702,2025-02-03,2024-25,Regular Season,124,118,16,9,NYK,HOU,122.1,122.84,115.2,97.98,0.4979,0.3947,1.0,0.7,124.63,,115.1,117.43,114.51,98.3,0.4622,0.3812,1.0,0.6,121.14,,0.32,2,4,-2,0,0,103.0,102.66666666666667,0.3333333333333333,3
1746,0022400704,2025-02-03,2024-25,Regular Season,114,116,14,22,MIN,SAC,116.4,120.14,111.88,97.35,0.4816,0.4177,1.0,0.7,113.6,,118.4,115.9,119.58,102.3,0.4743,0.3407,1.0,0.5,115.14,,4.95,2,2,0,0,0,115.33333333333333,117.0,0.5,6
1747,0022400705,2025-02-03,2024-25,Regular Season,125,96,24,13,OKC,MIL,122.2,120.82,107.65,101.05,0.4821,0.3611,1.0,0.7,128.6,,122.1,121.33,115.39,100.75,0.5095,0.4014,1.0,0.6,118.0,,0.3,2,3,-1,0,0,109.0,112.5,0.5,2
1744,0022400709,2025-02-03,2024-25,Regular Season,121,119,21,20,POR,PHX,110.3,113.42,107.6,97.7,0.4647,0.3496,1.0,0.7,112.0,,115.3,115.21,113.68,100.05,0.491,0.382,1.0,0.6,115.71,,2.35,2,2,0,0,0,107.57142857142857,112.42857142857143,0.2857142857142857,7
1741,0022400707,2025-02-03,2024-25,Regular Season,111,112,26,18,UTA,IND,112.2,110.61,119.06,99.71,0.4586,0.3425,1.0,0.2,112.0,,119.9,118.56,110.19,101.05,0.5072,0.378,1.0,0.8,116.25,,1.34,2,18,-16,0,0,132.0,105.0,1.0,1
1740,0022400703,2025-02-03,2024-25,Regular Season,128,109,27,23,MEM,SAS,124.9,122.79,116.28,101.75,0.5047,0.3825,1.0,0.8,124.8,,116.6,115.73,120.55,100.8,0.4684,0.3815,1.0,0.3,112.67,,0.95,4,9,-5,0,0,113.5,105.33333333333333,0.8333333333333334,6
1739,0022400701,2025-02-03,2024-25,Regular Season,130,132,29,1,DET,ATL,113.3,111.92,112.41,101.35,0.4673,0.3308,1.0,0.5,116.25,,108.6,104.12,109.95,103.52,0.4364,0.3008,1.0,0.2,112.17,,2.17,1,2,-1,1,0,118.25,119.0,0.5,4
1742,0022400706,2025-02-03,2024-25,Regular Season,125,113,7,4,DEN,NOP,121.1,121.3,119.19,100.15,0.5314,0.3749,1.0,0.6,128.0,,119.0,115.25,118.42,102.23,0.4643,0.3651,1.0,0.5,112.0,,2.08,11,7,4,0,0,115.25,114.5,0.5,4
1733,0022400712,2025-02-04,2024-25,Regular Season,118,116,19,6,PHI,DAL,115.9,118.34,122.03,97.08,0.4805,0.3975,1.0,0.4,121.67,,113.9,113.84,118.19,100.05,0.4761,0.3464,1.0,0.3,113.67,,2.97,2,2,0,0,0,111.0,117.0,0.5,2
1734,0022400716,2025-02-04,2024-25,Regular Season,112,89,21,18,POR,IND,113.5,116.09,107.35,97.13,0.4722,0.3631,1.0,0.8,116.57,,118.2,116.66,110.0,101.15,0.5025,0.3673,1.0,0.8,115.4,,4.02,1,1,0,1,1,115.33333333333333,115.33333333333333,0.6666666666666666,3
1738,0022400710,2025-02-04,2024-25,Regular Season,105,112,3,2,CLE,BOS,124.1,124.32,113.9,99.6,0.4927,0.3805,1.0,0.6,128.0,,116.6,118.02,108.67,97.01,0.467,0.3883,1.0,0.7,116.0,,2.59,2,2,0,0,0,106.3,111.3,0.3,10
1735,0022400711,2025-02-04,2024-25,Regular Season,99,97,15,9,BKN,HOU,98.7,103.78,112.86,95.0,0.419,0.3173,1.0,0.3,93.0,,114.1,115.13,115.06,99.25,0.4563,0.3651,1.0,0.5,119.71,,4.25,8,1,7,0,1,105.66666666666667,104.66666666666667,0.6666666666666666,3
1736,0022400713,2025-02-04,2024-25,Regular Season,115,121,25,16,TOR,NYK,111.4,112.24,105.75,99.35,0.4886,0.3792,1.0,0.8,109.5,,120.5,120.88,115.95,98.33,0.4904,0.3739,1.0,0.7,112.0,,1.02,2,14,-12,0,0,109.71428571428571,127.14285714285714,0.0,7
1737,0022400714,2025-02-04,2024-25,Regular Season,133,124,5,12,CHI,MIA,110.4,107.68,114.3,102.15,0.448,0.3464,1.0,0.3,110.75,,109.2,109.84,116.23,97.43,0.465,0.3646,1.0,0.4,102.6,,4.72,8,3,5,0,0,110.5,112.25,0.5,4
1732,0022400715,2025-02-04,2024-25,Regular Season,97,122,10,11,LAC,LAL,114.0,114.58,108.39,98.44,0.4947,0.353,1.0,0.6,113.0,,114.5,118.48,108.42,96.8,0.5132,0.3627,1.0,0.8,116.33,,1.64,10,3,7,0,0,114.5,110.0,0.5,4
1725,0022400723,2025-02-05,2024-25,Regular Season,127,108,14,5,MIN,CHI,116.3,119.49,111.21,97.8,0.4831,0.4018,1.0,0.7,113.4,,114.3,111.6,115.88,101.95,0.4564,0.3705,1.0,0.4,110.17,,4.15,2,3,-1,0,0,119.66666666666667,119.0,0.3333333333333333,3
1730,0022400722,2025-02-05,2024-25,Regular Season,107,138,25,27,TOR,MEM,112.5,113.29,107.75,99.45,0.4933,0.3757,1.0,0.7,111.33,,125.9,122.42,113.89,103.0,0.4996,0.3776,1.0,0.9,126.75,,3.55,1,3,-2,1,0,114.0,124.66666666666667,0.3333333333333333,3
1729,0022400727,2025-02-05,2024-25,Regular Season,111,130,22,17,SAC,ORL,117.6,115.7,120.04,101.65,0.4737,0.3491,1.0,0.4,126.0,,98.7,99.97,116.89,96.28,0.4014,0.2716,1.0,0.1,98.14,,5.37,14,2,12,0,0,123.5,121.0,1.0,2
1728,0022400718,2025-02-05,2024-25,Regular Season,115,118,29,3,DET,CLE,113.9,111.78,113.08,101.9,0.4691,0.32,1.0,0.4,119.0,,123.2,124.28,112.45,98.9,0.4856,0.3777,1.0,0.6,121.75,,3.0,2,7,-5,0,0,102.33333333333333,113.16666666666667,0.0,6
1726,0022400720,2025-02-05,2024-25,Regular Season,102,119,15,28,BKN,WAS,95.4,101.59,112.12,94.05,0.4109,0.308,1.0,0.3,94.2,,101.9,100.98,116.47,100.85,0.3993,0.314,1.0,0.2,105.13,,6.8,1,2,-1,1,0,116.66666666666667,108.66666666666667,0.6666666666666666,3
1723,0022400717,2025-02-05,2024-25,Regular Season,102,112,30,13,CHA,MIL,108.7,110.1,112.7,98.6,0.4354,0.3516,1.0,0.3,105.25,,118.7,117.69,115.79,101.15,0.4976,0.3969,1.0,0.5,113.6,,2.55,2,2,0,0,0,100.16666666666667,120.5,0.16666666666666666,6
1724,0022400726,2025-02-05,2024-25,Regular Season,144,119,7,4,DEN,NOP,122.8,123.11,117.32,100.25,0.5281,0.363,1.0,0.7,133.67,,118.4,115.36,119.84,101.58,0.461,0.3666,1.0,0.5,110.8,,1.33,2,2,0,0,0,117.2,114.2,0.6,5
1722,0022400719,2025-02-05,2024-25,Regular Season,125,126,1,23,ATL,SAS,110.8,106.11,113.34,103.57,0.4473,0.3138,1.0,0.2,103.25,,117.0,114.85,119.88,102.05,0.4767,0.3802,1.0,0.3,114.0,,1.52,8,2,6,0,0,124.0,122.33333333333333,0.6666666666666666,3
1721,0022400725,2025-02-05,2024-25,Regular Season,131,128,26,8,UTA,GSW,112.1,110.52,119.26,100.63,0.4571,0.339,1.0,0.1,111.8,,111.8,114.48,117.03,97.65,0.438,0.3711,1.0,0.5,116.5,,2.98,2,14,-12,0,0,109.83333333333333,125.16666666666667,0.0,6
1731,0022400721,2025-02-05,2024-25,Regular Season,101,108,19,12,PHI,MIA,115.8,118.62,121.48,97.7,0.4852,0.3937,1.0,0.5,121.5,,111.8,112.2,118.12,97.73,0.474,0.3705,1.0,0.4,107.8,,0.03,1,1,0,1,1,102.6,106.0,0.4,5
1727,0022400724,2025-02-05,2024-25,Regular Season,140,109,24,20,OKC,PHX,121.1,119.89,107.92,100.9,0.4862,0.363,1.0,0.7,128.0,,115.5,115.29,113.59,99.13,0.4869,0.3806,1.0,0.6,116.0,,1.77,2,2,0,0,0,115.0,98.66666666666667,1.0,3
1719,0022400733,2025-02-06,2024-25,Regular Season,112,119,10,18,LAC,IND,111.9,112.88,112.02,98.14,0.4765,0.3388,1.0,0.5,110.33,,116.3,114.82,111.53,101.15,0.4921,0.3548,1.0,0.7,111.0,,3.01,2,2,0,0,0,133.5,130.0,0.5,2
1718,0022400729,2025-02-06,2024-25,Regular Season,127,114,14,9,MIN,HOU,117.4,120.25,111.7,98.15,0.4728,0.3894,1.0,0.7,115.67,,111.1,113.81,113.25,97.85,0.4446,0.3631,1.0,0.5,115.43,,0.3,1,2,-1,1,0,114.0,104.0,0.8,5
1717,0022400730,2025-02-06,2024-25,Regular Season,112,90,7,17,DEN,ORL,123.9,123.66,117.46,100.65,0.5308,0.3517,1.0,0.7,136.25,,102.4,104.65,116.83,95.38,0.4235,0.2971,1.0,0.2,103.43,,5.27,1,1,0,1,1,117.33333333333333,115.33333333333333,0.3333333333333333,3
1716,0022400731,2025-02-06,2024-25,Regular Season,120,112,11,8,LAL,GSW,115.0,118.87,107.15,96.9,0.5166,0.3731,1.0,0.8,110.0,,113.0,113.81,116.73,99.15,0.4352,0.3565,1.0,0.5,122.5,,2.25,14,1,13,0,1,121.5,125.83333333333333,0.5,6
1715,0022400728,2025-02-06,2024-25,Regular Season,120,127,2,6,BOS,DAL,115.7,115.89,108.95,97.86,0.4553,0.3778,1.0,0.7,116.33,,113.9,114.79,119.19,99.2,0.4754,0.3454,1.0,0.3,113.67,,1.34,8,2,6,0,0,110.875,102.875,0.875,8
1720,0022400732,2025-02-06,2024-25,Regular Season,108,102,21,22,POR,SAC,114.4,117.52,104.63,96.48,0.4715,0.3676,1.0,0.9,117.86,,117.2,115.76,120.71,101.2,0.4795,0.3456,1.0,0.4,113.83,,4.72,2,3,-1,0,0,106.25,112.75,0.5,4
1710,0022400738,2025-02-07,2024-25,Regular Season,125,112,29,19,DET,PHI,115.4,113.48,113.88,101.75,0.4693,0.3274,1.0,0.4,122.0,,115.7,118.41,120.41,97.9,0.481,0.3943,1.0,0.5,109.0,,3.85,2,13,-11,0,0,101.2,115.8,0.2,5
1712,0022400740,2025-02-07,2024-25,Regular Season,135,127,20,26,PHX,UTA,113.4,113.39,115.58,98.93,0.4822,0.371,1.0,0.5,114.33,,114.0,111.91,119.76,101.08,0.4631,0.3369,1.0,0.2,112.4,,2.15,9,10,-1,0,0,128.0,120.66666666666667,1.0,6
1713,0022400739,2025-02-07,2024-25,Regular Season,121,109,24,25,OKC,TOR,123.3,121.44,108.1,101.4,0.4816,0.3583,1.0,0.7,129.71,,112.2,112.4,111.51,99.9,0.4825,0.3719,1.0,0.6,114.25,,1.5,2,9,-7,0,0,129.0,107.33333333333333,1.0,3
1708,0022400736,2025-02-07,2024-25,Regular Season,115,110,1,13,ATL,MIL,111.4,106.76,114.67,104.4,0.4527,0.3276,1.0,0.1,107.6,,117.7,118.24,117.9,99.9,0.4857,0.3815,1.0,0.5,113.33,,4.5,2,2,0,0,0,117.66666666666667,119.33333333333333,0.3333333333333333,3
1711,0022400735,2025-02-07,2024-25,Regular Season,124,134,28,3,WAS,CLE,102.4,102.03,115.12,100.35,0.4094,0.3116,1.0,0.3,89.0,,122.6,123.04,111.89,99.3,0.4881,0.3844,1.0,0.6,120.25,,1.05,8,2,6,0,0,101.42857142857143,121.42857142857143,0.0,7
1709,0022400734,2025-02-07,2024-25,Regular Season,117,116,30,23,CHA,SAS,106.4,108.82,112.93,97.6,0.4286,0.3458,1.0,0.2,104.89,,117.0,113.5,120.82,103.2,0.4739,0.3755,1.0,0.3,114.0,,5.6,2,2,0,0,0,111.5,127.5,0.5,2
1714,0022400737,2025-02-07,2024-25,Regular Season,102,86,15,12,BKN,MIA,98.9,105.58,111.93,93.7,0.4242,0.3243,1.0,0.3,95.5,,111.8,111.74,116.11,98.08,0.4676,0.3673,1.0,0.5,107.8,,4.38,2,2,0,0,0,102.8,106.2,0.2,5
1706,0022400744,2025-02-08,2024-25,Regular Season,111,125,28,1,WAS,ATL,104.8,105.05,117.0,99.65,0.4223,0.3242,1.0,0.3,100.67,,111.9,106.81,113.33,104.8,0.4545,0.3204,1.0,0.2,116.5,,5.15,1,5,-4,1,0,122.0,122.16666666666667,0.5,6
1705,0022400746,2025-02-08,2024-25,Regular Season,112,125,27,24,MEM,OKC,126.8,124.1,113.53,102.5,0.5029,0.3776,1.0,0.9,125.33,,122.0,121.15,108.92,100.4,0.4823,0.3533,1.0,0.7,108.33,,2.1,5,10,-5,0,0,102.0,122.0,0.0,4
1704,0022400741,2025-02-08,2024-25,Regular Season,116,105,6,9,DAL,HOU,116.0,116.86,121.48,99.25,0.4818,0.3519,1.0,0.3,117.0,,110.0,113.79,116.34,97.1,0.449,0.3566,1.0,0.4,113.86,,2.15,12,2,10,0,0,115.0,116.33333333333333,0.5,6
1703,0022400751,2025-02-08,2024-25,Regular Season,130,110,10,26,LAC,UTA,111.5,111.89,112.83,98.79,0.4703,0.3446,1.0,0.4,109.67,,114.4,111.73,119.18,100.52,0.4541,0.3298,1.0,0.2,113.2,,1.73,2,1,1,0,1,123.4,105.4,0.8,5
1702,0022400743,2025-02-08,2024-25,Regular Season,112,111,17,23,ORL,SAS,102.0,103.5,114.7,96.18,0.4189,0.2976,1.0,0.2,100.0,,117.1,114.29,120.61,102.5,0.4747,0.3691,1.0,0.3,114.5,,6.32,14,1,13,0,1,117.5,104.5,1.0,2
1701,0022400742,2025-02-08,2024-25,Regular Season,124,117,11,18,LAL,IND,116.8,119.42,106.82,98.1,0.5203,0.3749,1.0,0.8,116.0,,117.4,115.46,113.13,101.5,0.4907,0.3567,1.0,0.7,112.83,,3.4,2,2,0,0,0,120.0,127.0,0.5,2
1700,0022400749,2025-02-08,2024-25,Regular Season,105,122,20,7,PHX,DEN,114.4,113.39,115.36,98.66,0.4774,0.3823,1.0,0.5,119.5,,123.8,123.32,116.44,100.75,0.5319,0.3637,1.0,0.7,116.2,,2.09,1,7,-6,1,0,106.4,108.0,0.6,5
1699,0022400750,2025-02-08,2024-25,Regular Season,123,118,22,4,SAC,NOP,114.2,113.48,119.74,100.5,0.4715,0.3365,1.0,0.3,119.0,,118.4,114.79,122.74,101.88,0.4634,0.3731,1.0,0.4,110.8,,1.38,3,3,0,0,0,109.33333333333333,125.0,0.16666666666666666,6
1698,0022400745,2025-02-08,2024-25,Regular Season,111,132,5,8,CHI,GSW,112.8,111.03,117.0,101.2,0.4541,0.3688,1.0,0.4,119.67,,112.0,112.26,116.74,99.65,0.4289,0.3526,1.0,0.4,119.0,,1.55,4,2,2,0,0,120.66666666666667,131.0,0.3333333333333333,3
1697,0022400748,2025-02-08,2024-25,Regular Season,104,131,16,2,NYK,BOS,120.7,121.72,115.66,97.83,0.4904,0.3654,1.0,0.8,123.14,,116.2,117.94,111.26,97.54,0.4685,0.3922,1.0,0.7,115.43,,0.29,5,4,1,0,0,113.0,122.5,0.25,4
1707,0022400747,2025-02-08,2024-25,Regular Season,114,98,14,21,MIN,POR,118.4,121.28,110.66,98.15,0.4729,0.3909,1.0,0.8,117.33,,113.9,117.35,105.04,96.13,0.4676,0.3786,1.0,0.9,106.33,,2.02,2,15,-13,0,0,116.71428571428571,105.28571428571429,0.7142857142857143,7
1694,0022400752,2025-02-09,2024-25,Regular Season,112,102,29,30,DET,CHA,115.8,114.0,112.36,101.8,0.4679,0.3387,1.0,0.5,122.8,,107.1,109.67,114.18,97.5,0.4343,0.3469,1.0,0.2,120.0,,4.3,2,18,-16,0,0,110.6,105.6,0.6,5
1696,0022400754,2025-02-09,2024-25,Regular Season,135,127,13,19,MIL,PHI,115.7,116.05,118.08,100.05,0.4765,0.3776,1.0,0.4,122.33,,116.0,118.15,120.23,98.3,0.4851,0.4006,1.0,0.5,110.0,,1.75,7,2,5,0,0,120.0,105.25,1.0,4
1695,0022400753,2025-02-09,2024-25,Regular Season,94,87,9,25,HOU,TOR,110.9,115.48,118.22,96.35,0.4496,0.357,1.0,0.4,103.5,,111.9,112.78,111.11,99.4,0.4781,0.3947,1.0,0.6,113.5,,3.05,8,2,6,0,0,117.66666666666667,107.66666666666667,0.6666666666666666,3
1692,0022400757,2025-02-10,2024-25,Regular Season,121,131,28,23,WAS,SAS,107.1,106.71,117.58,100.3,0.4306,0.3236,1.0,0.3,103.25,,117.0,114.64,118.3,102.1,0.4803,0.3763,1.0,0.3,113.8,,1.8,2,2,0,0,0,125.0,127.66666666666667,0.3333333333333333,3
1691,0022400763,2025-02-10,2024-25,Regular Season,146,117,7,21,DEN,POR,121.6,121.73,116.5,100.3,0.5196,0.3578,1.0,0.7,128.25,,112.1,114.97,105.07,96.68,0.4584,0.3637,1.0,0.8,100.33,,3.62,4,2,2,0,0,119.4,112.0,0.8,5
1690,0022400759,2025-02-10,2024-25,Regular Season,85,103,12,2,MIA,BOS,109.1,109.7,113.53,97.48,0.4537,0.37,1.0,0.5,116.5,,116.8,118.71,113.26,97.49,0.4693,0.3992,1.0,0.7,116.29,,0.01,12,2,10,0,0,95.75,112.5,0.125,8
1689,0022400758,2025-02-10,2024-25,Regular Season,97,89,15,30,BKN,CHA,99.0,105.33,109.87,94.0,0.421,0.3066,1.0,0.4,96.43,,105.3,109.1,113.66,96.35,0.4302,0.3583,1.0,0.2,102.0,,2.35,3,1,2,0,1,111.75,109.25,0.5,4
1688,0022400756,2025-02-10,2024-25,Regular Season,106,112,17,1,ORL,ATL,103.2,104.85,114.49,96.13,0.4327,0.3016,1.0,0.3,104.0,,114.0,108.97,113.14,104.65,0.4651,0.3455,1.0,0.3,118.2,,8.52,2,2,0,0,0,104.33333333333333,108.33333333333333,0.3333333333333333,3
1687,0022400762,2025-02-10,2024-25,Regular Season,128,129,6,22,DAL,SAC,117.1,118.62,121.43,98.8,0.4856,0.3853,1.0,0.4,116.75,,114.2,113.17,121.11,100.8,0.4704,0.3325,1.0,0.3,112.14,,2.0,2,4,-2,0,0,113.4,111.6,0.4,5
1686,0022400760,2025-02-10,2024-25,Regular Season,111,125,13,8,MIL,GSW,116.9,116.35,119.41,100.6,0.4709,0.3834,1.0,0.4,126.33,,116.7,116.51,114.82,100.1,0.4441,0.3658,1.0,0.5,122.25,,0.5,1,2,-1,1,0,109.5,121.5,0.5,2
1685,0022400768,2025-02-10,2024-25,Regular Season,132,113,11,26,LAL,UTA,119.0,120.96,106.32,98.65,0.5226,0.3749,1.0,0.9,118.0,,113.5,112.09,121.17,100.38,0.4615,0.3454,1.0,0.2,111.4,,1.73,2,2,0,0,0,124.6,115.0,0.8,5
1684,0022400761,2025-02-10,2024-25,Regular Season,137,101,24,4,OKC,NOP,124.7,123.44,109.07,100.8,0.4867,0.3527,1.0,0.8,127.86,,118.3,113.87,122.56,102.68,0.4669,0.3787,1.0,0.3,112.0,,1.88,3,2,1,0,0,109.0,93.75,1.0,8
1693,0022400755,2025-02-10,2024-25,Regular Season,128,107,3,14,CLE,MIN,124.2,124.15,114.78,99.65,0.496,0.3852,1.0,0.6,125.4,,119.2,122.07,109.77,98.1,0.4866,0.394,1.0,0.9,124.67,,1.55,6,11,-5,0,0,109.33333333333333,108.33333333333333,0.6666666666666666,3
1683,0022400766,2025-02-11,2024-25,Regular Season,92,132,5,29,CHI,DET,113.7,112.13,118.9,101.1,0.454,0.3848,1.0,0.4,117.5,,116.3,115.58,113.73,101.0,0.4691,0.3314,1.0,0.5,109.25,,0.1,3,13,-10,0,0,115.75,112.25,0.5,4
1681,0022400764,2025-02-11,2024-25,Regular Season,103,106,19,25,PHI,TOR,117.8,119.37,118.36,98.9,0.4921,0.4011,1.0,0.5,118.57,,109.7,109.81,110.7,99.95,0.4614,0.3595,1.0,0.5,108.2,,1.05,6,2,4,0,0,121.0,115.33333333333333,0.6666666666666666,3
1680,0022400765,2025-02-11,2024-25,Regular Season,115,128,18,16,IND,NYK,117.4,115.46,112.96,101.45,0.4848,0.3454,1.0,0.7,126.67,,118.6,119.91,117.18,98.5,0.4791,0.3597,1.0,0.7,110.0,,2.95,10,7,3,0,0,117.25,114.08333333333333,0.5833333333333334,12
1682,0022400767,2025-02-11,2024-25,Regular Season,112,119,20,27,PHX,MEM,115.7,115.41,116.46,98.11,0.4694,0.3778,1.0,0.5,116.6,,124.0,121.55,114.94,102.35,0.4906,0.3773,1.0,0.8,125.33,,4.24,3,6,-3,0,0,113.25,109.0,0.5,4
1675,0022400782,2025-02-12,2024-25,Regular Season,111,107,6,8,DAL,GSW,118.5,118.75,121.54,98.86,0.4872,0.3982,1.0,0.4,120.25,,117.5,116.71,113.21,100.55,0.4415,0.3489,1.0,0.6,124.25,,1.69,2,2,0,0,0,118.16666666666667,114.0,0.6666666666666666,6
1671,0022400775,2025-02-12,2024-25,Regular Season,110,128,5,29,CHI,DET,111.7,109.22,121.41,101.9,0.4486,0.3735,1.0,0.3,112.4,,118.1,117.84,112.86,100.6,0.4722,0.34,1.0,0.5,113.75,,1.3,1,1,0,1,1,111.0,116.2,0.4,5
1677,0022400781,2025-02-12,2024-25,Regular Season,131,119,26,11,UTA,LAL,113.4,111.58,121.79,100.68,0.4612,0.3376,1.0,0.2,115.6,,121.1,122.2,108.17,99.3,0.5291,0.3782,1.0,0.9,119.67,,1.38,7,8,-1,0,0,114.66666666666667,125.83333333333333,0.16666666666666666,6
1676,0022400769,2025-02-12,2024-25,Regular Season,116,103,2,23,BOS,SAS,115.4,119.08,111.84,97.0,0.4696,0.3933,1.0,0.7,118.0,,119.4,116.91,117.25,102.3,0.4863,0.3835,1.0,0.4,118.6,,5.3,6,2,4,0,0,125.5,99.5,1.0,2
1673,0022400770,2025-02-12,2024-25,Regular Season,102,86,17,30,ORL,CHA,104.5,105.56,113.73,96.88,0.4389,0.3126,1.0,0.3,104.5,,104.5,108.57,113.35,96.1,0.4336,0.3487,1.0,0.2,95.5,,0.78,2,2,0,0,0,111.16666666666667,99.16666666666667,0.8333333333333334,6
1672,0022400774,2025-02-12,2024-25,Regular Season,108,131,25,3,TOR,CLE,108.1,108.47,109.57,99.65,0.4497,0.3499,1.0,0.5,111.2,,126.2,125.57,113.9,100.2,0.5048,0.393,1.0,0.7,126.75,,0.55,7,5,2,0,0,110.16666666666667,122.5,0.16666666666666666,6
1668,0022400780,2025-02-12,2024-25,Regular Season,132,121,7,21,DEN,POR,123.0,124.44,116.89,99.3,0.537,0.3547,1.0,0.7,131.75,,113.7,115.92,111.27,97.28,0.4551,0.3721,1.0,0.7,105.67,,2.02,2,2,0,0,0,123.83333333333333,112.83333333333333,0.8333333333333334,6
1674,0022400783,2025-02-12,2024-25,Regular Season,128,114,10,27,LAC,MEM,114.6,114.45,112.05,99.29,0.4889,0.3655,1.0,0.5,114.83,,125.1,122.19,115.22,102.7,0.4906,0.3869,1.0,0.8,123.75,,3.41,4,1,3,0,1,115.0,107.5,1.0,4
1679,0022400777,2025-02-12,2024-25,Regular Season,111,119,4,22,NOP,SAC,114.8,110.79,123.92,102.53,0.4638,0.3717,1.0,0.2,125.0,,114.8,112.72,120.82,100.81,0.475,0.3304,1.0,0.3,114.25,,1.72,12,2,10,0,0,124.0,111.28571428571429,0.7142857142857143,7
1669,0022400772,2025-02-12,2024-25,Regular Season,100,96,15,19,BKN,PHI,98.6,105.34,106.48,93.55,0.4183,0.3025,1.0,0.5,96.5,,114.9,116.37,116.09,98.95,0.4822,0.371,1.0,0.4,116.0,,5.4,2,3,-1,0,0,104.16666666666667,115.33333333333333,0.3333333333333333,6
1666,0022400779,2025-02-12,2024-25,Regular Season,119,111,9,20,HOU,PHX,109.4,113.6,115.85,96.6,0.4416,0.3392,1.0,0.4,96.0,,116.1,114.71,118.85,99.16,0.4663,0.371,1.0,0.4,116.5,,2.56,3,7,-4,0,0,112.5,114.5,0.5,4
1665,0022400778,2025-02-12,2024-25,Regular Season,115,101,24,12,OKC,MIA,125.7,123.78,108.76,101.2,0.4831,0.3576,1.0,0.8,129.29,,104.8,106.14,114.03,96.68,0.4348,0.3399,1.0,0.4,104.17,,4.52,2,5,-3,0,0,113.0,105.66666666666667,1.0,3
1678,0022400776,2025-02-12,2024-25,Regular Season,101,103,14,13,MIN,MIL,118.4,121.04,111.04,98.25,0.4809,0.3869,1.0,0.8,116.86,,115.5,114.29,121.73,101.15,0.474,0.3687,1.0,0.3,112.86,,2.9,4,5,-1,0,0,118.0,108.5,0.5,2
1667,0022400771,2025-02-12,2024-25,Regular Season,130,134,28,18,WAS,IND,109.9,109.52,119.97,100.1,0.445,0.3295,1.0,0.3,106.8,,117.8,115.85,115.96,101.35,0.487,0.3311,1.0,0.6,113.83,,1.25,2,4,-2,0,0,114.66666666666667,116.66666666666667,0.3333333333333333,3
1670,0022400773,2025-02-12,2024-25,Regular Season,149,148,16,1,NYK,ATL,121.5,121.83,115.84,99.45,0.494,0.3555,1.0,0.8,123.86,,113.3,108.73,112.01,104.25,0.4662,0.3479,1.0,0.4,117.17,,4.8,4,2,2,0,0,110.2,113.8,0.4,5
1663,0022400784,2025-02-13,2024-25,Regular Season,98,105,9,8,HOU,GSW,107.8,111.6,113.96,96.7,0.4341,0.3238,1.0,0.4,103.67,,115.1,114.53,113.6,100.5,0.4391,0.3336,1.0,0.5,120.8,,3.8,1,1,0,1,1,106.2,114.0,0.2,5
1662,0022400786,2025-02-13,2024-25,Regular Season,118,113,6,12,DAL,MIA,117.5,118.1,121.19,98.51,0.4828,0.3947,1.0,0.4,118.4,,104.2,105.51,113.81,96.73,0.4363,0.339,1.0,0.4,103.71,,1.78,1,1,0,1,1,114.33333333333333,107.66666666666667,0.6666666666666666,3
1661,0022400787,2025-02-13,2024-25,Regular Season,116,101,14,24,MIN,OKC,115.2,117.23,110.24,98.9,0.463,0.3629,1.0,0.7,112.29,,124.9,123.81,108.21,100.5,0.4857,0.3653,1.0,0.8,117.33,,1.6,1,5,-4,1,0,104.2,109.6,0.4,5
1660,0022401004,2025-02-13,2024-25,Regular Season,116,120,26,10,UTA,LAC,116.2,113.98,120.87,100.98,0.4711,0.3487,1.0,0.3,118.17,,116.1,115.87,112.08,100.15,0.4872,0.3705,1.0,0.6,114.25,,0.83,1,11,-10,1,0,106.16666666666667,124.5,0.16666666666666666,6
1664,0022400785,2025-02-13,2024-25,Regular Season,140,133,4,22,NOP,SAC,113.6,111.35,125.53,102.05,0.466,0.3601,1.0,0.1,121.0,,114.4,113.78,120.37,99.46,0.4782,0.3294,1.0,0.4,113.75,,2.59,1,1,0,1,1,122.375,112.25,0.625,8
1659,0022400524,2025-02-19,2024-25,Regular Season,97,100,11,30,LAL,CHA,121.3,121.08,110.56,100.35,0.5265,0.3753,1.0,0.8,125.33,,100.8,105.52,115.21,95.35,0.4231,0.3375,1.0,0.1,92.33,,5.0,9,7,2,0,0,123.0,112.33333333333333,1.0,3
1657,0022400789,2025-02-20,2024-25,Regular Season,104,124,19,2,PHI,BOS,113.6,115.68,117.22,98.25,0.4797,0.3663,1.0,0.3,114.43,,117.4,120.47,109.79,97.55,0.4773,0.3919,1.0,0.8,117.33,,0.7,9,10,-1,0,0,110.6,118.2,0.2,5
1658,0022400794,2025-02-20,2024-25,Regular Season,129,115,7,30,DEN,CHA,125.8,126.28,115.09,99.95,0.5391,0.3598,1.0,0.8,131.8,,100.1,104.17,113.02,95.95,0.4146,0.3326,1.0,0.2,94.25,,4.0,8,1,7,0,1,106.66666666666667,97.33333333333333,1.0,3
1654,0022400790,2025-02-20,2024-25,Regular Season,108,114,1,17,ATL,ORL,118.7,112.76,114.11,103.9,0.4769,0.355,1.0,0.4,112.0,,106.8,108.13,112.46,96.68,0.4458,0.3212,1.0,0.4,104.5,,7.22,13,14,-1,0,0,109.25,104.75,0.75,4
1656,0022400793,2025-02-20,2024-25,Regular Season,116,110,13,10,MIL,LAC,114.1,112.74,119.02,101.35,0.4715,0.3716,1.0,0.4,121.67,,117.1,116.4,113.88,99.53,0.4832,0.3731,1.0,0.6,115.4,,1.82,10,7,3,0,0,118.0,116.66666666666667,0.6666666666666666,3
1653,0022400796,2025-02-20,2024-25,Regular Season,102,110,21,11,POR,LAL,115.6,116.92,113.62,98.18,0.4603,0.38,1.0,0.6,117.14,,119.2,118.52,109.11,100.85,0.5129,0.3702,1.0,0.7,119.83,,2.67,14,8,6,0,0,102.25,115.5,0.0,4
1650,0022400791,2025-02-20,2024-25,Regular Season,97,110,15,3,BKN,CLE,99.1,105.98,106.27,93.45,0.4282,0.2992,1.0,0.6,97.13,,126.4,125.4,111.08,100.55,0.5033,0.3789,1.0,0.8,127.25,,7.1,8,8,0,0,0,103.6,113.0,0.2,5
1652,0022400788,2025-02-20,2024-25,Regular Season,127,113,18,27,IND,MEM,119.7,116.05,117.15,101.71,0.4807,0.3444,1.0,0.6,126.67,,123.3,120.36,115.76,102.85,0.49,0.3922,1.0,0.7,121.8,,1.14,9,8,1,0,0,113.33333333333333,120.66666666666667,0.3333333333333333,3
1651,0022400792,2025-02-20,2024-25,Regular Season,113,111,16,5,NYK,CHI,124.5,122.55,117.27,100.2,0.4992,0.3632,1.0,0.8,128.14,,112.1,108.88,120.5,102.5,0.4525,0.3555,1.0,0.3,112.25,,2.3,8,15,-7,0,0,118.83333333333333,117.83333333333333,0.5,6
1655,0022400795,2025-02-20,2024-25,Regular Season,120,109,23,20,SAS,PHX,115.7,113.85,118.37,101.8,0.4697,0.3566,1.0,0.3,115.25,,115.3,113.9,119.62,99.26,0.4736,0.377,1.0,0.3,115.4,,2.54,19,8,11,0,0,101.0,112.33333333333333,0.3333333333333333,3
1643,0022400799,2025-02-21,2024-25,Regular Season,101,104,28,13,WAS,MIL,112.0,110.22,120.13,100.21,0.4468,0.3367,1.0,0.3,110.67,,113.2,111.95,119.02,101.3,0.4585,0.3758,1.0,0.4,108.5,,1.09,9,9,0,0,0,117.8,124.4,0.2,5
1642,0022400800,2025-02-21,2024-25,Regular Season,111,120,25,12,TOR,MIA,107.2,108.21,113.55,99.1,0.4492,0.3477,1.0,0.4,110.67,,105.9,107.58,113.22,96.53,0.4466,0.3433,1.0,0.4,106.14,,2.57,9,8,1,0,0,109.14285714285714,114.71428571428571,0.2857142857142857,7
1648,0022400804,2025-02-21,2024-25,Regular Season,107,130,26,24,UTA,OKC,116.8,113.61,119.35,100.86,0.4788,0.3554,1.0,0.3,119.17,,123.5,122.95,108.19,100.05,0.48,0.3489,1.0,0.8,113.25,,0.81,8,8,0,0,0,116.66666666666667,126.66666666666667,0.16666666666666666,6
1647,0022400803,2025-02-21,2024-25,Regular Season,111,103,6,4,DAL,NOP,118.6,119.11,120.51,98.46,0.4896,0.3944,1.0,0.5,120.6,,115.0,111.25,123.26,102.29,0.4618,0.3609,1.0,0.2,107.83,,3.83,8,11,-3,0,0,121.33333333333333,119.16666666666667,0.5,6
1646,0022400801,2025-02-21,2024-25,Regular Season,121,115,9,14,HOU,MIN,106.2,109.27,112.45,97.35,0.4304,0.3156,1.0,0.3,102.25,,116.8,119.27,111.72,98.4,0.4659,0.359,1.0,0.7,122.0,,1.05,8,11,-3,0,0,105.66666666666667,116.16666666666667,0.16666666666666666,6
1645,0022400802,2025-02-21,2024-25,Regular Season,110,125,23,29,SAS,DET,117.9,115.89,115.73,101.85,0.4758,0.3588,1.0,0.4,120.75,,119.6,118.84,111.59,100.9,0.4768,0.34,1.0,0.6,117.5,,0.95,1,9,-8,1,0,126.5,101.5,1.0,2
1644,0022400797,2025-02-21,2024-25,Regular Season,142,105,3,16,CLE,NYK,124.3,123.19,106.9,100.75,0.4943,0.3635,1.0,0.9,124.8,,125.9,122.4,117.36,100.66,0.4962,0.365,1.0,0.8,124.5,,0.09,11,10,1,0,0,104.0,105.5,0.5,2
1641,0022400805,2025-02-21,2024-25,Regular Season,108,132,22,8,SAC,GSW,115.7,113.9,119.12,99.3,0.4736,0.3267,1.0,0.4,117.0,,114.8,113.68,111.24,100.9,0.4323,0.3256,1.0,0.6,118.17,,1.6,13,8,5,0,0,127.5,118.0,1.0,4
1649,0022400798,2025-02-21,2024-25,Regular Season,104,105,17,27,ORL,MEM,106.1,107.9,112.18,96.38,0.4458,0.2997,1.0,0.4,106.67,,120.7,117.4,115.49,103.15,0.476,0.3778,1.0,0.6,120.33,,6.77,9,1,8,0,1,111.66666666666667,106.33333333333333,0.3333333333333333,3
1638,0022400810,2025-02-22,2024-25,Regular Season,141,88,21,30,POR,CHA,115.0,115.45,111.65,99.08,0.4638,0.3674,1.0,0.6,116.29,,103.3,106.34,114.24,97.05,0.4243,0.3445,1.0,0.2,98.4,,2.03,2,2,0,0,0,90.33333333333333,92.0,0.6666666666666666,3
1639,0022400807,2025-02-22,2024-25,Regular Season,103,105,19,15,PHI,BKN,112.2,114.71,119.74,97.85,0.4754,0.3544,1.0,0.2,112.43,,100.4,106.74,105.79,94.05,0.4308,0.3061,1.0,0.6,107.0,,3.8,2,21,-19,0,0,112.57142857142857,103.57142857142857,0.5714285714285714,7
1637,0022400806,2025-02-22,2024-25,Regular Season,117,121,5,20,CHI,PHX,113.5,109.46,119.87,102.36,0.4499,0.3635,1.0,0.3,115.0,,115.1,112.91,119.92,99.96,0.4734,0.3666,1.0,0.2,114.33,,2.4,10,2,8,0,0,113.0,115.0,0.0,1
1640,0022400808,2025-02-22,2024-25,Regular Season,100,123,7,11,DEN,LAL,126.6,127.51,114.42,99.45,0.5371,0.3818,1.0,0.9,131.33,,119.0,117.31,107.86,101.65,0.5093,0.3769,1.0,0.7,119.5,,2.2,2,2,0,0,0,113.5,106.75,0.875,8
1636,0022400809,2025-02-22,2024-25,Regular Season,124,115,26,9,UTA,HOU,117.2,113.26,120.6,101.36,0.4731,0.3612,1.0,0.3,117.43,,108.3,111.12,114.1,97.55,0.4336,0.3423,1.0,0.3,110.6,,3.81,1,14,-13,1,0,117.25,124.0,0.25,4
1632,0022400816,2025-02-23,2024-25,Regular Season,127,109,25,20,TOR,PHX,107.0,108.33,115.31,97.89,0.448,0.3599,1.0,0.3,110.33,,115.9,113.13,118.81,100.51,0.4711,0.3624,1.0,0.3,115.29,,2.62,2,1,1,0,1,112.5,112.5,0.5,2
1630,0022400815,2025-02-23,2024-25,Regular Season,110,90,17,28,ORL,WAS,104.6,107.57,111.21,97.3,0.4408,0.2928,1.0,0.4,106.0,,111.3,109.21,117.16,100.51,0.4454,0.3378,1.0,0.3,116.0,,3.21,2,18,-16,0,0,127.2,113.4,1.0,5
1633,0022400811,2025-02-23,2024-25,Regular Season,118,105,2,16,BOS,NYK,117.6,120.94,109.59,97.4,0.4829,0.3978,1.0,0.8,117.5,,122.1,118.84,119.5,100.61,0.4939,0.3535,1.0,0.7,118.0,,3.21,11,2,9,0,0,124.2,111.2,0.8,5
1631,0022400819,2025-02-23,2024-25,Regular Season,129,123,3,27,CLE,MEM,127.5,125.52,107.51,101.5,0.5112,0.3876,1.0,0.9,131.2,,118.7,115.44,115.59,103.15,0.4661,0.3622,1.0,0.5,118.14,,1.65,2,2,0,0,0,109.0,99.5,1.0,2
1634,0022400818,2025-02-23,2024-25,Regular Season,114,96,4,23,NOP,SAS,116.1,112.04,121.74,102.59,0.465,0.3647,1.0,0.2,125.75,,117.3,115.29,115.44,101.85,0.4787,0.36,1.0,0.4,116.0,,0.74,10,11,-1,0,0,121.2,112.2,0.6,5
1629,0022400813,2025-02-23,2024-25,Regular Season,129,111,18,10,IND,LAC,121.4,117.9,114.77,101.51,0.4858,0.352,1.0,0.7,126.75,,115.4,115.18,114.36,99.08,0.4844,0.3807,1.0,0.5,114.5,,2.43,3,3,0,0,0,126.33333333333333,126.33333333333333,0.6666666666666666,3
1627,0022400814,2025-02-23,2024-25,Regular Season,143,148,1,29,ATL,DET,120.3,114.74,115.83,103.55,0.4764,0.3585,1.0,0.4,111.0,,123.0,121.64,111.13,101.4,0.4883,0.3465,1.0,0.7,126.0,,2.15,3,2,1,0,0,121.6,120.6,0.6,5
1635,0022400817,2025-02-23,2024-25,Regular Season,120,113,13,12,MIL,MIA,112.4,110.82,116.03,101.7,0.4555,0.3725,1.0,0.5,120.25,,107.3,108.52,114.2,95.97,0.4534,0.333,1.0,0.4,108.14,,5.73,3,2,1,0,0,114.75,111.5,0.75,4
1628,0022400820,2025-02-23,2024-25,Regular Season,123,130,14,24,MIN,OKC,116.2,117.86,111.94,99.0,0.4545,0.3431,1.0,0.6,114.57,,124.7,123.4,107.31,100.7,0.4802,0.3598,1.0,0.8,116.25,,1.7,10,2,8,0,0,106.16666666666667,108.16666666666667,0.5,6
1626,0022400812,2025-02-23,2024-25,Regular Season,126,102,8,6,GSW,DAL,116.6,115.54,111.65,100.95,0.447,0.3374,1.0,0.6,108.33,,116.7,116.62,119.5,98.96,0.4793,0.3864,1.0,0.5,116.6,,1.99,20,17,3,0,0,113.0,117.14285714285714,0.2857142857142857,7
1623,0022400824,2025-02-24,2024-25,Regular Season,107,99,28,15,WAS,BKN,112.1,109.95,117.68,100.51,0.4475,0.3474,1.0,0.3,113.83,,101.2,108.13,105.93,93.6,0.4439,0.2961,1.0,0.7,106.33,,6.91,3,2,1,0,0,111.25,113.0,0.5,4
1619,0022400828,2025-02-24,2024-25,Regular Season,130,88,22,30,SAC,CHA,115.5,113.45,122.41,99.6,0.4693,0.329,1.0,0.3,114.0,,101.7,104.21,116.12,97.75,0.4152,0.3368,1.0,0.2,96.67,,1.85,3,2,1,0,0,113.5,104.5,0.5,2
1625,0022400822,2025-02-24,2024-25,Regular Season,116,125,18,7,IND,DEN,120.7,117.34,116.15,101.41,0.4886,0.3417,1.0,0.7,127.2,,125.4,126.62,114.65,99.25,0.5283,0.3851,1.0,0.9,122.0,,2.16,1,16,-15,1,0,109.0,115.5,0.0,2
1624,0022400823,2025-02-24,2024-25,Regular Season,110,142,19,5,PHI,CHI,110.8,113.35,120.08,97.7,0.4654,0.3386,1.0,0.1,110.43,,112.3,108.76,120.2,102.01,0.4417,0.3522,1.0,0.2,112.0,,4.31,2,4,-2,0,0,104.6,101.4,0.6,5
1621,0022400827,2025-02-24,2024-25,Regular Season,112,114,26,21,UTA,POR,118.3,113.77,117.19,102.01,0.4725,0.3525,1.0,0.4,119.0,,116.6,115.99,108.6,99.83,0.4713,0.371,1.0,0.6,112.0,,2.18,2,12,-10,0,0,121.2,113.8,0.6,5
1620,0022400825,2025-02-24,2024-25,Regular Season,98,86,1,12,ATL,MIA,125.0,117.98,118.91,104.75,0.486,0.3818,1.0,0.4,122.75,,106.1,108.79,115.94,96.49,0.4478,0.3254,1.0,0.3,108.75,,8.26,1,1,0,1,1,113.25,114.25,0.5,4
1618,0022400821,2025-02-24,2024-25,Regular Season,106,97,29,10,DET,LAC,125.9,122.84,110.74,102.6,0.498,0.3612,1.0,0.8,121.0,,115.6,114.82,115.45,99.63,0.4797,0.3744,1.0,0.5,114.83,,2.97,15,1,14,0,1,115.5,124.0,0.0,2
1622,0022400826,2025-02-24,2024-25,Regular Season,128,131,24,14,OKC,MIN,126.8,125.74,108.12,100.55,0.4956,0.391,1.0,0.9,130.33,,114.7,115.48,113.3,99.45,0.4385,0.3278,1.0,0.5,111.0,,1.1,12,3,9,0,0,111.28571428571429,108.57142857142857,0.5714285714285714,7
1616,0022400834,2025-02-25,2024-25,Regular Season,128,92,8,30,GSW,CHA,117.6,116.4,111.06,100.95,0.4456,0.3332,1.0,0.6,111.67,,100.1,102.7,118.44,97.7,0.4073,0.3272,1.0,0.2,95.43,,3.25,2,1,1,0,1,106.0,90.5,1.0,2
1611,0022400831,2025-02-25,2024-25,Regular Season,100,97,9,13,HOU,MIL,107.9,110.25,114.14,97.9,0.4343,0.3412,1.0,0.3,106.0,,112.6,111.62,113.71,101.15,0.4637,0.376,1.0,0.6,105.0,,3.25,4,4,0,0,0,110.33333333333333,112.33333333333333,0.3333333333333333,3
1614,0022400832,2025-02-25,2024-25,Regular Season,151,148,27,20,MEM,PHX,120.4,117.76,115.0,102.55,0.4667,0.3632,1.0,0.5,120.0,,113.8,111.44,121.16,100.26,0.4655,0.3387,1.0,0.2,112.29,,2.29,17,2,15,0,0,111.0,113.0,0.6,5
1617,0022400833,2025-02-25,2024-25,Regular Season,109,103,4,23,NOP,SAS,117.1,113.0,120.21,102.54,0.4659,0.3766,1.0,0.3,123.4,,112.5,110.67,114.83,101.95,0.4627,0.3414,1.0,0.3,113.14,,0.59,2,2,0,0,0,120.0,109.5,0.6666666666666666,6
1615,0022400829,2025-02-25,2024-25,Regular Season,101,111,25,2,TOR,BOS,109.1,109.96,117.46,98.39,0.4492,0.3815,1.0,0.3,112.71,,118.2,121.32,108.28,97.65,0.4836,0.3979,1.0,0.9,117.67,,0.74,2,5,-3,0,0,103.83333333333333,113.5,0.16666666666666666,6
1613,0022400830,2025-02-25,2024-25,Regular Season,82,122,17,3,ORL,CLE,106.6,109.13,107.27,97.9,0.4432,0.308,1.0,0.5,106.8,,127.8,125.16,108.89,101.9,0.5037,0.3843,1.0,0.9,123.25,,4.0,2,5,-3,0,0,103.41666666666667,103.41666666666667,0.4166666666666667,12
1612,0022400835,2025-02-25,2024-25,Regular Season,107,99,11,6,LAL,DAL,120.9,119.46,106.48,101.35,0.5079,0.3856,1.0,0.8,118.25,,113.2,113.65,118.65,98.71,0.4714,0.3805,1.0,0.5,109.6,,2.64,6,2,4,0,0,112.5,114.75,0.25,4
1605,0022400836,2025-02-26,2024-25,Regular Season,117,97,29,2,DET,BOS,124.8,121.49,109.81,102.9,0.4993,0.3665,1.0,0.8,119.17,,117.1,120.8,109.09,97.05,0.4838,0.3864,1.0,0.9,116.71,,5.85,2,1,1,0,1,109.16666666666667,125.5,0.0,6
1609,0022400842,2025-02-26,2024-25,Regular Season,117,122,5,10,CHI,LAC,116.5,112.32,118.33,102.56,0.4521,0.3666,1.0,0.3,112.6,,112.5,111.85,114.56,99.53,0.4672,0.3512,1.0,0.4,109.67,,3.03,4,2,2,0,0,108.33333333333333,112.33333333333333,0.3333333333333333,3
1606,0022400841,2025-02-26,2024-25,Regular Season,131,109,12,1,MIA,ATL,104.1,106.62,113.02,96.54,0.4329,0.308,1.0,0.3,85.0,,123.3,116.92,114.48,104.15,0.4859,0.3742,1.0,0.5,128.8,,7.61,16,14,2,0,0,108.6,110.2,0.4,5
1608,0022400844,2025-02-26,2024-25,Regular Season,118,106,9,23,HOU,SAS,108.1,109.7,112.11,98.55,0.435,0.3447,1.0,0.4,106.4,,112.5,110.26,114.81,102.35,0.4618,0.3376,1.0,0.3,111.88,,3.8,1,1,0,1,1,108.16666666666667,99.0,0.8333333333333334,6
1607,0022400838,2025-02-26,2024-25,Regular Season,110,105,16,19,NYK,PHI,118.3,116.3,121.69,99.66,0.4855,0.3538,1.0,0.6,120.67,,108.4,110.04,119.51,98.55,0.4487,0.3111,1.0,0.1,111.67,,1.11,6,14,-8,0,0,108.58333333333333,101.08333333333333,0.75,12
1604,0022400837,2025-02-26,2024-25,Regular Season,111,91,18,25,IND,TOR,119.0,115.35,116.39,101.71,0.4789,0.3243,1.0,0.6,123.8,,108.6,109.98,116.82,97.94,0.4574,0.3634,1.0,0.3,100.67,,3.77,2,15,-13,0,0,125.0,127.0,0.3333333333333333,6
1603,0022400840,2025-02-26,2024-25,Regular Season,121,129,15,24,BKN,OKC,101.5,108.12,105.49,93.8,0.4466,0.3072,1.0,0.7,99.5,,125.2,123.29,109.03,100.41,0.4848,0.3803,1.0,0.8,121.5,,6.61,6,3,3,0,0,111.0,122.0,0.3333333333333333,3
1602,0022400839,2025-02-26,2024-25,Regular Season,121,129,28,21,WAS,POR,113.2,111.89,114.72,99.86,0.4656,0.3666,1.0,0.4,115.67,,116.1,113.95,109.8,100.93,0.4605,0.3548,1.0,0.6,112.5,,1.07,2,2,0,0,0,110.0,112.5,0.5,2
1610,0022400843,2025-02-26,2024-25,Regular Season,101,118,26,22,UTA,SAC,118.2,113.56,118.66,102.06,0.4659,0.3534,1.0,0.3,118.86,,118.1,115.63,118.98,100.0,0.4789,0.3572,1.0,0.4,118.17,,2.06,2,13,-11,0,0,104.0,125.4,0.0,5
1599,0022400846,2025-02-27,2024-25,Regular Season,121,112,13,7,MIL,DEN,110.4,109.75,110.99,100.8,0.4553,0.364,1.0,0.6,120.5,,124.2,124.8,112.3,99.75,0.5188,0.371,1.0,0.9,118.0,,1.05,4,3,1,0,0,109.5,104.0,0.5,2
1598,0022400848,2025-02-27,2024-25,Regular Season,116,124,20,4,PHX,NOP,117.8,113.49,121.85,100.56,0.4738,0.3652,1.0,0.2,117.33,,114.4,110.49,117.14,102.39,0.4564,0.3508,1.0,0.3,110.8,,1.83,16,6,10,0,0,119.0,114.75,0.5,4
1597,0022400845,2025-02-27,2024-25,Regular Season,115,121,17,8,ORL,GSW,104.9,108.24,109.34,97.0,0.4469,0.3039,1.0,0.5,102.67,,119.9,118.85,107.7,100.7,0.4571,0.3325,1.0,0.7,120.14,,3.7,2,6,-4,0,0,102.33333333333333,108.66666666666667,0.0,3
1600,0022400847,2025-02-27,2024-25,Regular Season,103,96,6,30,DAL,CHA,112.9,113.02,117.4,98.96,0.4646,0.3858,1.0,0.5,116.8,,97.9,100.43,118.95,97.7,0.4006,0.3168,1.0,0.2,95.0,,1.26,6,2,4,0,0,117.5,107.0,0.5,2
1601,0022400849,2025-02-27,2024-25,Regular Season,111,102,11,14,LAL,MIN,118.2,117.0,107.16,101.05,0.4983,0.3662,1.0,0.8,116.0,,117.5,116.57,113.93,99.87,0.443,0.3259,1.0,0.6,117.67,,1.18,2,3,-1,0,0,104.42857142857143,110.14285714285714,0.2857142857142857,7
1592,0022400854,2025-02-28,2024-25,Regular Season,125,120,12,18,MIA,IND,106.7,109.85,114.11,96.14,0.446,0.3318,1.0,0.3,108.0,,116.9,113.56,113.1,101.51,0.4776,0.3284,1.0,0.6,114.2,,5.37,2,16,-14,0,0,122.5,125.16666666666667,0.3333333333333333,6
1593,0022400850,2025-02-28,2024-25,Regular Season,119,134,29,7,DET,DEN,123.8,121.45,108.79,101.95,0.4976,0.3726,1.0,0.8,117.5,,124.7,124.36,113.21,100.55,0.517,0.3786,1.0,0.8,119.67,,1.4,2,1,1,0,1,112.66666666666667,124.0,0.0,3
1595,0022400853,2025-02-28,2024-25,Regular Season,102,121,15,21,BKN,POR,103.2,108.79,109.17,94.75,0.4387,0.3136,1.0,0.6,102.57,,116.3,113.68,110.41,101.43,0.4534,0.3582,1.0,0.6,115.8,,6.68,2,2,0,0,0,120.66666666666667,117.66666666666667,0.3333333333333333,3
1594,0022400856,2025-02-28,2024-25,Regular Season,113,114,27,16,MEM,NYK,123.5,118.54,115.4,103.35,0.4676,0.3728,1.0,0.5,130.33,,117.1,115.2,121.09,99.56,0.4858,0.3494,1.0,0.6,114.75,,3.79,3,5,-2,0,0,104.33333333333333,124.0,0.0,3
1596,0022400855,2025-02-28,2024-25,Regular Season,125,115,5,25,CHI,TOR,116.0,112.3,120.28,102.21,0.4504,0.3668,1.0,0.2,113.33,,106.2,106.92,116.35,98.59,0.4481,0.3336,1.0,0.2,98.25,,3.62,2,2,0,0,0,115.0,115.2,0.6,5
1587,0022400859,2025-02-28,2024-25,Regular Season,106,102,11,10,LAL,LAC,116.5,115.51,106.47,100.8,0.4818,0.3455,1.0,0.8,115.17,,113.5,112.75,116.11,99.48,0.4647,0.3633,1.0,0.4,111.33,,1.32,1,2,-1,1,0,112.4,111.0,0.6,5
1589,0022400851,2025-02-28,2024-25,Regular Season,119,135,1,24,ATL,OKC,121.5,116.31,115.85,103.1,0.4865,0.3739,1.0,0.5,117.8,,125.6,124.29,111.9,99.97,0.4866,0.3713,1.0,0.8,123.0,,3.13,4,2,2,0,0,122.5,133.0,0.5,2
1588,0022400852,2025-02-28,2024-25,Regular Season,116,123,2,3,BOS,CLE,115.0,119.34,109.88,96.45,0.4751,0.3903,1.0,0.8,118.0,,126.3,125.12,106.44,100.9,0.5018,0.4104,1.0,0.9,123.0,,4.45,5,3,2,0,0,111.36363636363636,106.18181818181819,0.7272727272727273,11
1590,0022400857,2025-02-28,2024-25,Regular Season,125,108,20,4,PHX,NOP,117.5,113.9,123.02,100.88,0.4735,0.3672,1.0,0.2,117.0,,115.2,112.26,117.64,101.69,0.4556,0.3465,1.0,0.4,113.0,,0.81,1,1,0,1,1,118.4,116.6,0.4,5
1591,0022400858,2025-02-28,2024-25,Regular Season,117,116,26,14,UTA,MIN,117.2,113.09,119.95,101.51,0.4682,0.3547,1.0,0.3,117.43,,116.3,115.18,113.29,99.97,0.439,0.3252,1.0,0.5,113.75,,1.54,2,1,1,0,1,101.75,118.0,0.0,4
1585,0022400862,2025-03-01,2024-25,Regular Season,103,113,9,22,HOU,SAC,108.1,109.81,110.36,98.5,0.4359,0.345,1.0,0.5,108.33,,118.9,117.31,115.71,99.2,0.4918,0.3739,1.0,0.5,119.5,,0.7,3,3,0,0,0,116.66666666666667,118.66666666666667,0.3333333333333333,3
1584,0022400860,2025-03-01,2024-25,Regular Season,100,113,30,28,CHA,WAS,97.3,98.96,116.78,98.65,0.3982,0.3103,1.0,0.2,117.0,,114.8,112.49,116.48,100.66,0.4716,0.3544,1.0,0.3,111.0,,2.01,22,6,16,0,0,111.0,117.2,0.2,5
1583,0022400861,2025-03-01,2024-25,Regular Season,115,94,29,15,DET,BKN,122.7,120.63,109.1,101.8,0.4913,0.3717,1.0,0.8,115.67,,102.4,107.06,110.62,95.55,0.4307,0.3007,1.0,0.5,102.0,,6.25,1,5,-4,1,0,111.16666666666667,109.83333333333333,0.5,6
1582,0022400865,2025-03-01,2024-25,Regular Season,117,132,6,13,DAL,MIL,113.1,113.67,113.32,98.46,0.467,0.3955,1.0,0.6,114.5,,112.9,111.83,109.46,101.1,0.4644,0.3719,1.0,0.7,105.2,,2.64,2,4,-2,0,0,121.0,130.5,0.0,2
1581,0022400864,2025-03-01,2024-25,Regular Season,126,119,19,8,PHI,GSW,107.9,109.41,118.44,98.7,0.4479,0.2966,1.0,0.1,106.5,,121.6,120.64,109.37,100.7,0.4591,0.3439,1.0,0.7,120.25,,2.0,5,2,3,0,0,105.33333333333333,128.33333333333334,0.0,3
1586,0022400863,2025-03-01,2024-25,Regular Season,128,130,27,23,MEM,SAS,121.6,116.91,114.8,103.3,0.4658,0.3498,1.0,0.5,126.0,,112.2,110.82,114.95,101.4,0.4587,0.3222,1.0,0.3,111.5,,1.9,1,3,-2,1,0,115.57142857142857,105.85714285714286,0.8571428571428571,7
1575,0022400866,2025-03-02,2024-25,Regular Season,110,103,2,7,BOS,DEN,114.8,119.52,111.63,96.15,0.4734,0.391,1.0,0.7,117.5,,125.6,123.94,112.76,101.5,0.523,0.397,1.0,0.8,123.25,,5.35,2,2,0,0,0,109.0,107.66666666666667,0.3333333333333333,3
1578,0022400871,2025-03-02,2024-25,Regular Season,132,146,23,24,SAS,OKC,112.6,111.66,115.81,100.95,0.4603,0.3287,1.0,0.3,115.0,,125.1,123.2,112.44,100.41,0.4861,0.3887,1.0,0.8,125.0,,0.54,9,2,7,0,0,104.16666666666667,119.5,0.3333333333333333,6
1577,0022400874,2025-03-02,2024-25,Regular Season,108,102,11,10,LAL,LAC,114.9,113.84,107.0,100.8,0.475,0.3302,1.0,0.8,113.86,,112.9,112.13,115.17,99.48,0.4629,0.3555,1.0,0.4,110.33,,1.32,2,2,0,0,0,111.33333333333333,109.5,0.6666666666666666,6
1576,0022400870,2025-03-02,2024-25,Regular Season,102,104,17,25,ORL,TOR,106.5,109.91,111.13,97.0,0.4541,0.3182,1.0,0.5,104.43,,106.2,105.17,114.97,99.1,0.4374,0.3308,1.0,0.2,101.6,,2.1,3,2,1,0,0,109.8,102.4,0.8,5
1580,0022400872,2025-03-02,2024-25,Regular Season,121,128,26,4,UTA,NOP,115.8,112.08,119.36,101.11,0.4671,0.3596,1.0,0.2,115.43,,114.7,111.86,117.64,101.64,0.463,0.3384,1.0,0.4,112.17,,0.53,2,2,0,0,0,115.0,122.66666666666667,0.3333333333333333,6
1574,0022400867,2025-03-02,2024-25,Regular Season,133,129,3,21,CLE,POR,124.2,124.63,109.56,99.55,0.4927,0.3962,1.0,0.9,126.0,,116.3,114.03,108.96,102.15,0.4662,0.3599,1.0,0.6,116.67,,2.6,7,2,5,0,0,102.0,99.0,0.5,2
1573,0022400873,2025-03-02,2024-25,Regular Season,98,116,20,14,PHX,MIN,119.1,116.72,120.92,99.93,0.4859,0.3808,1.0,0.3,118.6,,115.2,113.3,113.39,100.62,0.4397,0.3211,1.0,0.5,114.2,,0.69,2,2,0,0,0,110.88888888888889,113.55555555555556,0.3333333333333333,9
1572,0022400869,2025-03-02,2024-25,Regular Season,112,116,12,16,MIA,NYK,106.8,111.13,114.22,95.14,0.4553,0.3463,1.0,0.4,113.67,,117.3,114.84,119.35,99.91,0.4858,0.3479,1.0,0.6,114.6,,4.77,2,2,0,0,0,105.75,110.0,0.25,4
1579,0022400868,2025-03-02,2024-25,Regular Season,127,112,18,5,IND,CHI,117.7,115.59,115.76,100.51,0.4837,0.3584,1.0,0.5,119.6,,116.6,112.64,118.66,101.52,0.4489,0.3568,1.0,0.3,120.33,,1.01,4,6,-2,0,0,121.8,119.4,0.6,5
1569,0022400881,2025-03-03,2024-25,Regular Season,106,134,26,29,UTA,DET,115.2,112.18,119.41,101.53,0.474,0.3689,1.0,0.2,116.13,,122.7,120.19,106.37,102.2,0.5057,0.3822,1.0,0.9,133.25,,0.67,1,8,-7,1,0,133.0,126.0,1.0,3
1568,0022400875,2025-03-03,2024-25,Regular Season,101,119,30,8,CHA,GSW,95.6,96.77,116.12,99.0,0.3958,0.2989,1.0,0.1,100.0,,120.7,120.46,109.49,100.15,0.4591,0.3371,1.0,0.7,119.13,,1.15,2,2,0,0,0,91.0,113.33333333333333,0.0,3
1565,0022400877,2025-03-03,2024-25,Regular Season,106,90,12,28,MIA,WAS,107.2,111.42,115.51,94.35,0.4619,0.3365,1.0,0.3,113.25,,113.7,111.75,115.19,100.46,0.4727,0.3551,1.0,0.3,107.33,,6.11,1,2,-1,1,0,112.33333333333333,106.33333333333333,0.6666666666666666,3
1570,0022400876,2025-03-03,2024-25,Regular Season,102,119,19,21,PHI,POR,108.7,109.46,118.13,99.25,0.4461,0.3209,1.0,0.1,107.83,,118.0,114.02,111.55,102.63,0.4654,0.3571,1.0,0.5,118.43,,3.38,2,1,1,0,1,114.5,116.5,0.5,2
1571,0022400880,2025-03-03,2024-25,Regular Season,98,122,6,22,DAL,SAC,113.2,112.93,113.71,99.21,0.4672,0.3897,1.0,0.6,114.86,,118.6,117.12,114.2,99.3,0.4935,0.3643,1.0,0.6,119.0,,0.09,2,2,0,0,0,115.83333333333333,114.5,0.3333333333333333,6
1566,0022400878,2025-03-03,2024-25,Regular Season,130,132,27,1,MEM,ATL,121.6,117.91,117.69,102.4,0.4699,0.3398,1.0,0.4,126.0,,120.2,114.76,116.09,103.35,0.4835,0.3724,1.0,0.4,123.5,,0.95,2,5,-3,0,0,115.0,110.0,0.6666666666666666,3
1567,0022400879,2025-03-03,2024-25,Regular Season,137,128,24,9,OKC,HOU,127.6,125.04,113.91,101.02,0.4894,0.4029,1.0,0.8,126.67,,108.7,109.65,111.37,99.05,0.4379,0.3477,1.0,0.5,111.33,,1.97,7,9,-2,0,0,117.33333333333333,112.16666666666667,0.5,6
1558,0022400885,2025-03-04,2024-25,Regular Season,102,114,16,8,NYK,GSW,116.5,114.4,119.09,98.66,0.4837,0.3566,1.0,0.6,119.0,,121.4,121.02,107.54,100.25,0.4606,0.3429,1.0,0.8,120.0,,1.59,6,1,5,0,1,109.0,111.0,0.5,2
1564,0022400887,2025-03-04,2024-25,Regular Season,126,112,14,19,MIN,PHI,114.1,111.47,111.12,101.22,0.4342,0.3205,1.0,0.5,113.5,,108.8,109.89,119.75,98.9,0.4508,0.3223,1.0,0.1,110.0,,2.32,9,6,3,0,0,112.5,113.0,0.5,2
1563,0022400886,2025-03-04,2024-25,Regular Season,117,139,5,3,CHI,CLE,114.5,111.16,119.46,101.07,0.4462,0.3408,1.0,0.2,112.0,,127.0,125.79,109.67,99.88,0.4964,0.4093,1.0,1.0,123.0,,1.19,4,4,0,0,0,110.33333333333333,118.66666666666667,0.16666666666666666,6
1562,0022400889,2025-03-04,2024-25,Regular Season,119,117,20,10,PHX,LAC,115.4,113.83,120.42,100.4,0.4845,0.3725,1.0,0.2,111.2,,113.4,113.12,114.33,99.03,0.4679,0.357,1.0,0.4,109.14,,1.37,2,2,0,0,0,114.42857142857143,117.57142857142857,0.5714285714285714,7
1561,0022400882,2025-03-04,2024-25,Regular Season,115,102,18,9,IND,HOU,121.5,119.37,115.64,100.61,0.4969,0.3808,1.0,0.6,120.83,,110.1,109.62,110.73,100.3,0.4376,0.3547,1.0,0.5,116.0,,0.31,2,1,1,0,1,122.66666666666667,125.33333333333333,0.6666666666666666,3
1560,0022400890,2025-03-04,2024-25,Regular Season,136,115,11,4,LAL,NOP,113.7,113.95,107.32,99.65,0.4744,0.336,1.0,0.8,112.14,,115.6,113.08,115.52,101.44,0.4688,0.338,1.0,0.5,113.67,,1.79,2,2,0,0,0,121.8,109.4,0.8,5
1559,0022400884,2025-03-04,2024-25,Regular Season,121,127,1,13,ATL,MIL,120.9,116.26,117.18,102.7,0.4881,0.3807,1.0,0.5,116.6,,114.9,112.6,109.96,102.05,0.4644,0.3623,1.0,0.7,109.2,,0.65,4,3,1,0,0,117.0,117.0,0.5,4
1557,0022400883,2025-03-04,2024-25,Regular Season,113,114,17,25,ORL,TOR,103.7,107.22,110.75,96.75,0.4421,0.2999,1.0,0.4,104.13,,105.9,105.54,111.74,98.6,0.4439,0.334,1.0,0.3,102.0,,1.85,2,2,0,0,0,108.5,102.66666666666667,0.6666666666666666,6
1556,0022400888,2025-03-04,2024-25,Regular Season,127,113,23,15,SAS,BKN,114.2,112.64,117.93,101.5,0.4706,0.3398,1.0,0.3,120.67,,101.9,105.13,110.9,96.95,0.4149,0.2791,1.0,0.4,99.33,,4.55,2,3,-1,0,0,107.0,108.33333333333333,0.6666666666666666,3
1550,0022400892,2025-03-05,2024-25,Regular Season,110,125,30,14,CHA,MIN,95.5,95.61,115.28,100.15,0.3917,0.2795,1.0,0.1,100.5,,115.3,113.02,112.73,100.97,0.4386,0.3298,1.0,0.5,114.5,,0.82,2,3,-1,0,0,112.66666666666667,120.66666666666667,0.3333333333333333,3
1553,0022400898,2025-03-05,2024-25,Regular Season,123,115,10,29,LAC,DET,113.9,114.61,115.71,98.08,0.4731,0.3412,1.0,0.4,129.0,,123.6,119.98,105.2,102.95,0.5157,0.3704,1.0,0.9,133.4,,4.87,21,2,19,0,0,115.0,112.33333333333333,0.6666666666666666,3
1551,0022400891,2025-03-05,2024-25,Regular Season,128,118,2,21,BOS,POR,114.6,120.04,111.86,95.65,0.48,0.3968,1.0,0.7,116.0,,119.1,115.42,111.88,102.38,0.4706,0.3485,1.0,0.5,118.5,,6.73,3,2,1,0,0,122.5,103.0,1.0,2
1552,0022400895,2025-03-05,2024-25,Regular Season,103,120,27,24,MEM,OKC,120.8,116.7,119.95,102.65,0.4676,0.3371,1.0,0.3,126.8,,128.8,124.99,114.45,101.97,0.496,0.4059,1.0,0.8,128.5,,0.68,2,3,-1,0,0,104.0,122.6,0.0,5
1555,0022400897,2025-03-05,2024-25,Regular Season,137,107,13,6,MIL,DAL,116.6,113.47,109.89,102.7,0.4727,0.354,1.0,0.8,120.6,,110.3,110.24,114.19,98.96,0.457,0.3711,1.0,0.5,100.5,,3.74,6,8,-2,0,0,131.0,119.66666666666667,1.0,3
1548,0022400893,2025-03-05,2024-25,Regular Season,112,107,3,12,CLE,MIA,129.1,126.98,109.0,100.63,0.4951,0.4026,1.0,1.0,133.0,,109.2,113.09,113.84,94.75,0.4739,0.3416,1.0,0.4,106.6,,5.88,3,9,-6,0,0,105.66666666666667,114.0,0.3333333333333333,6
1554,0022400896,2025-03-05,2024-25,Regular Season,116,110,7,22,DEN,SAC,121.5,120.8,113.26,100.5,0.5137,0.3941,1.0,0.7,123.8,,119.7,118.54,111.2,99.05,0.4957,0.3744,1.0,0.7,119.43,,1.45,11,2,9,0,0,116.66666666666667,118.0,0.5,6
1549,0022400894,2025-03-05,2024-25,Regular Season,125,122,28,26,WAS,UTA,110.8,108.13,115.04,100.96,0.4553,0.3372,1.0,0.2,116.43,,114.8,111.1,118.83,102.28,0.4697,0.3597,1.0,0.2,113.0,,1.32,7,23,-16,0,0,111.5,125.0,0.0,2
1547,0022400944,2025-03-06,2024-25,Regular Season,123,125,17,5,ORL,CHI,106.0,109.57,111.19,96.65,0.4534,0.3255,1.0,0.4,105.11,,115.4,110.62,118.96,102.37,0.4423,0.3325,1.0,0.2,121.67,,5.72,2,4,-2,0,0,109.66666666666667,103.0,0.8333333333333334,6
1546,0022400900,2025-03-06,2024-25,Regular Season,123,105,2,19,BOS,PHI,115.4,121.01,110.92,95.6,0.4747,0.3962,1.0,0.8,117.6,,108.8,110.22,119.98,98.7,0.4502,0.3085,1.0,0.1,110.0,,3.1,1,2,-1,1,0,119.16666666666667,109.5,0.8333333333333334,6
1542,0022400901,2025-03-06,2024-25,Regular Season,119,121,15,8,BKN,GSW,103.0,105.57,111.19,97.45,0.4168,0.2789,1.0,0.4,103.17,,119.6,119.45,106.96,100.0,0.4595,0.3384,1.0,0.8,117.75,,2.55,6,2,4,0,0,115.33333333333333,117.66666666666667,0.3333333333333333,3
1545,0022400903,2025-03-06,2024-25,Regular Season,113,109,11,16,LAL,NYK,114.9,115.55,107.36,99.4,0.4754,0.3392,1.0,0.8,113.86,,114.6,112.18,118.61,98.91,0.4783,0.3488,1.0,0.5,113.6,,0.49,2,4,-2,0,0,116.66666666666667,110.33333333333333,0.6666666666666666,3
1544,0022400899,2025-03-06,2024-25,Regular Season,124,118,1,18,ATL,IND,121.5,116.19,118.05,103.35,0.4847,0.3836,1.0,0.4,117.8,,121.1,119.8,115.07,100.06,0.5028,0.388,1.0,0.6,123.67,,3.29,2,6,-4,0,0,123.6,144.4,0.0,5
1543,0022400902,2025-03-06,2024-25,Regular Season,97,109,4,9,NOP,HOU,115.3,114.07,118.32,100.19,0.4705,0.3256,1.0,0.5,118.5,,109.8,108.85,110.24,100.65,0.4384,0.3561,1.0,0.5,115.0,,0.46,9,2,7,0,0,113.0,114.2,0.4,5
1535,0022400906,2025-03-07,2024-25,Regular Season,111,122,6,27,DAL,MEM,109.4,108.06,115.95,100.11,0.4559,0.3522,1.0,0.4,112.29,,119.9,115.29,118.88,103.15,0.4639,0.3207,1.0,0.3,114.8,,3.04,4,12,-8,0,0,108.4,115.2,0.4,5
1541,0022400905,2025-03-07,2024-25,Regular Season,118,109,25,26,TOR,UTA,106.4,105.82,110.8,98.75,0.4485,0.3277,1.0,0.4,111.75,,115.7,112.27,118.28,102.08,0.4698,0.3647,1.0,0.2,122.0,,3.33,10,2,8,0,0,116.0,135.5,0.0,2
1536,0022400910,2025-03-07,2024-25,Regular Season,127,109,22,23,SAC,SAS,120.5,119.35,111.67,99.2,0.4995,0.3818,1.0,0.7,120.33,,115.8,114.29,117.79,101.6,0.4721,0.3427,1.0,0.4,111.5,,2.4,11,6,5,0,0,124.66666666666667,121.16666666666667,0.6666666666666666,6
1534,0022400909,2025-03-07,2024-25,Regular Season,149,141,7,20,DEN,PHX,121.9,121.09,115.3,100.55,0.5067,0.3884,1.0,0.7,124.6,,116.8,115.35,119.74,100.45,0.497,0.3797,1.0,0.3,119.6,,0.1,2,10,-8,0,0,110.33333333333333,106.16666666666667,0.5,6
1537,0022400911,2025-03-07,2024-25,Regular Season,105,95,10,16,LAC,NYK,113.2,114.55,116.8,97.58,0.4701,0.3531,1.0,0.4,125.5,,115.1,111.51,115.69,98.92,0.4755,0.3346,1.0,0.5,112.83,,1.34,2,1,1,0,1,144.0,122.0,1.0,1
1540,0022400904,2025-03-07,2024-25,Regular Season,117,118,30,3,CHA,CLE,97.6,97.5,117.98,100.4,0.3949,0.2887,1.0,0.1,103.67,,126.9,125.02,107.53,100.43,0.4911,0.3955,1.0,1.0,125.0,,0.03,2,3,-1,0,0,108.5,115.83333333333333,0.3333333333333333,6
1539,0022400908,2025-03-07,2024-25,Regular Season,107,89,24,21,OKC,POR,127.1,123.12,114.35,102.22,0.495,0.3985,1.0,0.8,126.67,,121.1,118.01,114.17,101.78,0.4804,0.3685,1.0,0.5,121.0,,0.44,4,2,2,0,0,125.14285714285714,102.57142857142857,1.0,7
1538,0022400907,2025-03-07,2024-25,Regular Season,104,106,12,14,MIA,MIN,111.4,114.66,113.95,95.45,0.4836,0.3533,1.0,0.4,118.5,,117.1,115.45,111.52,100.47,0.4475,0.3419,1.0,0.6,117.5,,5.02,4,2,2,0,0,101.5,103.0,0.5,2
1533,0022400916,2025-03-08,2024-25,Regular Season,109,114,12,5,MIA,CHI,111.7,115.09,113.37,95.25,0.4841,0.3621,1.0,0.4,115.6,,116.8,111.77,117.7,102.62,0.448,0.3264,1.0,0.3,122.5,,7.37,1,2,-1,1,0,114.6,115.0,0.4,5
1532,0022400914,2025-03-08,2024-25,Regular Season,120,118,1,18,ATL,IND,121.4,116.8,119.6,102.65,0.4894,0.376,1.0,0.4,118.83,,121.2,120.14,115.19,99.91,0.5087,0.3923,1.0,0.6,124.0,,2.74,2,2,0,0,0,123.66666666666667,140.0,0.16666666666666666,6
1531,0022400915,2025-03-08,2024-25,Regular Season,117,118,25,28,TOR,WAS,109.5,108.4,111.59,99.35,0.4503,0.3391,1.0,0.5,113.0,,110.9,107.75,113.5,101.31,0.4506,0.337,1.0,0.3,97.67,,1.96,1,5,-4,1,0,119.25,104.5,0.75,4
1530,0022400913,2025-03-08,2024-25,Regular Season,146,117,9,4,HOU,NOP,111.3,110.38,111.36,100.6,0.4592,0.3608,1.0,0.5,109.83,,114.9,114.07,116.14,99.74,0.4639,0.3219,1.0,0.5,115.6,,0.86,7,4,3,0,0,113.33333333333333,110.33333333333333,0.6666666666666666,6
1529,0022400917,2025-03-08,2024-25,Regular Season,109,111,13,17,MIL,ORL,116.8,113.54,107.61,102.9,0.4873,0.3561,1.0,0.8,121.0,,107.1,109.96,112.0,97.2,0.4483,0.3195,1.0,0.3,114.0,,5.7,3,16,-13,0,0,111.33333333333333,105.66666666666667,0.8333333333333334,6
1528,0022400912,2025-03-08,2024-25,Regular Season,105,102,30,15,CHA,BKN,100.7,99.72,118.58,101.3,0.4032,0.293,1.0,0.1,107.0,,104.7,106.99,114.64,97.7,0.4255,0.2974,1.0,0.3,102.75,,3.6,1,4,-3,1,0,105.2,108.8,0.4,5
1527,0022400919,2025-03-08,2024-25,Regular Season,115,110,8,29,GSW,DET,119.2,120.03,108.66,99.2,0.4642,0.347,1.0,0.8,127.0,,123.9,119.79,107.04,103.3,0.5191,0.3721,1.0,0.8,130.33,,4.1,11,3,8,0,0,110.0,106.5,1.0,2
1526,0022400918,2025-03-08,2024-25,Regular Season,111,101,2,11,BOS,LAL,114.6,120.45,111.26,95.4,0.4711,0.3871,1.0,0.8,118.5,,113.0,113.97,107.08,98.26,0.4638,0.3368,1.0,0.8,117.33,,2.86,2,14,-12,0,0,109.0,115.33333333333333,0.3333333333333333,3
1521,0022400927,2025-03-09,2024-25,Regular Season,111,110,10,22,LAC,SAC,110.9,113.18,115.63,96.83,0.4616,0.3555,1.0,0.4,114.0,,120.9,121.64,112.64,97.55,0.5032,0.3997,1.0,0.7,120.57,,0.72,2,4,-2,0,0,110.5,105.66666666666667,0.6666666666666666,6
1523,0022400922,2025-03-09,2024-25,Regular Season,100,112,13,3,MIL,CLE,116.6,114.44,107.27,101.95,0.492,0.3736,1.0,0.8,120.6,,125.9,123.92,108.41,100.53,0.4821,0.3884,1.0,1.0,123.83,,1.42,1,2,-1,1,0,109.71428571428571,118.28571428571429,0.2857142857142857,7
1522,0022400923,2025-03-09,2024-25,Regular Season,104,107,4,27,NOP,MEM,115.5,114.1,118.46,100.14,0.4656,0.3322,1.0,0.5,115.0,,120.2,115.68,118.78,103.1,0.4681,0.328,1.0,0.3,115.4,,2.96,3,2,1,0,0,113.83333333333333,118.16666666666667,0.16666666666666666,6
1524,0022400925,2025-03-09,2024-25,Regular Season,141,124,14,23,MIN,SAS,117.6,117.11,112.66,99.41,0.459,0.3592,1.0,0.7,121.67,,113.6,112.92,119.41,100.85,0.467,0.3361,1.0,0.3,107.83,,1.44,5,2,3,0,0,108.16666666666667,104.5,0.6666666666666666,6
1525,0022400921,2025-03-09,2024-25,Regular Season,116,125,6,20,DAL,PHX,107.7,107.1,115.84,100.6,0.4428,0.3483,1.0,0.4,109.86,,119.7,117.62,122.18,99.77,0.5084,0.3945,1.0,0.3,123.17,,0.83,2,2,0,0,0,112.16666666666667,112.66666666666667,0.5,6
1519,0022400924,2025-03-09,2024-25,Regular Season,126,122,19,26,PHI,UTA,106.6,108.94,120.23,97.75,0.4395,0.307,1.0,0.1,108.0,,113.5,110.05,118.41,102.03,0.4639,0.3539,1.0,0.1,115.5,,4.28,6,2,4,0,0,116.66666666666667,118.33333333333333,0.6666666666666666,3
1518,0022400926,2025-03-09,2024-25,Regular Season,112,119,21,29,POR,DET,118.3,115.18,110.06,101.93,0.4696,0.3466,1.0,0.5,121.5,,121.7,117.45,109.13,103.45,0.5119,0.3499,1.0,0.7,126.67,,1.52,15,1,14,0,1,118.5,123.0,0.0,2
1520,0022400920,2025-03-09,2024-25,Regular Season,127,103,24,7,OKC,DEN,126.3,121.75,112.47,102.82,0.4925,0.3968,1.0,0.8,124.0,,124.6,121.5,116.83,101.22,0.5166,0.3952,1.0,0.7,118.5,,1.6,2,7,-5,0,0,113.2,104.2,0.8,5
1514,0022400928,2025-03-10,2024-25,Regular Season,132,123,1,19,ATL,PHI,122.2,117.59,120.46,102.8,0.4864,0.3679,1.0,0.4,119.0,,108.9,110.3,120.92,98.55,0.4436,0.3173,1.0,0.2,104.5,,4.25,2,4,-2,0,0,124.0,126.0,0.5,4
1511,0022400929,2025-03-10,2024-25,Regular Season,114,108,2,26,BOS,UTA,115.4,121.06,112.65,95.65,0.4728,0.3892,1.0,0.8,117.43,,114.1,110.5,118.86,103.15,0.4571,0.353,1.0,0.1,117.67,,7.5,2,1,1,0,1,124.5,102.0,1.0,2
1517,0022400939,2025-03-10,2024-25,Regular Season,104,133,22,16,SAC,NYK,119.0,120.91,112.44,96.51,0.494,0.3916,1.0,0.6,121.67,,111.8,108.4,115.13,98.62,0.4602,0.3241,1.0,0.4,107.33,,2.11,3,3,0,0,0,106.66666666666667,120.33333333333333,0.0,3
1515,0022400932,2025-03-10,2024-25,Regular Season,119,104,25,28,TOR,WAS,110.6,109.37,113.07,99.4,0.4461,0.3443,1.0,0.4,113.67,,111.6,109.06,113.18,100.81,0.4505,0.3462,1.0,0.4,102.75,,1.41,2,2,0,0,0,118.8,107.2,0.6,5
1512,0022400933,2025-03-10,2024-25,Regular Season,121,103,5,18,CHI,IND,119.0,113.87,115.26,102.72,0.4585,0.3313,1.0,0.4,117.2,,121.5,120.44,114.27,99.96,0.504,0.3936,1.0,0.6,122.5,,2.76,6,2,4,0,0,118.16666666666667,122.66666666666667,0.3333333333333333,6
1513,0022400937,2025-03-10,2024-25,Regular Season,129,133,23,6,SAS,DAL,115.7,115.05,122.05,100.8,0.4785,0.3497,1.0,0.3,122.25,,108.2,107.61,117.55,100.65,0.4434,0.3471,1.0,0.3,102.67,,0.15,6,5,1,0,0,104.2,120.6,0.0,5
1510,0022400938,2025-03-10,2024-25,Regular Season,130,120,8,21,GSW,POR,120.0,119.96,107.93,99.9,0.4632,0.3477,1.0,0.9,123.0,,117.4,114.32,108.94,101.88,0.4626,0.3398,1.0,0.5,117.0,,1.98,2,3,-1,0,0,118.8,104.4,1.0,5
1507,0022400935,2025-03-10,2024-25,Regular Season,120,118,27,20,MEM,PHX,119.5,116.2,117.53,102.05,0.4601,0.3045,1.0,0.4,125.0,,121.1,119.04,122.12,99.67,0.515,0.3917,1.0,0.4,125.5,,2.38,5,1,4,0,1,117.66666666666667,118.83333333333333,0.6666666666666666,6
1506,0022400936,2025-03-10,2024-25,Regular Season,127,140,24,7,OKC,DEN,128.9,124.17,111.03,102.97,0.4994,0.4069,1.0,0.9,124.75,,120.3,117.3,118.19,101.02,0.4919,0.3932,1.0,0.6,115.4,,1.95,1,1,0,1,1,115.5,104.0,0.8333333333333334,6
1516,0022400931,2025-03-10,2024-25,Regular Season,102,105,12,30,MIA,CHA,111.3,113.7,112.19,96.05,0.4791,0.3645,1.0,0.4,114.5,,101.2,102.13,120.57,99.85,0.4077,0.2914,1.0,0.1,95.8,,3.8,2,11,-9,0,0,109.4,101.0,1.0,5
1508,0022400934,2025-03-10,2024-25,Regular Season,97,84,9,17,HOU,ORL,114.0,113.06,111.62,100.75,0.4674,0.3723,1.0,0.5,114.33,,107.6,110.93,112.38,96.7,0.4521,0.317,1.0,0.4,112.5,,4.05,2,2,0,0,0,118.0,106.0,1.0,1
1509,0022400930,2025-03-10,2024-25,Regular Season,111,108,15,11,BKN,LAL,105.2,108.26,117.28,97.05,0.432,0.3016,1.0,0.2,107.8,,111.2,113.27,106.29,97.26,0.464,0.3318,1.0,0.8,111.33,,0.21,4,2,2,0,0,111.66666666666667,110.0,0.3333333333333333,3
1504,0022400943,2025-03-11,2024-25,Regular Season,127,120,4,10,NOP,LAC,111.9,112.43,118.07,99.45,0.4568,0.3284,1.0,0.4,106.0,,110.0,113.4,115.89,96.02,0.4732,0.351,1.0,0.4,108.71,,3.43,2,7,-5,0,0,110.6,108.6,0.6,5
1503,0022400942,2025-03-11,2024-25,Regular Season,115,114,18,13,IND,MIL,118.4,117.8,113.76,100.75,0.4969,0.3729,1.0,0.5,120.83,,116.3,114.73,108.85,101.4,0.4906,0.3626,1.0,0.7,115.0,,0.65,7,7,0,0,0,118.75,117.66666666666667,0.5833333333333334,12
1502,0022400940,2025-03-11,2024-25,Regular Season,109,104,3,15,CLE,BKN,124.0,122.52,108.13,100.08,0.4779,0.3948,1.0,1.0,129.0,,106.3,109.3,118.56,97.1,0.426,0.3149,1.0,0.2,102.6,,2.98,6,3,3,0,0,112.5,102.5,0.8333333333333334,6
1505,0022400941,2025-03-11,2024-25,Regular Season,123,103,29,28,DET,WAS,120.8,116.59,109.42,103.4,0.5102,0.342,1.0,0.7,114.25,,109.9,107.71,112.23,100.56,0.4383,0.3455,1.0,0.4,103.0,,2.84,10,1,9,0,1,112.0,110.4,0.6,5
1498,0022400953,2025-03-12,2024-25,Regular Season,113,114,21,16,POR,NYK,119.2,116.3,111.36,101.58,0.4668,0.3503,1.0,0.5,126.5,,110.2,108.96,112.88,98.03,0.4564,0.3368,1.0,0.4,111.0,,3.55,3,2,1,0,0,88.5,108.5,0.0,2
1497,0022400949,2025-03-12,2024-25,Regular Season,111,104,9,20,HOU,PHX,113.9,113.69,110.45,99.9,0.4658,0.3762,1.0,0.6,114.17,,122.0,120.27,122.71,99.27,0.5137,0.4079,1.0,0.4,127.0,,0.63,2,2,0,0,0,113.8,113.8,0.6,5
1501,0022400946,2025-03-12,2024-25,Regular Season,112,118,2,24,BOS,OKC,115.2,120.98,113.27,95.55,0.4696,0.3905,1.0,0.8,117.14,,128.6,124.0,114.68,102.77,0.499,0.4031,1.0,0.8,132.0,,7.22,2,7,-5,0,0,116.66666666666667,110.66666666666667,0.3333333333333333,3
1500,0022400948,2025-03-12,2024-25,Regular Season,104,119,12,10,MIA,LAC,109.5,112.68,112.36,96.31,0.4739,0.3607,1.0,0.3,112.71,,111.0,114.29,117.01,96.07,0.4766,0.3443,1.0,0.4,110.14,,0.24,2,1,1,0,1,99.0,111.0,0.0,3
1496,0022400951,2025-03-12,2024-25,Regular Season,126,116,23,6,SAS,DAL,116.6,116.56,124.93,100.35,0.4833,0.3546,1.0,0.2,124.5,,109.7,109.14,118.94,100.75,0.4457,0.3426,1.0,0.3,110.25,,0.4,2,2,0,0,0,108.33333333333333,122.66666666666667,0.0,6
1495,0022400947,2025-03-12,2024-25,Regular Season,118,105,25,19,TOR,PHI,111.7,111.01,110.87,98.95,0.4393,0.3425,1.0,0.5,115.5,,111.6,112.15,123.22,99.35,0.4509,0.3312,1.0,0.2,111.25,,0.4,2,2,0,0,0,113.0,116.5,0.5,4
1494,0022400952,2025-03-12,2024-25,Regular Season,95,115,7,14,DEN,MIN,121.1,118.99,119.39,100.42,0.5014,0.41,1.0,0.6,123.5,,120.1,119.51,114.78,99.57,0.4724,0.3831,1.0,0.7,115.86,,0.85,5,5,0,0,0,102.66666666666667,108.41666666666667,0.4166666666666667,12
1493,0022400950,2025-03-12,2024-25,Regular Season,122,115,27,26,MEM,UTA,120.2,117.36,117.12,101.65,0.4652,0.3107,1.0,0.5,124.17,,114.2,111.03,117.38,102.9,0.4568,0.3506,1.0,0.1,115.25,,1.25,2,2,0,0,0,118.66666666666667,106.0,1.0,3
1499,0022400945,2025-03-12,2024-25,Regular Season,123,110,1,30,ATL,CHA,120.6,117.88,119.78,102.4,0.4905,0.3716,1.0,0.5,120.63,,100.2,101.79,118.66,99.2,0.4062,0.2759,1.0,0.2,93.8,,3.2,2,2,0,0,0,115.4,110.4,0.6,5
1488,0022400956,2025-03-13,2024-25,Regular Season,116,110,5,15,CHI,BKN,120.1,114.59,112.61,103.02,0.4655,0.3457,1.0,0.5,119.4,,107.0,110.65,119.02,96.55,0.4324,0.325,1.0,0.2,102.83,,6.47,3,2,1,0,0,114.25,116.25,0.25,4
1492,0022400954,2025-03-13,2024-25,Regular Season,125,129,29,28,DET,WAS,120.6,116.15,108.42,103.65,0.5064,0.3498,1.0,0.7,116.0,,107.2,106.0,111.99,100.85,0.43,0.3277,1.0,0.4,103.0,,2.8,2,2,0,0,0,113.83333333333333,109.16666666666667,0.6666666666666666,6
1489,0022401141,2025-03-13,2024-25,Regular Season,93,113,4,17,NOP,ORL,114.3,115.49,119.29,99.0,0.4708,0.3536,1.0,0.5,110.2,,105.8,109.19,113.56,96.6,0.4436,0.3094,1.0,0.3,103.0,,2.4,2,3,-1,0,0,100.66666666666667,117.66666666666667,0.0,3
1490,0022400957,2025-03-13,2024-25,Regular Season,130,104,8,22,GSW,SAC,122.5,122.56,110.01,99.9,0.4768,0.3721,1.0,0.9,124.75,,117.5,119.17,114.3,96.76,0.4888,0.3854,1.0,0.5,117.67,,3.14,3,4,-1,0,0,120.8,123.6,0.2,5
1491,0022400955,2025-03-13,2024-25,Regular Season,126,106,13,11,MIL,LAL,116.1,114.41,109.47,101.4,0.4943,0.362,1.0,0.6,117.4,,112.3,115.16,108.17,96.56,0.4664,0.3499,1.0,0.8,110.5,,4.84,4,3,1,0,0,123.0,125.5,0.0,2
1482,0022400960,2025-03-14,2024-25,Regular Season,98,121,1,10,ATL,LAC,122.1,118.68,118.64,103.05,0.4935,0.3791,1.0,0.6,122.5,,111.8,116.23,115.42,95.22,0.4911,0.3674,1.0,0.5,111.29,,7.83,2,2,0,0,0,119.66666666666667,124.33333333333333,0.3333333333333333,3
1481,0022400959,2025-03-14,2024-25,Regular Season,100,112,19,18,PHI,IND,111.7,111.42,121.65,100.15,0.4506,0.3307,1.0,0.2,113.4,,117.2,117.2,114.2,100.35,0.497,0.3684,1.0,0.5,114.75,,0.2,5,4,1,0,0,112.25,121.0,0.25,4
1487,0022400962,2025-03-14,2024-25,Regular Season,124,133,27,3,MEM,CLE,121.9,118.58,117.47,102.2,0.4696,0.335,1.0,0.6,123.86,,123.9,122.98,109.48,99.53,0.4791,0.3904,1.0,1.0,122.8,,2.67,2,5,-3,0,0,107.33333333333333,115.66666666666667,0.0,3
1483,0022400958,2025-03-14,2024-25,Regular Season,91,103,12,2,MIA,BOS,108.6,112.33,112.92,95.81,0.4749,0.3695,1.0,0.3,111.63,,114.0,119.73,114.6,95.6,0.4649,0.3778,1.0,0.7,104.0,,0.21,2,16,-14,0,0,94.55555555555556,111.44444444444444,0.1111111111111111,9
1480,0022400967,2025-03-14,2024-25,Regular Season,122,106,20,22,PHX,SAC,120.3,119.58,123.03,98.42,0.5188,0.4103,1.0,0.3,114.5,,114.6,117.91,115.2,96.37,0.4918,0.387,1.0,0.5,112.83,,2.05,10,1,9,0,1,112.85714285714286,119.57142857142857,0.42857142857142855,7
1486,0022400964,2025-03-14,2024-25,Regular Season,134,145,23,30,SAS,CHA,118.2,117.79,124.04,100.5,0.4853,0.3515,1.0,0.3,128.5,,102.4,103.79,116.94,99.25,0.417,0.3003,1.0,0.2,98.2,,1.25,2,2,0,0,0,123.66666666666667,113.33333333333333,0.3333333333333333,3
1485,0022400961,2025-03-14,2024-25,Regular Season,133,96,9,6,HOU,DAL,112.9,113.62,110.45,99.0,0.4613,0.3578,1.0,0.6,112.5,,110.2,109.85,121.27,100.6,0.4583,0.3468,1.0,0.2,111.4,,1.6,2,2,0,0,0,114.71428571428571,115.14285714285714,0.42857142857142855,7
1484,0022400966,2025-03-14,2024-25,Regular Season,118,126,26,25,UTA,TOR,113.3,109.4,117.62,103.45,0.4535,0.3534,1.0,0.0,111.4,,112.4,111.48,109.21,100.11,0.4415,0.343,1.0,0.6,106.0,,3.34,11,10,1,0,0,126.66666666666667,116.66666666666667,0.6666666666666666,3
1479,0022400965,2025-03-14,2024-25,Regular Season,131,126,7,11,DEN,LAL,117.7,116.24,120.11,99.82,0.4918,0.3891,1.0,0.5,115.0,,111.9,114.97,110.5,96.46,0.4625,0.3593,1.0,0.7,109.5,,3.36,2,1,1,0,1,112.0,108.55555555555556,0.7777777777777778,9
1478,0022400963,2025-03-14,2024-25,Regular Season,118,111,14,17,MIN,ORL,120.1,120.56,112.93,98.77,0.4756,0.3967,1.0,0.8,130.0,,105.7,110.09,112.87,95.8,0.4472,0.3248,1.0,0.3,102.67,,2.97,5,1,4,0,1,107.66666666666667,96.33333333333333,0.6666666666666666,3
1473,0022400974,2025-03-15,2024-25,Regular Season,97,94,8,16,GSW,NYK,122.3,122.35,109.27,100.05,0.4807,0.382,1.0,0.9,125.8,,110.3,109.65,113.87,97.39,0.4602,0.3451,1.0,0.3,111.38,,2.66,2,3,-1,0,0,112.0,106.66666666666667,0.6666666666666666,3
1472,0022400971,2025-03-15,2024-25,Regular Season,125,91,27,12,MEM,MIA,122.0,117.54,116.79,103.15,0.4734,0.3271,1.0,0.6,123.88,,109.1,113.35,113.91,95.36,0.4881,0.3902,1.0,0.3,107.0,,7.79,1,10,-9,1,0,105.0,96.0,1.0,1
1477,0022400972,2025-03-15,2024-25,Regular Season,126,119,13,18,MIL,IND,118.3,116.34,109.96,101.5,0.4944,0.3764,1.0,0.6,118.83,,115.5,116.34,113.85,99.65,0.4916,0.3637,1.0,0.5,114.2,,1.85,2,1,1,0,1,117.38461538461539,118.46153846153847,0.38461538461538464,13
1470,0022400973,2025-03-15,2024-25,Regular Season,119,115,23,4,SAS,NOP,122.0,122.23,127.73,99.95,0.5028,0.3678,1.0,0.3,129.6,,112.2,114.75,122.48,97.7,0.4704,0.3483,1.0,0.4,118.4,,2.25,1,7,-6,1,0,108.57142857142857,118.42857142857143,0.2857142857142857,7
1471,0022400969,2025-03-15,2024-25,Regular Season,107,113,29,24,DET,OKC,118.3,114.74,107.6,103.15,0.4932,0.3331,1.0,0.6,117.5,,127.4,123.03,114.05,102.47,0.492,0.3839,1.0,0.8,129.6,,0.68,2,3,-1,0,0,120.0,104.0,1.0,1
1476,0022400970,2025-03-15,2024-25,Regular Season,117,114,9,5,HOU,CHI,114.7,115.39,107.49,99.1,0.4687,0.3667,1.0,0.7,115.43,,120.6,116.46,113.68,102.76,0.4713,0.3358,1.0,0.6,123.25,,3.66,1,7,-6,1,0,129.66666666666666,116.0,0.6666666666666666,3
1475,0022400975,2025-03-15,2024-25,Regular Season,123,126,7,28,DEN,WAS,120.8,118.54,120.04,100.32,0.5036,0.392,1.0,0.6,122.75,,110.0,107.93,113.26,101.55,0.4376,0.3413,1.0,0.5,106.71,,1.23,1,2,-1,1,0,118.66666666666667,112.0,0.6666666666666666,3
1474,0022400968,2025-03-15,2024-25,Regular Season,113,115,15,2,BKN,BOS,107.5,110.7,120.02,96.9,0.4266,0.3324,1.0,0.1,113.25,,112.5,118.64,113.67,95.15,0.4588,0.3772,1.0,0.7,103.67,,1.75,5,1,4,0,1,103.5,125.25,0.0,4
1467,0022400538,2025-03-16,2024-25,Regular Season,123,88,10,30,LAC,CHA,114.2,118.75,114.51,95.22,0.5056,0.385,1.0,0.6,113.0,,108.1,109.55,117.48,99.2,0.4417,0.3318,1.0,0.3,109.6,,3.98,7,2,5,0,0,118.33333333333333,108.66666666666667,1.0,3
1463,0022400981,2025-03-16,2024-25,Regular Season,128,102,14,26,MIN,UTA,119.6,119.94,111.01,98.82,0.4843,0.3991,1.0,0.9,128.33,,113.9,108.96,117.49,104.55,0.4575,0.3546,1.0,0.0,115.2,,5.73,2,4,-2,0,0,117.6,104.8,0.8,5
1468,0022400982,2025-03-16,2024-25,Regular Season,105,121,13,24,MIL,OKC,118.9,116.45,110.33,101.8,0.4976,0.381,1.0,0.6,119.83,,125.9,122.66,112.95,102.5,0.4978,0.3827,1.0,0.9,126.83,,0.7,1,1,0,1,1,107.0,114.33333333333333,0.3333333333333333,3
1469,0022400980,2025-03-16,2024-25,Regular Season,105,102,21,25,POR,TOR,116.4,113.95,113.94,100.41,0.4526,0.3443,1.0,0.5,112.5,,112.3,110.08,109.06,101.21,0.441,0.3234,1.0,0.6,110.0,,0.8,4,2,2,0,0,128.0,118.0,1.0,1
1464,0022400978,2025-03-16,2024-25,Regular Season,122,114,15,1,BKN,ATL,108.9,113.53,122.29,95.9,0.434,0.337,1.0,0.1,113.2,,117.6,115.83,117.88,101.65,0.4855,0.3597,1.0,0.6,120.5,,5.75,1,13,-12,1,0,122.6,115.8,0.6,5
1465,0022400976,2025-03-16,2024-25,Regular Season,125,130,6,19,DAL,PHI,109.6,108.97,121.96,100.75,0.4535,0.3426,1.0,0.2,109.0,,111.4,111.1,122.27,100.2,0.4533,0.334,1.0,0.2,110.0,,0.55,7,4,3,0,0,116.66666666666667,113.33333333333333,0.3333333333333333,3
1462,0022400977,2025-03-16,2024-25,Regular Season,107,96,11,20,LAL,PHX,112.2,114.9,112.8,96.96,0.4592,0.3578,1.0,0.6,113.5,,121.6,121.87,121.62,97.72,0.5201,0.4411,1.0,0.4,127.2,,0.76,10,4,6,0,0,109.33333333333333,117.5,0.3333333333333333,6
1466,0022400979,2025-03-16,2024-25,Regular Season,103,108,3,17,CLE,ORL,123.0,121.28,110.67,100.18,0.4682,0.3763,1.0,1.0,120.75,,106.4,111.0,114.26,95.65,0.4512,0.3387,1.0,0.3,104.75,,4.53,5,2,3,0,0,104.84615384615384,101.76923076923077,0.6153846153846154,13
1456,0022400995,2025-03-17,2024-25,Regular Season,112,97,21,28,POR,WAS,115.5,113.38,113.37,100.06,0.4517,0.3485,1.0,0.5,110.0,,113.6,110.77,113.52,102.35,0.445,0.3572,1.0,0.6,111.86,,2.29,1,2,-1,1,0,118.0,113.66666666666667,0.6666666666666666,3
1460,0022400985,2025-03-17,2024-25,Regular Season,144,137,9,19,HOU,PHI,116.4,116.65,108.87,99.45,0.4729,0.3642,1.0,0.7,117.86,,113.4,113.51,121.02,99.8,0.4666,0.3479,1.0,0.3,113.33,,0.35,2,1,1,0,1,121.33333333333333,123.33333333333333,0.3333333333333333,3
1459,0022400989,2025-03-17,2024-25,Regular Season,97,111,26,5,UTA,CHI,114.0,108.65,117.76,105.05,0.4556,0.3498,1.0,0.0,115.5,,120.3,116.28,113.29,102.71,0.4757,0.3386,1.0,0.6,121.4,,2.34,3,2,1,0,0,126.0,122.5,0.5,2
1458,0022400984,2025-03-17,2024-25,Regular Season,116,95,16,12,NYK,MIA,109.2,109.46,110.51,96.44,0.456,0.3469,1.0,0.3,106.0,,105.1,108.7,115.2,95.71,0.4687,0.3597,1.0,0.2,99.0,,0.73,13,2,11,0,0,111.2,107.0,0.8,5
1457,0022400537,2025-03-17,2024-25,Regular Season,125,109,11,23,LAL,SAS,112.2,115.47,112.91,96.51,0.4576,0.3662,1.0,0.6,113.5,,123.6,124.03,128.54,99.75,0.5083,0.3793,1.0,0.4,117.25,,3.24,1,8,-7,1,0,116.83333333333333,118.0,0.6666666666666666,6
1461,0022400990,2025-03-17,2024-25,Regular Season,105,114,8,7,GSW,DEN,119.4,120.43,109.07,99.3,0.4725,0.3837,1.0,0.9,120.0,,120.6,118.12,121.11,100.37,0.4977,0.3892,1.0,0.5,118.4,,1.07,2,7,-5,0,0,114.75,122.0,0.0,4
1453,0022400991,2025-03-17,2024-25,Regular Season,129,89,20,25,PHX,TOR,116.4,119.44,119.98,96.57,0.5059,0.4063,1.0,0.4,116.0,,112.4,109.97,108.23,101.41,0.4308,0.3405,1.0,0.6,108.67,,4.84,3,1,2,0,1,111.33333333333333,117.33333333333333,0.3333333333333333,3
1452,0022400987,2025-03-17,2024-25,Regular Season,81,127,4,29,NOP,DET,112.8,115.56,124.28,97.5,0.4768,0.36,1.0,0.3,105.25,,118.4,114.32,108.66,103.65,0.4953,0.3445,1.0,0.5,119.5,,6.15,4,8,-4,0,0,114.0,101.0,1.0,1
1455,0022400992,2025-03-17,2024-25,Regular Season,132,122,22,27,SAC,MEM,114.4,117.7,114.57,96.22,0.4906,0.3776,1.0,0.5,120.33,,119.4,117.41,113.54,102.3,0.4763,0.3241,1.0,0.6,114.5,,6.08,7,8,-1,0,0,119.0,109.0,0.8,5
1454,0022400986,2025-03-17,2024-25,Regular Season,130,132,14,18,MIN,IND,119.3,120.98,109.88,98.65,0.4884,0.4036,1.0,0.9,128.25,,115.8,117.19,114.31,99.25,0.4924,0.3706,1.0,0.5,115.0,,0.6,1,2,-1,1,0,120.0,110.0,1.0,2
1450,0022400997,2025-03-18,2024-25,Regular Season,132,119,10,3,LAC,CLE,114.3,118.72,111.34,95.37,0.5022,0.3836,1.0,0.6,115.5,,120.4,118.81,108.94,100.23,0.4634,0.3736,1.0,0.9,124.5,,4.86,2,4,-2,0,0,114.0,118.0,0.5,2
1449,0022401012,2025-03-18,2024-25,Regular Season,104,93,8,13,GSW,MIL,117.1,118.07,111.01,99.45,0.4723,0.3722,1.0,0.8,115.4,,119.7,117.47,112.58,101.65,0.4974,0.3868,1.0,0.6,124.33,,2.2,1,7,-6,1,0,122.66666666666667,110.0,0.6666666666666666,3
1448,0022400994,2025-03-18,2024-25,Regular Season,104,96,2,15,BOS,BKN,112.9,120.73,116.29,94.05,0.4639,0.382,1.0,0.7,116.29,,109.0,113.63,120.68,95.95,0.4409,0.3479,1.0,0.2,104.6,,1.9,6,5,1,0,0,123.2,105.4,1.0,5
1451,0022400993,2025-03-18,2024-25,Regular Season,102,134,30,1,CHA,ATL,107.7,109.42,117.35,98.9,0.444,0.3225,1.0,0.3,106.6,,119.2,116.91,121.21,102.05,0.4867,0.3637,1.0,0.5,118.33,,3.15,10,2,8,0,0,110.33333333333333,116.66666666666667,0.3333333333333333,6
1441,0022401001,2025-03-19,2024-25,Regular Season,115,119,14,4,MIN,NOP,122.1,121.54,110.12,99.38,0.4921,0.4053,1.0,0.9,128.6,,108.5,110.74,125.15,97.8,0.4613,0.3394,1.0,0.2,116.6,,1.58,2,4,-2,0,0,109.5,113.75,0.5,4
1446,0022401006,2025-03-19,2024-25,Regular Season,120,108,11,7,LAL,DEN,113.6,116.41,113.18,96.91,0.465,0.379,1.0,0.6,115.83,,120.8,118.71,119.99,99.97,0.4996,0.3986,1.0,0.6,118.8,,3.06,2,2,0,0,0,110.3,113.9,0.2,10
1445,0022401002,2025-03-19,2024-25,Regular Season,133,100,24,19,OKC,PHI,125.1,122.11,111.67,102.25,0.4962,0.3872,1.0,0.9,124.5,,116.6,115.49,122.89,99.87,0.4728,0.3645,1.0,0.3,118.67,,2.38,9,2,7,0,0,115.33333333333333,112.66666666666667,0.3333333333333333,3
1444,0022400999,2025-03-19,2024-25,Regular Season,108,116,17,9,ORL,HOU,106.2,110.35,115.28,96.0,0.4488,0.3462,1.0,0.3,107.0,,119.0,118.17,111.27,99.07,0.4735,0.3768,1.0,0.7,113.0,,3.07,13,13,0,0,0,95.0,107.5,0.0,2
1443,0022400627,2025-03-19,2024-25,Regular Season,128,112,26,28,UTA,WAS,112.0,106.42,116.84,105.4,0.4452,0.3312,1.0,0.0,110.5,,112.6,109.21,114.52,102.75,0.4363,0.3453,1.0,0.5,110.0,,2.65,2,2,0,0,0,124.0,116.0,0.6666666666666666,3
1440,0022401007,2025-03-19,2024-25,Regular Season,127,121,20,5,PHX,CHI,117.7,120.92,116.43,96.47,0.5102,0.4199,1.0,0.5,118.6,,117.2,113.58,112.44,102.41,0.4684,0.3247,1.0,0.6,115.2,,5.94,2,2,0,0,0,118.0,115.0,1.0,2
1439,0022401008,2025-03-19,2024-25,Regular Season,115,99,21,27,POR,MEM,113.8,112.63,111.97,99.21,0.4495,0.3487,1.0,0.5,110.5,,120.3,117.95,115.16,102.5,0.4784,0.3545,1.0,0.5,117.0,,3.29,2,2,0,0,0,104.0,112.25,0.5,4
1438,0022401009,2025-03-19,2024-25,Regular Season,123,119,22,3,SAC,CLE,114.6,117.26,117.41,96.72,0.4889,0.3738,1.0,0.5,121.0,,120.1,118.08,113.87,100.53,0.456,0.3483,1.0,0.8,124.0,,3.81,2,1,1,0,1,110.0,136.0,0.0,1
1437,0022401003,2025-03-19,2024-25,Regular Season,120,105,23,16,SAS,NYK,123.9,124.75,129.35,99.5,0.5129,0.4009,1.0,0.4,127.83,,110.3,110.72,108.01,96.44,0.462,0.3551,1.0,0.4,110.71,,3.06,4,4,0,0,0,122.0,121.5,0.5,2
1447,0022401000,2025-03-19,2024-25,Regular Season,113,116,12,29,MIA,DET,102.1,105.05,114.38,96.06,0.4592,0.3327,1.0,0.1,104.0,,119.4,115.21,106.76,103.85,0.4973,0.3422,1.0,0.5,121.0,,7.79,5,2,3,0,0,113.5,108.66666666666667,0.6666666666666666,6
1442,0022400998,2025-03-19,2024-25,Regular Season,135,131,18,6,IND,DAL,117.9,118.09,116.69,99.33,0.4888,0.376,1.0,0.5,119.0,,112.2,110.99,123.65,101.25,0.4707,0.3334,1.0,0.2,113.0,,1.92,8,5,3,0,0,134.66666666666666,119.33333333333333,1.0,3
1433,0022401010,2025-03-20,2024-25,Regular Season,115,98,30,16,CHA,NYK,108.3,110.33,120.89,98.55,0.4484,0.3299,1.0,0.3,105.83,,109.8,110.44,109.93,96.19,0.4525,0.348,1.0,0.3,110.0,,2.36,2,1,1,0,1,98.0,114.8,0.0,5
1432,0022401005,2025-03-20,2024-25,Regular Season,117,114,8,25,GSW,TOR,115.4,116.16,108.72,99.5,0.4683,0.3686,1.0,0.8,113.5,,112.2,110.42,110.89,100.71,0.4239,0.3469,1.0,0.6,108.33,,1.21,2,3,-1,0,0,113.0,114.0,0.3333333333333333,3
1434,0022400996,2025-03-20,2024-25,Regular Season,89,118,11,13,LAL,MIL,115.0,117.13,113.14,97.51,0.4668,0.3878,1.0,0.6,118.17,,116.9,115.85,113.04,100.5,0.4899,0.3772,1.0,0.5,116.5,,2.99,1,2,-1,1,0,119.0,124.0,0.6666666666666666,3
1436,0022401013,2025-03-20,2024-25,Regular Season,116,128,22,5,SAC,CHI,115.1,117.78,119.24,96.72,0.4865,0.3778,1.0,0.5,121.5,,117.6,113.62,112.56,102.71,0.4739,0.319,1.0,0.6,116.17,,5.99,1,1,0,1,1,118.66666666666667,115.66666666666667,0.6666666666666666,3
1435,0022401011,2025-03-20,2024-25,Regular Season,105,99,18,15,IND,BKN,119.4,117.93,115.61,100.63,0.4903,0.3679,1.0,0.6,123.0,,108.4,113.85,119.64,95.25,0.4404,0.3527,1.0,0.2,103.17,,5.38,1,2,-1,1,0,113.6,104.8,0.6,5
1425,0022401019,2025-03-21,2024-25,Regular Season,123,117,6,29,DAL,DET,115.0,113.35,126.89,101.65,0.484,0.3435,1.0,0.1,113.4,,119.1,115.49,105.29,103.35,0.5023,0.3489,1.0,0.6,120.17,,1.7,5,2,3,0,0,111.0,116.0,0.3333333333333333,3
1426,0022401022,2025-03-21,2024-25,Regular Season,128,109,21,7,POR,DEN,113.2,112.03,111.77,99.16,0.4335,0.3461,1.0,0.5,111.4,,118.2,116.42,120.31,99.77,0.4907,0.3771,1.0,0.5,113.6,,0.61,2,2,0,0,0,114.0,125.0,0.14285714285714285,7
1428,0022401020,2025-03-21,2024-25,Regular Season,99,121,26,2,UTA,BOS,112.7,107.36,115.38,105.25,0.4535,0.3353,1.0,0.1,112.25,,113.6,121.79,114.67,93.65,0.4669,0.3724,1.0,0.8,109.0,,11.6,2,6,-4,0,0,104.0,121.0,0.0,3
1430,0022401021,2025-03-21,2024-25,Regular Season,123,112,20,3,PHX,CLE,117.9,120.19,117.04,97.12,0.4997,0.4049,1.0,0.5,119.0,,119.7,117.13,114.08,100.93,0.4629,0.3429,1.0,0.7,123.33,,3.81,2,2,0,0,0,110.33333333333333,110.0,0.6666666666666666,3
1427,0022401015,2025-03-21,2024-25,Regular Season,98,102,12,9,MIA,HOU,102.2,105.26,114.5,96.9,0.4545,0.3326,1.0,0.1,104.14,,120.3,119.63,110.51,99.12,0.4774,0.3711,1.0,0.8,113.75,,2.22,2,2,0,0,0,114.33333333333333,105.66666666666667,1.0,3
1424,0022401023,2025-03-21,2024-25,Regular Season,128,108,10,27,LAC,MEM,117.3,121.84,112.83,95.32,0.5122,0.405,1.0,0.7,118.8,,117.4,115.42,114.04,102.2,0.466,0.3523,1.0,0.5,112.5,,6.88,3,2,1,0,0,117.6,108.8,1.0,5
1422,0022401017,2025-03-21,2024-25,Regular Season,141,106,24,30,OKC,CHA,124.9,123.04,110.65,101.4,0.4979,0.3874,1.0,0.9,126.2,,109.8,112.31,119.8,98.15,0.4532,0.3435,1.0,0.4,112.0,,3.25,2,5,-3,0,0,117.66666666666667,106.0,1.0,3
1429,0022401016,2025-03-21,2024-25,Regular Season,134,93,14,4,MIN,NOP,122.0,121.78,110.79,99.03,0.494,0.4078,1.0,0.8,126.33,,109.6,111.39,123.58,98.2,0.4635,0.3449,1.0,0.3,118.8,,0.83,2,2,0,0,0,110.6,114.8,0.4,5
1431,0022401018,2025-03-21,2024-25,Regular Season,128,120,23,19,SAS,PHI,122.9,124.76,127.86,98.75,0.5108,0.4077,1.0,0.4,126.71,,114.0,112.89,124.42,99.82,0.4567,0.3385,1.0,0.2,116.0,,1.07,2,2,0,0,0,118.33333333333333,125.66666666666667,0.0,3
1423,0022401014,2025-03-21,2024-25,Regular Season,105,120,28,17,WAS,ORL,111.7,109.2,115.26,102.0,0.4307,0.3387,1.0,0.5,125.0,,108.8,112.66,114.1,96.4,0.4567,0.354,1.0,0.3,105.4,,5.6,16,5,11,0,0,109.5,124.33333333333333,0.0,6
1420,0022401027,2025-03-22,2024-25,Regular Season,108,114,22,13,SAC,MIL,115.4,117.73,121.82,96.87,0.4836,0.3842,1.0,0.4,120.4,,115.5,115.07,110.75,100.0,0.4869,0.3753,1.0,0.5,113.0,,3.13,2,2,0,0,0,128.66666666666666,122.33333333333333,0.3333333333333333,3
1419,0022401026,2025-03-22,2024-25,Regular Season,122,103,16,28,NYK,WAS,108.2,109.58,110.72,95.59,0.4462,0.3394,1.0,0.3,109.0,,110.9,108.4,117.26,102.0,0.4277,0.3483,1.0,0.4,109.88,,6.41,5,3,2,0,0,125.0,109.5,1.0,6
1418,0022401025,2025-03-22,2024-25,Regular Season,124,115,1,8,ATL,GSW,121.7,118.85,117.68,102.5,0.4899,0.3751,1.0,0.6,119.57,,115.2,115.4,107.19,99.9,0.4645,0.3804,1.0,0.9,118.0,,2.6,8,16,-8,0,0,116.66666666666667,129.33333333333334,0.3333333333333333,3
1417,0022401028,2025-03-22,2024-25,Regular Season,115,146,11,5,LAL,CHI,113.1,114.44,114.21,98.06,0.4589,0.3793,1.0,0.5,115.0,,117.9,115.46,114.04,102.45,0.4816,0.3354,1.0,0.6,117.86,,4.39,2,2,0,0,0,124.5,128.0,0.5,2
1421,0022401024,2025-03-22,2024-25,Regular Season,108,103,18,15,IND,BKN,117.2,114.52,113.38,100.69,0.4783,0.3505,1.0,0.6,117.5,,108.9,113.98,118.13,94.72,0.4455,0.3653,1.0,0.2,104.0,,5.97,2,2,0,0,0,112.16666666666667,103.83333333333333,0.6666666666666666,6
1412,0022401030,2025-03-23,2024-25,Regular Season,91,120,26,3,UTA,CLE,112.0,107.86,115.69,104.0,0.456,0.345,1.0,0.1,110.5,,117.6,117.03,115.47,100.3,0.4643,0.3394,1.0,0.6,121.71,,3.7,2,2,0,0,0,114.0,125.66666666666667,0.0,3
1414,0022401033,2025-03-23,2024-25,Regular Season,89,123,25,23,TOR,SAS,112.1,111.13,110.67,101.1,0.4386,0.3541,1.0,0.6,118.0,,122.5,124.13,125.2,98.9,0.5076,0.4145,1.0,0.5,114.0,,2.2,11,6,5,0,0,99.0,122.0,0.0,1
1413,0022401036,2025-03-23,2024-25,Regular Season,101,103,10,24,LAC,OKC,119.9,123.81,111.76,96.07,0.5267,0.4242,1.0,0.8,120.33,,124.4,123.27,108.75,100.85,0.5008,0.398,1.0,0.9,118.0,,4.78,2,7,-5,0,0,111.33333333333333,122.5,0.16666666666666666,6
1415,0022401035,2025-03-23,2024-25,Regular Season,111,116,9,7,HOU,DEN,117.7,118.41,108.38,97.77,0.4753,0.3754,1.0,0.9,124.67,,118.8,116.93,121.81,99.97,0.493,0.3774,1.0,0.5,114.8,,2.2,6,2,4,0,0,117.75,108.5,0.75,4
1411,0022401032,2025-03-23,2024-25,Regular Season,122,105,12,30,MIA,CHA,101.4,104.76,115.95,96.65,0.459,0.3392,1.0,0.0,103.0,,110.3,113.54,123.01,97.4,0.46,0.3623,1.0,0.4,110.8,,0.75,2,2,0,0,0,108.16666666666667,101.66666666666667,0.8333333333333334,6
1410,0022401029,2025-03-23,2024-25,Regular Season,136,130,29,4,DET,NOP,119.3,115.79,108.28,103.2,0.495,0.3415,1.0,0.5,118.33,,106.1,108.33,125.26,97.85,0.4615,0.3463,1.0,0.2,111.8,,5.35,8,2,6,0,0,114.0,97.5,0.5,2
1416,0022401034,2025-03-23,2024-25,Regular Season,116,129,21,2,POR,BOS,113.1,113.94,111.35,98.53,0.4437,0.3511,1.0,0.6,114.17,,114.1,121.92,111.89,93.9,0.465,0.3621,1.0,0.9,113.0,,4.63,2,2,0,0,0,108.0,124.33333333333333,0.0,3
1409,0022401031,2025-03-23,2024-25,Regular Season,132,119,1,19,ATL,PHI,122.2,120.23,116.57,101.75,0.498,0.3751,1.0,0.7,120.29,,115.8,113.8,124.2,100.67,0.4703,0.3449,1.0,0.2,116.5,,1.08,1,2,-1,1,0,125.6,125.4,0.6,5
1404,0022401041,2025-03-24,2024-25,Regular Season,112,99,4,19,NOP,PHI,107.6,110.11,125.26,97.75,0.4696,0.3698,1.0,0.2,100.4,,116.5,114.39,124.67,100.77,0.4655,0.3492,1.0,0.2,117.38,,3.02,7,1,6,0,1,116.66666666666667,108.0,1.0,3
1408,0022401037,2025-03-24,2024-25,Regular Season,119,103,18,14,IND,MIN,116.5,113.23,112.96,101.19,0.4747,0.3414,1.0,0.6,115.75,,123.8,124.06,110.67,98.63,0.5055,0.4106,1.0,0.8,115.33,,2.56,2,12,-10,0,0,117.33333333333333,123.33333333333333,0.3333333333333333,3
1407,0022401039,2025-03-24,2024-25,Regular Season,104,112,28,25,WAS,TOR,112.2,109.03,118.06,102.7,0.4351,0.3503,1.0,0.4,115.0,,110.6,108.68,111.76,102.0,0.4303,0.3479,1.0,0.5,109.0,,0.7,3,4,-1,0,0,106.66666666666667,118.83333333333333,0.3333333333333333,6
1406,0022401038,2025-03-24,2024-25,Regular Season,118,106,17,11,ORL,LAL,109.3,112.68,111.86,96.85,0.454,0.3552,1.0,0.4,111.5,,111.0,111.51,116.36,98.76,0.4538,0.3843,1.0,0.4,110.25,,1.91,5,10,-5,0,0,119.0,118.0,1.0,1
1405,0022401042,2025-03-24,2024-25,Regular Season,119,129,7,5,DEN,CHI,118.8,117.8,122.66,99.32,0.4976,0.3907,1.0,0.5,124.5,,121.3,117.92,112.03,103.15,0.4899,0.3514,1.0,0.7,122.71,,3.83,9,2,7,0,0,117.5,117.5,0.5,2
1403,0022401043,2025-03-24,2024-25,Regular Season,108,106,20,13,PHX,MIL,120.4,123.39,117.45,96.47,0.5081,0.4191,1.0,0.6,124.0,,114.2,116.05,111.29,98.25,0.4883,0.3875,1.0,0.5,109.75,,1.78,3,2,1,0,0,121.5,123.0,0.5,2
1402,0022401040,2025-03-24,2024-25,Regular Season,101,120,15,6,BKN,DAL,107.9,112.67,115.73,95.07,0.4435,0.3662,1.0,0.2,116.25,,115.6,113.82,125.31,101.75,0.4892,0.3513,1.0,0.2,116.6,,6.68,8,5,3,0,0,107.0,119.0,0.0,1
1401,0022401044,2025-03-24,2024-25,Regular Season,95,113,22,2,SAC,BOS,114.0,116.49,123.81,96.67,0.4765,0.3608,1.0,0.3,118.33,,116.0,124.11,113.66,93.7,0.4721,0.3669,1.0,0.9,117.0,,2.97,2,1,1,0,1,111.0,114.0,0.3333333333333333,3
1399,0022401046,2025-03-25,2024-25,Regular Season,122,96,29,23,DET,SAS,119.5,117.38,111.87,102.1,0.4943,0.3628,1.0,0.5,122.75,,122.1,122.98,122.52,99.35,0.5006,0.4009,1.0,0.5,116.25,,2.75,2,2,0,0,0,109.33333333333333,121.0,0.3333333333333333,3
1396,0022401050,2025-03-25,2024-25,Regular Season,103,140,26,27,UTA,MEM,108.9,105.23,115.79,103.55,0.4455,0.342,1.0,0.1,106.6,,115.2,113.35,114.03,102.0,0.4576,0.3517,1.0,0.5,111.6,,1.55,2,4,-2,0,0,108.25,119.5,0.0,4
1398,0022401047,2025-03-25,2024-25,Regular Season,112,86,12,8,MIA,GSW,102.9,106.79,115.58,96.3,0.4729,0.3445,1.0,0.1,105.38,,114.8,115.46,109.78,99.55,0.4688,0.3865,1.0,0.8,116.67,,3.25,2,3,-1,0,0,106.66666666666667,104.33333333333333,0.6666666666666666,3
1397,0022401052,2025-03-25,2024-25,Regular Season,105,121,22,24,SAC,OKC,112.5,115.17,123.62,96.52,0.476,0.3534,1.0,0.3,115.0,,121.0,121.44,107.31,99.65,0.4915,0.3864,1.0,0.9,115.0,,3.13,1,2,-1,1,0,113.0,127.2,0.2,5
1394,0022401048,2025-03-25,2024-25,Regular Season,128,113,16,6,NYK,DAL,108.8,109.6,109.33,97.04,0.4462,0.3447,1.0,0.3,113.33,,117.8,116.05,122.96,101.85,0.5,0.3567,1.0,0.3,117.17,,4.81,3,1,2,0,1,115.33333333333333,126.33333333333333,0.0,3
1400,0022401045,2025-03-25,2024-25,Regular Season,104,111,30,17,CHA,ORL,109.8,113.02,122.83,97.35,0.4629,0.367,1.0,0.4,109.75,,110.9,114.94,112.2,96.6,0.4586,0.3594,1.0,0.5,107.83,,0.75,5,4,1,0,0,97.28571428571429,109.85714285714286,0.14285714285714285,7
1393,0022401049,2025-03-25,2024-25,Regular Season,121,114,9,1,HOU,ATL,118.6,119.96,108.87,97.37,0.4783,0.3778,1.0,0.9,122.71,,122.2,120.36,115.6,101.65,0.4959,0.3746,1.0,0.7,124.0,,4.28,2,7,-5,0,0,113.33333333333333,117.33333333333333,0.3333333333333333,3
1395,0022401051,2025-03-25,2024-25,Regular Season,111,122,21,3,POR,CLE,112.8,114.02,114.63,98.23,0.4441,0.3601,1.0,0.5,114.43,,115.7,116.16,113.74,99.5,0.4632,0.3269,1.0,0.6,119.0,,1.27,2,2,0,0,0,109.0,112.33333333333333,0.3333333333333333,3
1391,0022401055,2025-03-26,2024-25,Regular Season,119,120,18,11,IND,LAL,116.6,112.75,110.56,101.59,0.4752,0.3426,1.0,0.7,116.4,,110.3,112.16,119.19,98.35,0.4574,0.3823,1.0,0.3,109.4,,3.24,2,2,0,0,0,123.66666666666667,121.33333333333333,0.3333333333333333,3
1390,0022401053,2025-03-26,2024-25,Regular Season,114,119,19,28,PHI,WAS,115.9,113.63,123.23,100.92,0.4625,0.344,1.0,0.2,113.0,,110.1,106.85,116.8,102.95,0.4311,0.3438,1.0,0.3,111.5,,2.03,12,4,8,0,0,126.25,110.75,1.0,4
1389,0022401057,2025-03-26,2024-25,Regular Season,127,117,7,13,DEN,MIL,115.8,115.91,122.49,99.55,0.4862,0.3688,1.0,0.4,117.0,,111.1,114.65,112.74,96.95,0.4745,0.3726,1.0,0.4,109.0,,2.6,2,2,0,0,0,106.66666666666667,113.33333333333333,0.3333333333333333,3
1388,0022401054,2025-03-26,2024-25,Regular Season,86,116,15,25,BKN,TOR,106.1,111.03,115.9,94.87,0.4442,0.354,1.0,0.2,111.75,,110.4,107.4,109.95,102.95,0.4234,0.3357,1.0,0.5,108.6,,8.08,2,2,0,0,0,104.0,106.33333333333333,0.6666666666666666,6
1387,0022401056,2025-03-26,2024-25,Regular Season,113,126,16,10,NYK,LAC,111.4,111.75,108.67,97.49,0.4612,0.359,1.0,0.4,122.0,,118.3,121.64,109.45,96.52,0.5176,0.4283,1.0,0.8,120.0,,0.97,1,12,-11,1,0,108.5,124.5,0.0,2
1392,0022401058,2025-03-26,2024-25,Regular Season,102,132,20,2,PHX,BOS,119.3,122.2,116.52,96.37,0.5044,0.4168,1.0,0.6,121.8,,114.5,122.05,111.27,93.9,0.4713,0.3623,1.0,0.9,116.2,,2.47,2,2,0,0,0,109.5,122.0,0.0,2
1383,0022401062,2025-03-27,2024-25,Regular Season,122,112,12,1,MIA,ATL,103.7,108.28,113.75,95.9,0.4826,0.3713,1.0,0.2,106.38,,121.5,120.45,115.8,100.95,0.4921,0.3662,1.0,0.7,120.67,,5.05,2,2,0,0,0,112.33333333333333,110.0,0.5,6
1385,0022401061,2025-03-27,2024-25,Regular Season,109,162,28,18,WAS,IND,110.2,107.44,116.96,102.55,0.4376,0.3505,1.0,0.3,104.5,,116.7,113.71,111.18,100.99,0.4822,0.354,1.0,0.8,116.5,,1.56,3,10,-7,0,0,118.5,121.0,0.25,4
1384,0022401066,2025-03-27,2024-25,Regular Season,128,107,22,21,SAC,POR,110.3,112.3,124.12,97.07,0.4657,0.3576,1.0,0.2,111.86,,112.1,113.17,113.87,98.33,0.4341,0.3528,1.0,0.5,104.5,,1.26,2,17,-15,0,0,110.6,106.6,0.4,5
1382,0022401065,2025-03-27,2024-25,Regular Season,110,121,26,9,UTA,HOU,108.3,105.47,118.91,102.8,0.4427,0.3567,1.0,0.1,106.0,,119.8,120.59,110.16,97.82,0.4667,0.375,1.0,0.9,109.0,,4.98,2,6,-4,0,0,118.6,122.2,0.4,5
1381,0022401064,2025-03-27,2024-25,Regular Season,125,104,24,27,OKC,MEM,121.1,122.11,107.91,99.2,0.4933,0.4041,1.0,0.9,127.0,,118.9,118.03,113.22,101.2,0.47,0.3696,1.0,0.6,116.33,,2.0,6,2,4,0,0,122.16666666666667,103.83333333333333,1.0,6
1379,0022401059,2025-03-27,2024-25,Regular Season,124,116,3,23,CLE,SAS,116.7,117.56,114.37,99.25,0.4706,0.3363,1.0,0.6,106.0,,120.8,121.7,122.27,99.2,0.4909,0.3946,1.0,0.5,113.0,,0.05,11,2,9,0,0,117.0,108.0,1.0,2
1386,0022401063,2025-03-27,2024-25,Regular Season,119,117,5,11,CHI,LAL,122.5,119.86,110.94,102.45,0.4951,0.37,1.0,0.8,118.5,,112.2,114.03,119.91,98.45,0.4645,0.392,1.0,0.3,113.2,,4.0,14,1,13,0,1,134.0,121.33333333333333,0.6666666666666666,3
1380,0022401060,2025-03-27,2024-25,Regular Season,92,101,17,6,ORL,DAL,110.7,115.09,111.51,96.3,0.456,0.3487,1.0,0.6,116.33,,118.4,116.73,122.58,101.6,0.5079,0.355,1.0,0.3,118.17,,5.3,3,2,1,0,0,107.0,119.5,0.0,2
1374,0022401069,2025-03-28,2024-25,Regular Season,108,97,25,30,TOR,CHA,110.2,107.09,107.92,102.9,0.4271,0.3356,1.0,0.5,110.75,,108.5,112.61,122.94,96.6,0.4571,0.3731,1.0,0.4,109.83,,6.3,5,5,0,0,0,119.4,115.8,0.6,5
1378,0022401073,2025-03-28,2024-25,Regular Season,129,93,7,26,DEN,UTA,118.2,118.21,121.48,99.6,0.4994,0.382,1.0,0.5,119.0,,107.1,105.62,119.7,101.65,0.4552,0.3654,1.0,0.1,108.33,,2.05,2,12,-10,0,0,124.5,111.16666666666667,0.8333333333333334,6
1377,0022401067,2025-03-28,2024-25,Regular Season,133,122,29,3,DET,CLE,120.2,118.52,109.38,101.8,0.4984,0.3798,1.0,0.6,122.6,,117.3,118.03,114.27,99.3,0.475,0.3393,1.0,0.6,119.57,,2.5,3,3,0,0,0,104.14285714285714,113.85714285714286,0.0,7
1376,0022401068,2025-03-28,2024-25,Regular Season,100,132,15,10,BKN,LAC,104.5,107.79,114.84,96.52,0.4335,0.3455,1.0,0.2,106.6,,118.6,122.53,109.62,96.17,0.5137,0.4274,1.0,0.8,121.5,,0.35,2,2,0,0,0,90.5,125.5,0.0,2
1375,0022401071,2025-03-28,2024-25,Regular Season,124,109,14,20,MIN,PHX,121.5,121.33,110.8,99.08,0.4971,0.3913,1.0,0.7,127.67,,115.4,119.89,116.6,96.1,0.4898,0.4064,1.0,0.6,110.75,,2.98,7,12,-5,0,0,113.8,109.6,0.7,10
1373,0022401070,2025-03-28,2024-25,Regular Season,107,116,13,16,MIL,NYK,111.9,115.0,113.76,97.4,0.4715,0.368,1.0,0.4,114.25,,111.8,113.62,111.5,97.23,0.4718,0.3739,1.0,0.4,106.5,,0.17,12,8,4,0,0,117.83333333333333,123.33333333333333,0.3333333333333333,6
1372,0022401072,2025-03-28,2024-25,Regular Season,95,111,4,8,NOP,GSW,109.1,111.9,124.67,97.45,0.4817,0.3794,1.0,0.3,103.4,,112.0,113.28,111.7,98.85,0.4597,0.3751,1.0,0.7,107.33,,1.4,4,3,1,0,0,111.6,110.8,0.4,5
1365,0022401079,2025-03-29,2024-25,Regular Season,132,111,24,18,OKC,IND,122.9,123.64,109.27,99.35,0.4958,0.4092,1.0,0.9,130.6,,122.6,120.05,110.46,100.49,0.5067,0.3864,1.0,0.9,131.25,,1.14,2,2,0,0,0,114.33333333333333,120.33333333333333,0.3333333333333333,3
1366,0022401077,2025-03-29,2024-25,Regular Season,119,120,5,6,CHI,DAL,121.9,118.94,110.25,102.65,0.4918,0.3757,1.0,0.8,118.67,,117.4,116.57,120.44,100.8,0.5168,0.3684,1.0,0.4,115.71,,1.85,2,2,0,0,0,95.5,123.0,0.0,2
1370,0022401080,2025-03-29,2024-25,Regular Season,111,121,23,2,SAS,BOS,120.0,120.54,120.07,99.55,0.4762,0.3905,1.0,0.5,126.0,,115.4,122.57,110.61,94.2,0.4714,0.365,1.0,0.9,118.83,,5.35,8,3,5,0,0,100.66666666666667,122.33333333333333,0.0,3
1367,0022401074,2025-03-29,2024-25,Regular Season,121,91,17,22,ORL,SAC,107.6,112.63,109.67,95.75,0.4525,0.3381,1.0,0.6,106.0,,112.1,114.5,123.82,97.8,0.4846,0.3681,1.0,0.3,105.0,,2.05,2,15,-13,0,0,124.0,119.33333333333333,0.3333333333333333,3
1371,0022401078,2025-03-29,2024-25,Regular Season,127,134,27,11,MEM,LAL,117.1,116.41,114.67,101.1,0.4646,0.3696,1.0,0.5,122.75,,113.1,113.79,119.56,99.45,0.4705,0.3738,1.0,0.3,115.0,,1.65,14,2,12,0,0,120.28571428571429,123.42857142857143,0.2857142857142857,7
1368,0022401076,2025-03-29,2024-25,Regular Season,95,118,19,12,PHI,MIA,114.7,113.7,124.31,99.77,0.4606,0.3404,1.0,0.1,107.0,,105.0,110.48,114.32,95.15,0.494,0.3956,1.0,0.3,93.0,,4.62,3,12,-9,0,0,102.33333333333333,106.33333333333333,0.3333333333333333,6
1369,0022401075,2025-03-29,2024-25,Regular Season,112,115,28,15,WAS,BKN,110.7,107.52,120.82,102.9,0.4461,0.3581,1.0,0.3,106.0,,103.4,105.91,116.42,97.22,0.4295,0.3353,1.0,0.1,102.4,,5.68,2,7,-5,0,0,110.4,110.2,0.6,5
1363,0022401088,2025-03-30,2024-25,Regular Season,109,148,20,9,PHX,HOU,113.8,118.86,117.93,95.65,0.4834,0.4193,1.0,0.5,118.5,,117.3,118.48,110.03,97.42,0.4572,0.3649,1.0,0.9,113.0,,1.77,4,3,1,0,0,112.16666666666667,113.33333333333333,0.3333333333333333,6
1360,0022401087,2025-03-30,2024-25,Regular Season,109,127,19,25,PHI,TOR,111.9,111.86,124.06,98.87,0.4601,0.3429,1.0,0.1,103.0,,109.3,106.64,106.24,102.5,0.4292,0.3289,1.0,0.6,109.83,,3.63,1,4,-3,1,0,114.2,114.0,0.4,5
1359,0022401081,2025-03-30,2024-25,Regular Season,127,122,3,10,CLE,LAC,118.3,118.67,117.34,99.55,0.4771,0.3364,1.0,0.5,112.0,,121.3,124.89,109.73,96.52,0.5267,0.4393,1.0,0.8,123.6,,3.03,3,2,1,0,0,118.33333333333333,120.0,0.3333333333333333,3
1361,0022401082,2025-03-30,2024-25,Regular Season,110,93,16,21,NYK,POR,113.9,116.01,112.05,96.98,0.4817,0.3838,1.0,0.5,119.75,,113.9,115.56,116.58,97.78,0.4392,0.3662,1.0,0.5,113.5,,0.8,4,3,1,0,0,110.33333333333333,96.66666666666667,1.0,3
1358,0022401086,2025-03-30,2024-25,Regular Season,106,148,23,8,SAS,GSW,118.2,118.94,119.24,99.3,0.4678,0.384,1.0,0.5,123.0,,111.0,112.36,109.43,98.7,0.4522,0.3612,1.0,0.7,104.0,,0.6,1,2,-1,1,0,111.4,110.8,0.4,5
1357,0022401083,2025-03-30,2024-25,Regular Season,124,145,13,1,MIL,ATL,112.6,116.16,114.64,97.0,0.4833,0.3784,1.0,0.4,116.0,,120.3,119.48,116.46,100.75,0.4907,0.3768,1.0,0.6,118.5,,3.75,2,3,-1,0,0,119.0,117.8,0.6,5
1362,0022401085,2025-03-30,2024-25,Regular Season,98,94,4,30,NOP,CHA,106.9,110.43,121.89,96.8,0.4739,0.3745,1.0,0.3,102.0,,107.7,110.4,122.37,97.65,0.4569,0.3697,1.0,0.3,108.0,,0.85,2,2,0,0,0,112.0,114.0,0.6666666666666666,3
1364,0022401084,2025-03-30,2024-25,Regular Season,123,104,14,29,MIN,DET,121.4,121.36,110.94,98.93,0.501,0.3971,1.0,0.7,127.14,,122.5,121.21,110.37,101.45,0.5003,0.4022,1.0,0.7,119.75,,2.52,2,9,-7,0,0,111.66666666666667,109.0,0.6666666666666666,3
1355,0022401095,2025-03-31,2024-25,Regular Season,109,113,6,15,DAL,BKN,117.8,115.86,118.83,101.75,0.5144,0.3579,1.0,0.4,124.0,,104.5,106.82,116.5,97.42,0.4274,0.338,1.0,0.2,104.6,,4.33,10,2,8,0,0,119.5,104.0,1.0,2
1352,0022401089,2025-03-31,2024-25,Regular Season,110,106,30,26,CHA,UTA,106.6,108.48,121.14,98.45,0.4502,0.3689,1.0,0.2,107.0,,105.6,103.63,120.7,102.1,0.4454,0.3487,1.0,0.1,103.33,,3.65,6,3,3,0,0,118.0,117.66666666666667,0.6666666666666666,3
1356,0022401091,2025-03-31,2024-25,Regular Season,87,96,17,10,ORL,LAC,108.6,113.42,107.58,95.95,0.4507,0.3468,1.0,0.6,109.75,,122.4,125.29,110.94,97.95,0.522,0.446,1.0,0.7,123.33,,2.0,2,1,1,0,1,95.0,102.0,0.0,2
1354,0022401090,2025-03-31,2024-25,Regular Season,111,109,18,22,IND,SAC,122.2,118.89,111.63,101.09,0.5009,0.3864,1.0,0.8,117.2,,110.8,113.48,122.99,97.5,0.4847,0.3637,1.0,0.3,100.33,,3.59,5,2,3,0,0,123.33333333333333,116.33333333333333,0.6666666666666666,3
1353,0022401093,2025-03-31,2024-25,Regular Season,103,117,27,2,MEM,BOS,119.1,117.36,116.72,101.95,0.4758,0.3869,1.0,0.4,123.6,,116.4,123.5,111.54,94.3,0.4717,0.3641,1.0,0.9,119.14,,7.65,2,2,0,0,0,106.0,118.0,0.3333333333333333,3
1350,0022401096,2025-03-31,2024-25,Regular Season,104,98,11,9,LAL,HOU,115.9,116.28,119.66,99.55,0.4774,0.3805,1.0,0.4,111.2,,122.4,122.42,111.18,98.62,0.475,0.3858,1.0,0.9,121.75,,0.93,9,1,8,0,1,111.5,113.75,0.5,4
1349,0022401092,2025-03-31,2024-25,Regular Season,94,120,28,12,WAS,MIA,111.6,108.95,120.74,102.35,0.4494,0.3513,1.0,0.3,107.5,,106.6,112.43,113.49,94.95,0.4954,0.4098,1.0,0.4,101.33,,7.4,2,2,0,0,0,102.25,110.75,0.25,4
1351,0022401094,2025-03-31,2024-25,Regular Season,145,117,24,5,OKC,CHI,123.4,123.5,109.44,99.9,0.498,0.4222,1.0,0.9,131.6,,122.4,119.1,110.88,103.0,0.4936,0.3919,1.0,0.8,124.83,,3.1,2,7,-5,0,0,115.0,98.5,1.0,2
1347,0022401099,2025-04-01,2024-25,Regular Season,137,118,5,25,CHI,TOR,122.0,118.25,114.17,103.5,0.4885,0.3869,1.0,0.7,118.0,,110.1,106.38,105.84,103.4,0.4374,0.3409,1.0,0.6,112.29,,0.1,3,2,1,0,0,116.66666666666667,115.16666666666667,0.6666666666666666,6
1346,0022401102,2025-04-01,2024-25,Regular Season,139,140,7,14,DEN,MIN,117.1,116.59,117.68,100.0,0.4967,0.3636,1.0,0.5,120.67,,123.1,122.76,110.82,99.13,0.4989,0.3958,1.0,0.7,109.0,,0.87,4,8,-4,0,0,102.07692307692308,108.92307692307692,0.38461538461538464,13
1345,0022401100,2025-04-01,2024-25,Regular Season,125,134,27,8,MEM,GSW,117.4,115.22,116.16,102.35,0.4739,0.3749,1.0,0.3,120.2,,114.3,115.61,109.05,98.65,0.4682,0.3796,1.0,0.7,115.0,,3.7,1,2,-1,1,0,118.0,117.0,0.3333333333333333,6
1348,0022400988,2025-04-01,2024-25,Regular Season,105,116,23,17,SAS,ORL,116.2,116.81,121.85,99.6,0.4622,0.3907,1.0,0.4,119.67,,108.9,113.54,107.36,96.1,0.4576,0.3487,1.0,0.6,112.6,,3.5,2,7,-5,0,0,106.66666666666667,115.66666666666667,0.0,3
1342,0022401101,2025-04-01,2024-25,Regular Season,133,123,13,20,MIL,PHX,113.6,116.56,116.85,97.55,0.4797,0.3738,1.0,0.4,117.6,,112.9,117.32,120.06,96.2,0.4861,0.398,1.0,0.5,103.0,,1.35,2,4,-2,0,0,117.33333333333333,117.0,0.3333333333333333,3
1343,0022401097,2025-04-01,2024-25,Regular Season,113,127,1,21,ATL,POR,122.8,121.54,116.81,101.0,0.4975,0.3828,1.0,0.6,121.8,,112.0,114.68,116.95,96.73,0.4442,0.3612,1.0,0.5,106.67,,4.27,9,2,7,0,0,110.66666666666667,108.66666666666667,0.3333333333333333,3
1344,0022401098,2025-04-01,2024-25,Regular Season,105,91,16,19,NYK,PHI,111.6,114.41,111.54,96.38,0.4817,0.3688,1.0,0.5,117.8,,112.3,111.76,124.47,99.32,0.4646,0.3505,1.0,0.1,117.5,,2.94,2,8,-6,0,0,108.6923076923077,101.38461538461539,0.7692307692307693,13
1338,0022401105,2025-04-02,2024-25,Regular Season,116,111,28,22,WAS,SAC,108.1,105.99,120.49,102.1,0.4411,0.3371,1.0,0.2,104.8,,111.3,113.66,120.58,97.85,0.4846,0.3703,1.0,0.3,102.0,,4.25,2,2,0,0,0,113.33333333333333,122.66666666666667,0.3333333333333333,3
1334,0022401107,2025-04-02,2024-25,Regular Season,143,105,9,26,HOU,UTA,121.1,120.64,110.73,99.02,0.4711,0.3855,1.0,0.8,125.2,,104.7,104.14,120.77,100.9,0.4393,0.3403,1.0,0.1,100.33,,1.88,8,2,6,0,0,122.0,117.16666666666667,0.6666666666666666,6
1341,0022401108,2025-04-02,2024-25,Regular Season,119,103,24,29,OKC,DET,125.2,123.5,105.65,101.3,0.5041,0.4353,1.0,1.0,135.2,,121.0,120.71,112.28,100.65,0.4867,0.4017,1.0,0.6,116.0,,0.65,2,3,-1,0,0,108.5,113.5,0.5,2
1339,0022401111,2025-04-02,2024-25,Regular Season,114,98,10,4,LAC,NOP,120.0,123.5,107.33,97.4,0.5159,0.4385,1.0,0.8,121.0,,106.3,109.11,119.64,97.6,0.474,0.3653,1.0,0.4,114.25,,0.2,10,10,0,0,0,110.5,113.33333333333333,0.3333333333333333,6
1336,0022401103,2025-04-02,2024-25,Regular Season,124,105,3,16,CLE,NYK,120.1,119.53,118.12,100.4,0.4838,0.3459,1.0,0.5,118.0,,110.7,114.27,109.94,96.7,0.4773,0.3688,1.0,0.6,103.25,,3.7,3,5,-2,0,0,116.66666666666667,105.33333333333333,0.6666666666666666,3
1337,0022401109,2025-04-02,2024-25,Regular Season,120,118,6,1,DAL,ATL,115.4,113.76,117.44,101.5,0.5087,0.3596,1.0,0.3,119.0,,120.9,118.87,116.3,101.8,0.488,0.3642,1.0,0.5,123.8,,0.3,2,3,-1,0,0,128.66666666666666,119.0,1.0,3
1335,0022401110,2025-04-02,2024-25,Regular Season,106,113,7,23,DEN,SAS,121.5,118.88,117.85,99.88,0.511,0.3756,1.0,0.5,128.0,,113.3,114.31,119.41,99.2,0.4611,0.3856,1.0,0.4,111.0,,0.68,1,6,-5,1,0,118.5,112.66666666666667,0.6666666666666666,6
1333,0022401104,2025-04-02,2024-25,Regular Season,119,105,18,30,IND,CHA,122.1,117.97,111.68,101.84,0.4982,0.3919,1.0,0.8,116.17,,106.6,109.68,120.59,97.4,0.4585,0.3684,1.0,0.3,105.83,,4.44,2,3,-1,0,0,110.6,107.8,0.4,5
1340,0022401106,2025-04-02,2024-25,Regular Season,103,124,2,12,BOS,MIA,116.7,123.34,110.62,94.7,0.4693,0.364,1.0,0.9,108.0,,108.2,112.57,109.43,96.3,0.4983,0.4001,1.0,0.5,106.0,,1.6,15,2,13,0,0,110.6,94.2,0.9,10
1331,0022401112,2025-04-03,2024-25,Regular Season,97,109,28,17,WAS,ORL,107.1,105.59,119.99,101.55,0.4439,0.3344,1.0,0.2,106.67,,109.2,113.33,108.31,96.45,0.4536,0.3476,1.0,0.6,113.2,,5.1,1,2,-1,1,0,108.85714285714286,123.71428571428571,0.0,7
1330,0022401115,2025-04-03,2024-25,Regular Season,113,126,19,13,PHI,MIL,111.4,110.6,123.38,99.57,0.4615,0.341,1.0,0.1,106.0,,114.3,117.9,119.27,97.0,0.5009,0.3899,1.0,0.4,109.6,,2.57,4,8,-4,0,0,109.6,123.0,0.0,5
1329,0022401117,2025-04-03,2024-25,Regular Season,116,123,11,8,LAL,GSW,113.7,114.41,116.84,99.2,0.47,0.3778,1.0,0.5,110.0,,114.7,115.25,108.85,99.25,0.4577,0.3677,1.0,0.7,118.8,,0.05,3,2,1,0,0,121.28571428571429,123.85714285714286,0.5714285714285714,7
1328,0022401113,2025-04-03,2024-25,Regular Season,90,105,15,14,BKN,MIN,104.8,107.25,116.01,97.27,0.4259,0.3448,1.0,0.3,104.4,,123.0,120.8,110.48,98.66,0.4899,0.3838,1.0,0.7,119.33,,1.39,6,2,4,0,0,90.0,98.5,0.0,2
1327,0022401114,2025-04-03,2024-25,Regular Season,108,110,12,27,MIA,MEM,111.5,117.1,110.21,95.7,0.5048,0.4086,1.0,0.6,113.4,,117.7,115.39,118.15,102.3,0.476,0.3703,1.0,0.2,114.6,,6.6,7,7,0,0,0,93.5,115.0,0.0,2
1332,0022401116,2025-04-03,2024-25,Regular Season,103,112,25,21,TOR,POR,110.1,106.38,108.91,103.4,0.4388,0.3453,1.0,0.5,98.5,,112.7,114.35,114.22,97.68,0.4414,0.35,1.0,0.6,109.0,,5.72,6,2,4,0,0,110.0,116.5,0.0,2
1321,0022401119,2025-04-04,2024-25,Regular Season,140,112,18,26,IND,UTA,122.1,118.6,110.25,101.29,0.4998,0.3933,1.0,0.9,116.57,,103.4,103.89,123.6,99.85,0.4381,0.3232,1.0,0.1,101.5,,1.44,2,2,0,0,0,108.5,121.5,0.5,2
1325,0022401123,2025-04-04,2024-25,Regular Season,125,111,9,24,HOU,OKC,122.1,121.48,111.7,99.02,0.4735,0.3793,1.0,0.8,127.2,,125.3,122.89,103.98,101.95,0.4991,0.4265,1.0,1.0,114.5,,2.93,2,10,-8,0,0,114.42857142857143,120.14285714285714,0.42857142857142855,7
1324,0022401118,2025-04-04,2024-25,Regular Season,102,125,30,22,CHA,SAC,102.6,106.08,119.45,97.05,0.4511,0.3536,1.0,0.2,107.75,,111.8,113.72,119.32,98.3,0.4773,0.3709,1.0,0.3,103.67,,1.25,4,2,2,0,0,99.0,119.0,0.3333333333333333,3
1322,0022401124,2025-04-04,2024-25,Regular Season,113,114,23,3,SAS,CLE,112.7,113.17,118.01,99.7,0.459,0.3816,1.0,0.4,114.0,,119.2,120.22,117.79,99.05,0.487,0.341,1.0,0.5,119.0,,0.65,3,7,-4,0,0,110.66666666666667,119.33333333333333,0.0,3
1323,0022401120,2025-04-04,2024-25,Regular Season,123,103,2,20,BOS,PHX,115.8,123.65,112.88,93.65,0.4705,0.3602,1.0,0.9,103.5,,114.8,119.07,121.95,96.45,0.4805,0.4023,1.0,0.5,109.33,,2.8,2,3,-1,0,0,125.33333333333333,107.0,1.0,3
1318,0022401121,2025-04-04,2024-25,Regular Season,105,117,25,29,TOR,DET,107.8,105.53,109.46,102.2,0.4362,0.3431,1.0,0.4,100.0,,119.0,118.77,113.83,100.65,0.4809,0.3899,1.0,0.5,113.4,,1.55,1,2,-1,1,0,113.66666666666667,113.16666666666667,0.16666666666666666,6
1319,0022401127,2025-04-04,2024-25,Regular Season,114,91,10,6,LAC,DAL,119.5,122.45,106.25,97.8,0.5093,0.431,1.0,0.8,119.6,,115.8,113.92,116.67,101.6,0.5061,0.3645,1.0,0.4,113.5,,3.8,2,6,-4,0,0,104.4,104.9,0.5,10
1317,0022401126,2025-04-04,2024-25,Regular Season,124,108,11,4,LAL,NOP,114.6,115.64,120.1,98.95,0.4721,0.3802,1.0,0.4,111.5,,103.4,106.25,119.52,97.35,0.4693,0.3287,1.0,0.3,111.0,,1.6,1,2,-1,1,0,124.16666666666667,110.33333333333333,0.8333333333333334,6
1326,0022401125,2025-04-04,2024-25,Regular Season,118,104,8,7,GSW,DEN,114.0,115.22,110.95,98.65,0.4476,0.3565,1.0,0.7,105.75,,119.0,116.26,116.13,100.18,0.4988,0.3632,1.0,0.4,111.75,,1.53,15,12,3,0,0,112.8,120.4,0.0,5
1320,0022401122,2025-04-04,2024-25,Regular Season,118,113,5,21,CHI,POR,124.1,119.46,114.18,104.2,0.4997,0.3984,1.0,0.7,125.0,,112.6,114.36,113.46,98.45,0.4458,0.3389,1.0,0.6,109.75,,5.75,3,1,2,0,1,105.33333333333333,105.33333333333333,0.6666666666666666,3
1312,0022401129,2025-04-05,2024-25,Regular Season,103,109,29,27,DET,MEM,118.2,118.67,112.29,100.0,0.4811,0.3919,1.0,0.6,124.5,,116.3,115.23,116.97,101.2,0.4736,0.3818,1.0,0.3,113.83,,1.2,8,2,6,0,0,102.75,116.25,0.0,4
1316,0022401132,2025-04-05,2024-25,Regular Season,135,104,10,6,LAC,DAL,118.8,121.75,105.64,97.75,0.504,0.4333,1.0,0.8,118.67,,115.3,113.79,115.15,101.25,0.5101,0.3481,1.0,0.4,112.67,,3.5,1,1,0,1,1,105.27272727272727,103.63636363636364,0.5454545454545454,11
1315,0022401131,2025-04-05,2024-25,Regular Season,115,121,12,13,MIA,MIL,113.2,118.72,108.54,95.8,0.5061,0.4267,1.0,0.6,112.5,,114.3,118.55,119.14,96.55,0.5026,0.401,1.0,0.4,112.33,,0.75,2,2,0,0,0,111.8,115.8,0.2,5
1314,0022401130,2025-04-05,2024-25,Regular Season,109,114,19,14,PHI,MIN,109.7,109.87,124.49,98.77,0.4576,0.3329,1.0,0.0,107.75,,122.0,120.1,110.47,98.26,0.4921,0.3723,1.0,0.7,116.0,,0.51,2,2,0,0,0,112.66666666666667,117.0,0.3333333333333333,3
1313,0022401128,2025-04-05,2024-25,Regular Season,105,121,1,16,ATL,NYK,120.4,118.62,117.57,101.55,0.4893,0.3638,1.0,0.4,116.75,,111.8,115.32,112.29,96.95,0.4787,0.3619,1.0,0.6,106.0,,4.6,4,3,1,0,0,119.5,116.66666666666667,0.5,6
1309,0022401137,2025-04-06,2024-25,Regular Season,124,90,2,28,BOS,WAS,117.8,125.54,114.07,93.8,0.4788,0.3581,1.0,0.9,110.0,,107.1,106.79,120.79,100.55,0.4473,0.3444,1.0,0.2,111.33,,6.75,2,11,-9,0,0,122.83333333333333,108.5,1.0,6
1311,0022401138,2025-04-06,2024-25,Regular Season,113,120,3,22,CLE,SAC,120.3,121.1,118.18,99.2,0.4924,0.3591,1.0,0.6,125.0,,111.1,113.92,118.22,97.55,0.4745,0.3665,1.0,0.3,109.0,,1.65,4,2,2,0,0,127.5,116.5,0.5,2
1308,0022401134,2025-04-06,2024-25,Regular Season,109,120,15,25,BKN,TOR,102.5,104.0,113.89,97.87,0.4219,0.3319,1.0,0.3,99.8,,108.1,105.41,110.32,102.55,0.4376,0.3459,1.0,0.4,112.67,,4.68,3,5,-2,0,0,101.42857142857143,107.71428571428571,0.5714285714285714,7
1307,0022401142,2025-04-06,2024-25,Regular Season,120,125,7,18,DEN,IND,117.1,115.38,116.05,99.43,0.5024,0.3666,1.0,0.4,124.0,,122.9,120.65,109.82,101.22,0.5076,0.3849,1.0,0.9,136.5,,1.79,4,8,-4,0,0,118.66666666666667,111.33333333333333,1.0,3
1306,0022401139,2025-04-06,2024-25,Regular Season,120,109,21,23,POR,SAS,113.4,114.31,113.88,99.4,0.4432,0.3291,1.0,0.5,116.4,,113.1,113.24,116.81,99.9,0.456,0.3754,1.0,0.4,112.0,,0.5,12,4,8,0,0,109.0,118.66666666666667,0.16666666666666666,6
1305,0022401133,2025-04-06,2024-25,Regular Season,117,131,30,5,CHA,CHI,104.0,107.82,119.92,96.8,0.4515,0.3583,1.0,0.2,106.6,,124.5,119.11,113.38,104.75,0.5006,0.3986,1.0,0.8,125.33,,7.95,2,6,-4,0,0,105.85714285714286,114.0,0.14285714285714285,7
1304,0022401140,2025-04-06,2024-25,Regular Season,112,98,16,20,NYK,PHX,112.3,115.71,113.21,97.05,0.4828,0.3665,1.0,0.6,115.6,,112.9,117.17,124.0,96.3,0.4727,0.3789,1.0,0.4,107.75,,0.75,5,2,3,0,0,130.0,120.0,0.6666666666666666,3
1302,0022401136,2025-04-06,2024-25,Regular Season,147,134,1,26,ATL,UTA,121.1,119.53,117.82,101.35,0.4939,0.3676,1.0,0.4,118.5,,104.4,104.76,124.9,99.85,0.4323,0.3224,1.0,0.1,104.0,,1.5,1,2,-1,1,0,123.33333333333333,114.0,0.6666666666666666,3
1303,0022401135,2025-04-06,2024-25,Regular Season,99,126,24,11,OKC,LAL,125.1,123.01,105.94,101.7,0.4991,0.4342,1.0,0.9,132.5,,114.5,116.31,120.46,98.45,0.4751,0.3796,1.0,0.4,119.25,,3.25,4,8,-4,0,0,112.6,112.0,0.4,5
1301,0022401143,2025-04-06,2024-25,Regular Season,96,106,8,9,GSW,HOU,116.1,116.83,111.67,99.05,0.4567,0.3669,1.0,0.7,111.0,,122.9,122.37,111.4,98.97,0.4775,0.3923,1.0,0.8,117.0,,0.08,2,6,-4,0,0,112.5,104.83333333333333,0.8333333333333334,6
1310,0022400617,2025-04-06,2024-25,Regular Season,107,111,4,13,NOP,MIL,104.9,107.4,120.15,97.75,0.4738,0.3419,1.0,0.3,96.5,,115.9,119.15,117.64,96.4,0.5145,0.3961,1.0,0.5,113.57,,1.35,7,1,6,0,1,112.0,120.5,0.5,2
1299,0022401145,2025-04-07,2024-25,Regular Season,117,105,12,19,MIA,PHI,115.2,119.78,107.88,95.75,0.5007,0.4332,1.0,0.6,112.86,,106.9,108.65,123.4,98.4,0.4555,0.3182,1.0,0.0,105.8,,2.65,2,6,-4,0,0,108.0,101.28571428571429,0.7142857142857143,7
1300,0022401144,2025-04-07,2024-25,Regular Season,117,127,29,22,DET,SAC,117.8,118.28,112.01,99.95,0.4719,0.3757,1.0,0.6,123.5,,110.8,113.74,117.73,97.45,0.4777,0.3632,1.0,0.3,111.2,,2.5,2,1,1,0,1,119.0,121.33333333333333,0.6666666666666666,3
1293,0022401154,2025-04-08,2024-25,Regular Season,95,133,20,8,PHX,GSW,113.1,117.49,124.41,96.3,0.4758,0.3687,1.0,0.4,116.33,,115.2,116.44,111.53,98.5,0.4495,0.3799,1.0,0.7,119.5,,2.2,9,5,4,0,0,117.0,110.5,0.6666666666666666,6
1298,0022401152,2025-04-08,2024-25,Regular Season,110,103,13,14,MIL,MIN,117.7,120.56,117.51,96.8,0.522,0.3989,1.0,0.6,121.33,,121.6,120.42,110.73,97.76,0.4902,0.3623,1.0,0.7,115.5,,0.96,7,3,4,0,0,106.66666666666667,112.33333333333333,0.6666666666666666,3
1297,0022401148,2025-04-08,2024-25,Regular Season,104,98,18,28,IND,WAS,121.9,119.81,108.89,101.12,0.5006,0.3733,1.0,0.9,117.29,,104.9,105.7,121.77,99.5,0.4418,0.3444,1.0,0.2,104.0,,1.62,4,2,2,0,0,129.2,116.6,0.8,5
1296,0022401149,2025-04-08,2024-25,Regular Season,119,112,17,1,ORL,ATL,109.0,114.23,107.53,95.4,0.455,0.3414,1.0,0.7,105.2,,124.4,122.65,118.89,101.45,0.504,0.3916,1.0,0.5,124.6,,6.05,8,6,2,0,0,106.6,109.0,0.4,5
1295,0022401153,2025-04-08,2024-25,Regular Season,136,120,24,11,OKC,LAL,122.9,120.97,108.38,101.5,0.4907,0.4321,1.0,0.8,127.71,,115.1,117.81,120.18,97.8,0.4793,0.3925,1.0,0.4,120.6,,3.7,2,2,0,0,0,110.33333333333333,114.33333333333333,0.3333333333333333,6
1294,0022401151,2025-04-08,2024-25,Regular Season,117,119,16,2,NYK,BOS,113.0,116.56,111.01,96.95,0.4945,0.3797,1.0,0.7,115.0,,118.7,125.79,110.93,94.25,0.4754,0.3701,1.0,0.9,122.17,,2.7,2,8,-6,0,0,110.16666666666667,123.16666666666667,0.16666666666666666,6
1292,0022401150,2025-04-08,2024-25,Regular Season,119,114,15,4,BKN,NOP,101.2,101.71,113.51,98.82,0.4217,0.3119,1.0,0.2,97.2,,104.1,106.6,119.35,97.75,0.4691,0.344,1.0,0.3,109.6,,1.07,2,4,-2,0,0,94.33333333333333,107.0,0.3333333333333333,3
1291,0022401147,2025-04-08,2024-25,Regular Season,135,113,3,5,CLE,CHI,119.7,120.22,116.93,99.3,0.4958,0.3513,1.0,0.6,122.0,,126.5,121.26,115.39,104.6,0.5108,0.4119,1.0,0.8,128.67,,5.3,2,2,0,0,0,121.57142857142857,111.28571428571429,0.8571428571428571,7
1290,0022401146,2025-04-08,2024-25,Regular Season,100,124,30,27,CHA,MEM,105.5,108.66,119.1,97.3,0.4545,0.3517,1.0,0.2,109.6,,114.7,112.82,117.58,101.85,0.4597,0.3712,1.0,0.3,113.14,,4.55,2,3,-1,0,0,115.0,112.0,0.6666666666666666,3
1289,0022401155,2025-04-08,2024-25,Regular Season,122,117,10,23,LAC,SAS,120.0,122.83,107.15,97.85,0.5119,0.4226,1.0,0.8,120.67,,112.0,110.8,117.08,101.05,0.4492,0.3621,1.0,0.3,111.4,,3.2,3,2,1,0,0,112.0,108.6,0.8,5
1281,0022401156,2025-04-09,2024-25,Regular Season,96,76,17,2,ORL,BOS,110.1,115.81,108.78,95.05,0.463,0.3407,1.0,0.7,107.5,,120.2,126.4,112.08,94.14,0.4771,0.3756,1.0,0.9,121.71,,0.91,1,1,0,1,1,104.6,112.6,0.4,5
1285,0022401164,2025-04-09,2024-25,Regular Season,112,125,20,24,PHX,OKC,109.7,113.46,127.95,96.95,0.4645,0.3453,1.0,0.3,110.67,,123.2,121.14,110.5,101.5,0.4885,0.4345,1.0,0.8,111.67,,4.55,1,5,-4,1,0,101.25,121.25,0.0,4
1284,0022401165,2025-04-09,2024-25,Regular Season,116,124,22,7,SAC,DEN,111.9,115.41,116.85,97.15,0.4816,0.3654,1.0,0.4,109.0,,117.7,115.85,117.76,99.58,0.5095,0.3565,1.0,0.3,109.25,,2.43,13,5,8,0,0,116.85714285714286,116.57142857142857,0.42857142857142855,7
1283,0022401163,2025-04-09,2024-25,Regular Season,111,114,8,23,GSW,SAS,118.1,118.52,111.25,99.1,0.4563,0.3788,1.0,0.7,110.33,,110.9,110.19,117.63,100.7,0.4493,0.3539,1.0,0.2,112.33,,1.6,3,1,2,0,1,117.0,110.5,0.6666666666666666,6
1282,0022401160,2025-04-09,2024-25,Regular Season,119,111,5,12,CHI,MIA,125.7,120.03,116.06,104.85,0.5041,0.4073,1.0,0.8,123.25,,115.6,120.43,106.98,95.55,0.5024,0.4463,1.0,0.7,120.67,,9.3,5,7,-2,0,0,114.83333333333333,113.66666666666667,0.6666666666666666,6
1279,0022401157,2025-04-09,2024-25,Regular Season,103,122,28,19,WAS,PHI,104.2,105.41,120.6,99.1,0.4411,0.329,1.0,0.2,105.33,,107.4,109.47,122.03,98.15,0.4619,0.3182,1.0,0.0,106.8,,0.95,6,2,4,0,0,112.4,123.8,0.2,5
1287,0022401166,2025-04-09,2024-25,Regular Season,134,117,10,9,LAC,HOU,119.0,121.28,106.32,98.3,0.5087,0.4236,1.0,0.8,119.0,,119.1,120.1,108.51,98.9,0.4782,0.3841,1.0,0.8,115.17,,0.6,1,3,-2,1,0,108.0,117.0,0.2,5
1288,0022401159,2025-04-09,2024-25,Regular Season,97,112,6,11,DAL,LAL,113.2,112.17,116.15,100.85,0.5008,0.3446,1.0,0.4,117.33,,118.2,120.75,121.62,98.05,0.4841,0.4031,1.0,0.4,120.5,,2.8,7,1,6,0,1,111.6,111.4,0.6,5
1286,0022401158,2025-04-09,2024-25,Regular Season,126,96,25,30,TOR,CHA,111.2,106.95,106.79,104.0,0.452,0.3506,1.0,0.5,101.25,,104.0,106.78,121.42,97.6,0.4513,0.3337,1.0,0.1,101.4,,6.4,5,7,-2,0,0,117.5,112.66666666666667,0.6666666666666666,6
1280,0022401162,2025-04-09,2024-25,Regular Season,133,126,26,21,UTA,POR,108.1,108.79,128.74,99.5,0.4433,0.3436,1.0,0.1,106.2,,114.2,114.21,114.37,100.15,0.448,0.3331,1.0,0.5,110.4,,0.65,13,5,8,0,0,119.66666666666667,113.83333333333333,0.5,6
1278,0022401161,2025-04-10,2024-25,Regular Season,136,111,13,4,MIL,NOP,116.9,120.1,119.29,96.5,0.522,0.4008,1.0,0.6,118.5,,107.4,109.57,118.19,98.05,0.4841,0.3648,1.0,0.3,110.33,,1.55,2,2,0,0,0,117.33333333333333,110.33333333333333,0.6666666666666666,3
1275,0022401169,2025-04-10,2024-25,Regular Season,109,133,15,1,BKN,ATL,103.5,103.06,113.52,99.72,0.4302,0.3255,1.0,0.3,100.83,,122.2,120.66,120.75,101.3,0.4957,0.3768,1.0,0.4,120.2,,1.58,2,2,0,0,0,122.5,115.5,0.6666666666666666,6
1277,0022401167,2025-04-10,2024-25,Regular Season,115,106,29,16,DET,NYK,116.8,117.77,117.42,99.45,0.4643,0.3719,1.0,0.5,122.2,,114.9,117.82,110.7,96.59,0.502,0.383,1.0,0.7,114.0,,2.86,3,5,-2,0,0,110.66666666666667,118.83333333333333,0.3333333333333333,6
1276,0022401168,2025-04-10,2024-25,Regular Season,114,112,18,3,IND,CLE,121.8,121.09,110.02,100.8,0.4953,0.3732,1.0,0.9,117.14,,121.3,121.32,115.12,99.85,0.492,0.3631,1.0,0.7,118.0,,0.95,2,6,-4,0,0,112.0,114.25,0.25,4
1274,0022401170,2025-04-10,2024-25,Regular Season,125,141,27,14,MEM,MIN,114.9,113.62,114.99,101.35,0.456,0.3606,1.0,0.4,118.33,,119.1,118.95,112.43,96.91,0.4868,0.3622,1.0,0.6,113.0,,4.44,9,2,7,0,0,106.5,117.5,0.3333333333333333,6
1267,0022401174,2025-04-11,2024-25,Regular Season,130,94,2,30,BOS,CHA,115.7,122.34,112.32,93.54,0.4697,0.3598,1.0,0.8,116.67,,103.0,105.15,119.36,98.1,0.4489,0.3188,1.0,0.1,99.4,,4.56,5,2,3,0,0,120.8,107.0,0.8,5
1272,0022401182,2025-04-11,2024-25,Regular Season,117,98,20,23,PHX,SAS,108.2,111.87,128.23,97.05,0.4638,0.3435,1.0,0.2,108.17,,110.0,110.51,120.58,99.85,0.4497,0.3604,1.0,0.2,110.83,,2.8,2,2,0,0,0,111.5,105.75,0.5,4
1271,0022401171,2025-04-11,2024-25,Regular Season,119,125,29,13,DET,MIL,116.7,118.28,117.17,99.0,0.4711,0.3692,1.0,0.5,121.0,,119.1,120.28,117.92,98.05,0.524,0.3989,1.0,0.6,116.2,,0.95,1,5,-4,1,0,117.8,132.8,0.0,5
1270,0022401177,2025-04-11,2024-25,Regular Season,104,153,4,12,NOP,MIA,106.6,107.8,119.17,98.95,0.474,0.3519,1.0,0.2,103.0,,116.9,120.89,108.02,96.25,0.4981,0.441,1.0,0.7,118.25,,2.7,5,2,3,0,0,104.66666666666667,104.33333333333333,0.3333333333333333,3
1269,0022401181,2025-04-11,2024-25,Regular Season,111,145,26,24,UTA,OKC,108.6,107.36,128.42,100.05,0.4381,0.3448,1.0,0.1,107.2,,121.6,118.98,110.44,102.0,0.4834,0.4207,1.0,0.8,115.0,,1.95,2,2,0,0,0,115.28571428571429,127.14285714285714,0.14285714285714285,7
1268,0022401173,2025-04-11,2024-25,Regular Season,110,124,19,1,PHI,ATL,107.6,109.55,119.62,98.2,0.448,0.3124,1.0,0.1,108.0,,123.1,120.69,119.45,102.0,0.4958,0.3768,1.0,0.4,122.33,,3.8,6,1,5,0,1,124.33333333333333,126.66666666666667,0.3333333333333333,6
1266,0022401175,2025-04-11,2024-25,Regular Season,102,108,16,3,NYK,CLE,113.3,117.36,113.12,95.54,0.5003,0.3783,1.0,0.6,114.17,,121.3,120.74,113.83,100.25,0.4912,0.3712,1.0,0.7,118.0,,4.71,3,1,2,0,1,105.25,118.5,0.25,4
1265,0022401184,2025-04-11,2024-25,Regular Season,100,101,22,10,SAC,LAC,112.7,116.01,117.51,97.4,0.4832,0.3861,1.0,0.4,111.0,,119.6,121.76,107.34,98.3,0.5043,0.425,1.0,0.8,119.0,,0.9,2,11,-9,0,0,106.28571428571429,110.57142857142857,0.2857142857142857,7
1264,0022401176,2025-04-11,2024-25,Regular Season,119,89,5,28,CHI,WAS,124.8,118.5,115.0,105.35,0.5035,0.4022,1.0,0.8,122.4,,104.2,105.5,120.71,99.0,0.4359,0.3287,1.0,0.2,102.33,,6.35,2,3,-1,0,0,122.16666666666667,111.66666666666667,0.6666666666666666,6
1262,0022401185,2025-04-11,2024-25,Regular Season,140,109,11,9,LAL,HOU,117.9,121.59,118.17,96.95,0.4826,0.3949,1.0,0.5,114.67,,119.2,119.84,110.92,99.15,0.4824,0.4027,1.0,0.7,115.33,,2.2,7,2,5,0,0,110.0,110.6,0.6,5
1261,0022401180,2025-04-11,2024-25,Regular Season,117,109,7,27,DEN,MEM,119.3,118.45,118.34,98.78,0.5124,0.3614,1.0,0.4,123.33,,117.5,115.86,117.31,101.6,0.4675,0.3839,1.0,0.4,115.83,,2.82,5,3,2,0,0,121.6,106.8,0.8,5
1273,0022401179,2025-04-11,2024-25,Regular Season,117,91,14,15,MIN,BKN,120.2,121.47,112.89,96.83,0.4966,0.3767,1.0,0.7,124.0,,104.5,104.07,116.4,100.55,0.4346,0.3398,1.0,0.3,110.33,,3.72,12,11,1,0,0,100.66666666666667,90.0,1.0,3
1260,0022401172,2025-04-11,2024-25,Regular Season,115,129,18,17,IND,ORL,122.4,121.92,111.01,100.65,0.4939,0.3759,1.0,0.9,118.0,,108.9,115.23,105.24,94.4,0.4591,0.3506,1.0,0.8,114.0,,6.25,1,8,-7,1,0,110.0,111.0,0.3333333333333333,6
1259,0022401183,2025-04-11,2024-25,Regular Season,86,103,21,8,POR,GSW,115.3,113.48,115.84,100.75,0.4525,0.3184,1.0,0.4,118.75,,117.5,119.06,112.44,98.1,0.456,0.3717,1.0,0.6,121.43,,2.65,5,3,2,0,0,107.0,120.66666666666667,0.0,6
1263,0022401178,2025-04-11,2024-25,Regular Season,124,102,6,25,DAL,TOR,109.8,110.13,115.2,99.7,0.4963,0.3385,1.0,0.4,112.25,,112.4,108.36,105.06,103.75,0.4427,0.3448,1.0,0.6,118.6,,4.05,2,5,-3,0,0,130.5,121.5,1.0,2
1255,0022401187,2025-04-13,2024-25,Regular Season,93,86,2,30,BOS,CHA,115.8,121.32,109.11,94.34,0.4668,0.3589,1.0,0.8,120.0,,101.9,103.61,119.52,98.55,0.4405,0.323,1.0,0.1,97.2,,4.21,2,2,0,0,0,122.33333333333333,104.83333333333333,0.8333333333333334,6
1256,0022401196,2025-04-13,2024-25,Regular Season,100,115,4,24,NOP,OKC,107.7,108.12,119.93,99.75,0.464,0.3542,1.0,0.2,103.2,,125.8,121.91,110.31,103.05,0.4992,0.4317,1.0,0.8,125.5,,3.3,2,2,0,0,0,94.55555555555556,112.11111111111111,0.0,9
1254,0022401199,2025-04-13,2024-25,Regular Season,109,81,21,11,POR,LAL,111.1,108.58,114.59,101.35,0.4361,0.2984,1.0,0.3,108.25,,121.3,123.4,115.44,98.35,0.4972,0.415,1.0,0.6,121.5,,3.0,2,4,-2,0,0,102.2,114.4,0.0,5
1258,0022401197,2025-04-13,2024-25,Regular Season,125,118,23,25,SAS,TOR,110.2,110.19,119.4,100.35,0.4567,0.3668,1.0,0.2,108.75,,113.7,109.44,105.04,103.9,0.4447,0.3474,1.0,0.6,115.83,,3.55,9,2,7,0,0,122.5,94.0,1.0,2
1244,0022401191,2025-04-13,2024-25,Regular Season,102,122,19,5,PHI,CHI,106.7,108.43,118.82,98.3,0.4483,0.3143,1.0,0.1,108.33,,122.1,116.4,112.69,105.05,0.4914,0.3876,1.0,0.8,122.5,,6.75,2,5,-3,0,0,105.5,108.16666666666667,0.5,6
1257,0022401188,2025-04-13,2024-25,Regular Season,105,113,15,16,BKN,NYK,103.3,103.86,118.43,99.6,0.428,0.3342,1.0,0.3,102.0,,110.7,115.66,113.64,94.69,0.4816,0.3788,1.0,0.5,112.0,,4.91,3,3,0,0,0,103.71428571428571,111.71428571428571,0.0,7
1245,0022401186,2025-04-13,2024-25,Regular Season,117,105,1,17,ATL,ORL,122.3,119.89,118.33,102.1,0.4885,0.369,1.0,0.4,121.67,,109.8,115.52,105.59,94.95,0.4688,0.3507,1.0,0.8,116.25,,7.15,7,2,5,0,0,109.5,108.66666666666667,0.5,6
1253,0022401193,2025-04-13,2024-25,Regular Season,111,126,9,7,HOU,DEN,119.9,119.59,113.93,100.1,0.4816,0.388,1.0,0.6,125.0,,120.1,118.57,115.59,99.43,0.5108,0.3476,1.0,0.5,114.67,,0.67,9,4,5,0,0,116.4,110.0,0.6,5
1248,0022401198,2025-04-13,2024-25,Regular Season,119,124,8,10,GSW,LAC,116.3,117.77,108.47,98.25,0.4494,0.3614,1.0,0.7,108.33,,119.6,122.45,107.47,97.8,0.5129,0.4275,1.0,0.9,115.4,,0.45,4,2,2,0,0,109.28571428571429,113.42857142857143,0.14285714285714285,7
1246,0022401194,2025-04-13,2024-25,Regular Season,132,97,27,6,MEM,DAL,117.6,115.64,115.72,101.95,0.4705,0.3777,1.0,0.4,120.0,,109.9,110.11,113.65,99.8,0.4989,0.3473,1.0,0.4,108.17,,2.15,3,8,-5,0,0,116.33333333333333,108.83333333333333,0.6666666666666666,6
1247,0022401189,2025-04-13,2024-25,Regular Season,118,126,3,18,CLE,IND,120.1,120.23,115.7,99.6,0.4948,0.3838,1.0,0.7,124.6,,122.0,121.33,113.3,100.85,0.4899,0.3802,1.0,0.8,132.67,,1.25,5,7,-2,0,0,113.8,112.4,0.6,5
1251,0022401195,2025-04-13,2024-25,Regular Season,116,105,14,26,MIN,UTA,120.4,122.46,110.64,96.23,0.5056,0.3712,1.0,0.8,124.5,,109.8,107.33,129.37,101.2,0.4308,0.3318,1.0,0.1,110.0,,4.97,2,7,-5,0,0,119.33333333333333,104.33333333333333,0.8333333333333334,6
1249,0022401200,2025-04-13,2024-25,Regular Season,109,98,22,20,SAC,PHX,113.2,116.86,117.2,96.85,0.4814,0.3851,1.0,0.4,112.25,,107.6,111.0,126.56,97.25,0.4579,0.3387,1.0,0.2,108.25,,0.4,2,7,-5,0,0,117.875,114.0,0.5,8
1250,0022401192,2025-04-13,2024-25,Regular Season,140,133,13,29,MIL,DET,121.0,121.13,118.08,98.9,0.5251,0.4117,1.0,0.7,122.0,,116.9,118.82,117.73,98.7,0.4737,0.3799,1.0,0.5,108.0,,0.2,3,9,-6,0,0,131.5,118.0,1.0,6
1252,0022401190,2025-04-13,2024-25,Regular Season,118,119,12,28,MIA,WAS,120.0,122.35,106.89,97.35,0.4966,0.444,1.0,0.7,114.8,,102.7,104.42,121.91,98.55,0.4342,0.3234,1.0,0.2,99.0,,1.2,6,2,4,0,0,112.6,100.6,0.8,5
2556,0042400171,2025-04-19,2024-25,Playoffs,112,110,7,10,DEN,LAC,121.1,118.83,114.85,100.03,0.5113,0.3345,1.0,0.5,122.43,,119.4,121.28,107.22,97.56,0.5176,0.4209,1.0,0.9,115.0,,2.47,8,6,2,0,0,112.42857142857143,107.57142857142857,0.42857142857142855,7
2557,0042400161,2025-04-19,2024-25,Playoffs,95,117,11,14,LAL,MIN,117.4,119.8,114.89,97.9,0.4841,0.4024,1.0,0.6,121.0,,118.6,120.88,111.86,96.13,0.4986,0.3582,1.0,0.8,117.67,,1.77,8,9,-1,0,0,105.25,109.125,0.375,8
2554,0042400121,2025-04-19,2024-25,Playoffs,123,112,16,29,NYK,DET,110.7,115.04,110.76,95.19,0.4746,0.3787,1.0,0.6,109.2,,116.6,117.14,117.17,98.82,0.4667,0.3691,1.0,0.4,114.25,,3.63,8,6,2,0,0,117.0,111.28571428571429,0.5714285714285714,7
2555,0042400131,2025-04-19,2024-25,Playoffs,117,98,18,13,IND,MIL,122.7,118.72,110.32,101.69,0.4796,0.3623,1.0,0.8,117.17,,123.3,122.15,117.58,98.82,0.5315,0.4208,1.0,0.8,120.75,,2.87,8,8,0,0,0,118.5,118.0,0.5714285714285714,14
2553,0042400111,2025-04-20,2024-25,Playoffs,103,86,2,17,BOS,ORL,113.8,120.24,108.77,93.59,0.4601,0.352,1.0,0.8,114.6,,108.5,113.02,105.89,95.75,0.4649,0.3561,1.0,0.7,114.0,,2.16,7,7,0,0,0,106.5,103.16666666666667,0.5,6
2550,0042400151,2025-04-20,2024-25,Playoffs,85,95,9,8,HOU,GSW,119.9,118.85,114.19,100.7,0.4828,0.3909,1.0,0.6,125.0,,119.6,120.22,108.56,98.21,0.464,0.3832,1.0,0.7,125.33,,2.49,7,9,-2,0,0,105.0,110.14285714285714,0.2857142857142857,7
2551,0042400101,2025-04-20,2024-25,Playoffs,121,100,3,12,CLE,MIA,119.7,117.04,114.18,100.34,0.4786,0.3694,1.0,0.6,123.5,,120.6,121.37,109.11,98.55,0.4908,0.4073,1.0,0.6,125.2,,1.79,7,9,-2,0,0,106.57142857142857,113.0,0.42857142857142855,7
2552,0042400141,2025-04-20,2024-25,Playoffs,131,80,24,27,OKC,MEM,125.2,121.31,109.71,103.1,0.4886,0.3914,1.0,0.8,126.0,,116.8,114.0,114.61,102.5,0.4674,0.3708,1.0,0.4,111.2,,0.6,12,9,3,0,0,122.57142857142857,103.85714285714286,1.0,7
2548,0042400122,2025-04-21,2024-25,Playoffs,94,100,16,29,NYK,DET,111.4,115.26,110.93,95.54,0.4789,0.3808,1.0,0.6,111.5,,115.6,115.45,119.15,99.42,0.458,0.3676,1.0,0.3,113.8,,3.88,2,2,0,0,0,117.75,111.375,0.625,8
2549,0042400172,2025-04-21,2024-25,Playoffs,102,105,7,10,DEN,LAC,120.4,118.03,112.97,99.13,0.5075,0.3372,1.0,0.6,121.43,,117.2,119.1,108.4,96.6,0.5126,0.4059,1.0,0.8,110.6,,2.53,2,2,0,0,0,112.375,107.875,0.5,8
2547,0042400142,2025-04-22,2024-25,Playoffs,118,99,24,27,OKC,MEM,125.8,121.42,107.05,103.55,0.4902,0.3849,1.0,0.8,127.0,,114.4,111.34,114.72,102.95,0.46,0.3503,1.0,0.4,106.4,,0.6,2,2,0,0,0,123.625,100.875,1.0,8
2545,0042400162,2025-04-22,2024-25,Playoffs,94,85,11,14,LAL,MIN,115.2,119.35,116.86,96.25,0.4744,0.4097,1.0,0.6,115.8,,120.0,124.18,111.22,94.58,0.5014,0.3825,1.0,0.9,120.0,,1.67,3,3,0,0,0,104.11111111111111,110.0,0.3333333333333333,9
2546,0042400132,2025-04-22,2024-25,Playoffs,123,115,18,13,IND,MIL,118.2,114.9,109.84,101.14,0.4674,0.3431,1.0,0.8,117.14,,122.4,120.89,117.56,99.02,0.5185,0.4057,1.0,0.8,116.2,,2.12,3,3,0,0,0,118.4,116.66666666666667,0.6,15
2542,0042400102,2025-04-23,2024-25,Playoffs,121,112,3,12,CLE,MIA,119.4,118.75,114.3,98.84,0.4832,0.3759,1.0,0.6,123.0,,118.4,120.28,111.43,97.55,0.4859,0.3947,1.0,0.5,121.0,,1.29,3,3,0,0,0,108.375,111.375,0.5,8
2543,0042400152,2025-04-23,2024-25,Playoffs,109,94,9,8,HOU,GSW,116.3,116.65,113.57,99.4,0.4767,0.3834,1.0,0.5,116.0,,118.0,119.21,108.11,97.61,0.4701,0.3971,1.0,0.7,122.67,,1.79,3,3,0,0,0,102.5,108.25,0.25,8
2544,0042400112,2025-04-23,2024-25,Playoffs,109,100,2,17,BOS,ORL,110.9,118.33,108.03,92.69,0.4546,0.3529,1.0,0.8,112.67,,106.0,111.23,106.67,95.0,0.4613,0.3621,1.0,0.6,109.0,,2.31,3,3,0,0,0,106.0,100.71428571428571,0.5714285714285714,7
2540,0042400123,2025-04-24,2024-25,Playoffs,116,118,29,16,DET,NYK,112.3,112.81,117.0,98.82,0.4548,0.3457,1.0,0.3,113.5,,109.8,113.25,111.57,95.74,0.4673,0.3694,1.0,0.5,111.25,,3.08,13,11,2,0,0,110.11111111111111,115.11111111111111,0.4444444444444444,9
2539,0042400173,2025-04-24,2024-25,Playoffs,117,83,10,7,LAC,DEN,115.5,118.54,107.28,95.5,0.5124,0.4051,1.0,0.9,123.8,,117.9,116.42,112.32,98.48,0.4999,0.3378,1.0,0.5,118.0,,2.98,15,11,4,0,0,107.55555555555556,111.22222222222223,0.5555555555555556,9
2541,0042400143,2025-04-24,2024-25,Playoffs,108,114,27,24,MEM,OKC,111.6,108.91,113.64,102.6,0.4503,0.3388,1.0,0.4,121.25,,124.4,120.53,106.38,103.1,0.4824,0.371,1.0,0.8,124.0,,0.5,11,11,0,0,0,100.66666666666667,123.0,0.0,9
2538,0042400163,2025-04-25,2024-25,Playoffs,116,104,14,11,MIN,LAL,116.1,120.79,110.3,93.93,0.4866,0.3538,1.0,0.8,118.67,,111.2,117.15,114.19,94.7,0.4691,0.3862,1.0,0.6,109.75,,0.77,12,12,0,0,0,107.5,103.1,0.6,10
2536,0042400133,2025-04-25,2024-25,Playoffs,117,101,13,18,MIL,IND,121.5,120.83,115.92,98.47,0.5215,0.4114,1.0,0.8,129.75,,119.4,116.63,109.01,100.54,0.4715,0.3542,1.0,0.9,125.5,,2.07,12,12,0,0,0,116.5625,118.6875,0.375,16
2537,0042400113,2025-04-25,2024-25,Playoffs,95,93,17,2,ORL,BOS,106.8,113.11,108.51,94.15,0.4664,0.3695,1.0,0.6,105.75,,109.7,117.84,107.83,91.99,0.4517,0.352,1.0,0.8,104.0,,2.16,16,16,0,0,0,100.625,106.375,0.375,8
2533,0042400103,2025-04-26,2024-25,Playoffs,87,124,12,3,MIA,CLE,117.8,119.38,114.08,97.7,0.4905,0.3838,1.0,0.4,114.5,,119.3,119.78,112.92,98.09,0.4844,0.3873,1.0,0.7,111.33,,0.39,13,15,-2,0,0,111.44444444444444,109.77777777777777,0.4444444444444444,9
2535,0042400144,2025-04-26,2024-25,Playoffs,115,117,27,24,MEM,OKC,112.1,109.61,113.8,102.3,0.4491,0.3471,1.0,0.4,122.5,,121.3,119.22,106.83,101.75,0.4746,0.3517,1.0,0.8,122.0,,0.55,2,2,0,0,0,101.4,122.1,0.0,10
2534,0042400153,2025-04-26,2024-25,Playoffs,104,93,8,9,GSW,HOU,112.6,114.9,109.48,96.66,0.4537,0.3889,1.0,0.6,111.0,,115.1,115.77,112.02,99.2,0.4759,0.3885,1.0,0.5,115.6,,2.54,13,15,-2,0,0,106.66666666666667,103.22222222222223,0.6666666666666666,9
2532,0042400174,2025-04-26,2024-25,Playoffs,99,101,10,7,LAC,DEN,117.6,121.63,107.15,95.05,0.5167,0.4255,1.0,0.9,122.67,,113.3,113.12,116.59,97.08,0.4824,0.3268,1.0,0.4,109.25,,2.03,2,2,0,0,0,108.5,108.4,0.6,10
2531,0042400134,2025-04-27,2024-25,Playoffs,103,129,13,18,MIL,IND,119.9,119.2,113.31,98.62,0.4998,0.3894,1.0,0.8,125.75,,118.4,115.84,110.26,100.24,0.4681,0.3518,1.0,0.8,117.33,,1.62,2,2,0,0,0,116.58823529411765,117.6470588235294,0.4117647058823529,17
2528,0042400124,2025-04-27,2024-25,Playoffs,93,94,29,16,DET,NYK,113.5,113.82,116.36,98.97,0.4643,0.3573,1.0,0.3,114.0,,111.1,114.47,113.93,95.89,0.4714,0.3682,1.0,0.5,112.6,,3.08,3,3,0,0,0,110.7,115.4,0.4,10
2529,0042400164,2025-04-27,2024-25,Playoffs,116,113,14,11,MIN,LAL,115.4,120.07,110.3,93.93,0.4877,0.3512,1.0,0.8,116.33,,111.2,117.37,116.25,94.5,0.4772,0.3939,1.0,0.5,108.6,,0.57,2,2,0,0,0,108.27272727272727,103.18181818181819,0.6363636363636364,11
2530,0042400114,2025-04-27,2024-25,Playoffs,98,107,17,2,ORL,BOS,104.2,111.2,109.35,93.5,0.458,0.3483,1.0,0.6,99.25,,107.3,116.7,108.29,90.79,0.4557,0.3514,1.0,0.7,96.0,,2.71,2,2,0,0,0,100.0,104.88888888888889,0.4444444444444444,9
2527,0042400104,2025-04-28,2024-25,Playoffs,83,138,12,3,MIA,CLE,114.5,117.52,118.84,96.25,0.4821,0.4028,1.0,0.3,109.0,,119.0,121.2,110.65,96.84,0.4874,0.3915,1.0,0.7,114.5,,0.59,2,2,0,0,0,109.0,111.2,0.4,10
2526,0042400154,2025-04-28,2024-25,Playoffs,109,106,8,9,GSW,HOU,109.6,113.32,107.8,95.36,0.4546,0.3807,1.0,0.6,109.6,,109.6,111.4,112.7,98.15,0.4583,0.3697,1.0,0.4,104.6,,2.79,2,2,0,0,0,106.4,102.2,0.7,10
2522,0042400115,2025-04-29,2024-25,Playoffs,120,89,2,17,BOS,ORL,107.7,116.23,104.41,91.49,0.4545,0.3525,1.0,0.8,113.67,,105.3,112.39,110.65,93.45,0.4617,0.3481,1.0,0.6,107.5,,1.96,6,6,0,0,0,105.1,99.8,0.6,10
2525,0042400135,2025-04-29,2024-25,Playoffs,119,118,18,13,IND,MIL,119.4,116.89,110.17,100.19,0.4788,0.3571,1.0,0.8,118.83,,117.6,117.03,115.12,98.47,0.4853,0.3783,1.0,0.7,114.0,,1.72,7,7,0,0,0,118.27777777777777,115.83333333333333,0.6111111111111112,18
2524,0042400125,2025-04-29,2024-25,Playoffs,103,106,16,29,NYK,DET,110.0,113.31,111.04,95.74,0.4644,0.3831,1.0,0.5,109.6,,112.5,113.71,114.7,98.12,0.4668,0.3511,1.0,0.3,115.5,,2.38,8,8,0,0,0,113.45454545454545,109.0909090909091,0.6363636363636364,11
2523,0042400175,2025-04-29,2024-25,Playoffs,131,115,7,10,DEN,LAC,109.5,112.03,115.31,96.69,0.4737,0.326,1.0,0.5,111.4,,116.1,120.75,108.15,94.45,0.5084,0.4182,1.0,0.8,110.0,,2.24,8,8,0,0,0,107.72727272727273,107.63636363636364,0.45454545454545453,11
2521,0042400155,2025-04-30,2024-25,Playoffs,131,116,9,8,HOU,GSW,110.4,113.41,114.48,97.15,0.4661,0.3862,1.0,0.4,114.6,,108.2,112.34,107.1,95.01,0.4489,0.3725,1.0,0.6,106.25,,2.14,7,7,0,0,0,102.54545454545455,106.63636363636364,0.2727272727272727,11
2520,0042400165,2025-04-30,2024-25,Playoffs,96,103,11,14,LAL,MIN,110.9,116.91,115.49,94.55,0.4769,0.396,1.0,0.5,113.25,,113.0,120.4,110.26,93.75,0.4831,0.3521,1.0,0.8,110.83,,0.8,8,8,0,0,0,104.0,108.91666666666667,0.3333333333333333,12
2519,0042400126,2025-05-01,2024-25,Playoffs,113,116,29,16,DET,NYK,111.4,113.06,115.03,97.67,0.4631,0.3434,1.0,0.3,110.5,,108.2,111.46,111.15,95.74,0.4541,0.3674,1.0,0.4,107.75,,1.93,4,4,0,0,0,108.83333333333333,112.58333333333333,0.4166666666666667,12
2518,0042400176,2025-05-01,2024-25,Playoffs,111,105,10,7,LAC,DEN,116.2,121.34,112.9,94.0,0.5114,0.4094,1.0,0.7,121.4,,112.0,115.87,116.66,95.64,0.4899,0.348,1.0,0.6,107.6,,1.64,5,5,0,0,0,108.25,109.66666666666667,0.5,12
2517,0042400156,2025-05-02,2024-25,Playoffs,107,115,8,9,GSW,HOU,108.0,112.14,109.61,95.11,0.4417,0.3645,1.0,0.5,107.8,,109.2,112.76,116.03,96.75,0.4674,0.3873,1.0,0.4,106.2,,1.64,4,4,0,0,0,107.41666666666667,104.91666666666667,0.6666666666666666,12
2516,0042400177,2025-05-03,2024-25,Playoffs,120,101,7,10,DEN,LAC,112.1,117.08,117.09,94.74,0.4882,0.35,1.0,0.6,116.4,,113.8,120.31,114.43,92.85,0.5051,0.4009,1.0,0.7,111.0,,1.89,4,4,0,0,0,109.3076923076923,108.46153846153847,0.46153846153846156,13
2515,0042400201,2025-05-04,2024-25,Playoffs,112,121,3,18,CLE,IND,120.4,122.65,108.07,96.99,0.4889,0.4059,1.0,0.7,121.6,,117.3,114.18,110.13,99.76,0.4677,0.356,1.0,0.8,120.25,,2.77,11,7,4,0,0,114.5,114.66666666666667,0.5,6
2514,0042400157,2025-05-04,2024-25,Playoffs,89,103,9,8,HOU,GSW,108.2,112.13,116.07,96.4,0.4634,0.3825,1.0,0.4,109.0,,109.1,113.26,110.41,95.16,0.4412,0.3579,1.0,0.5,108.2,,1.24,4,4,0,0,0,105.6923076923077,107.38461538461539,0.38461538461538464,13
2513,0042400221,2025-05-05,2024-25,Playoffs,119,121,24,7,OKC,DEN,121.1,119.14,108.0,101.7,0.4744,0.3454,1.0,0.8,121.0,,112.1,118.02,115.6,93.94,0.4866,0.3621,1.0,0.7,107.8,,7.76,13,4,9,0,0,117.14285714285714,109.14285714285714,0.7142857142857143,7
2512,0042400211,2025-05-05,2024-25,Playoffs,105,108,2,16,BOS,NYK,107.4,116.04,102.9,91.44,0.4594,0.3708,1.0,0.8,113.17,,108.6,110.93,111.8,96.54,0.4477,0.3578,1.0,0.4,109.4,,5.1,6,4,2,0,0,122.57142857142857,111.14285714285714,0.8571428571428571,7
2511,0042400231,2025-05-06,2024-25,Playoffs,88,99,14,8,MIN,GSW,112.8,119.83,110.48,94.1,0.4735,0.336,1.0,0.8,116.25,,106.1,111.92,111.0,93.86,0.4404,0.3623,1.0,0.5,102.2,,0.24,9,2,7,0,0,109.0,108.6,0.4,5
2510,0042400202,2025-05-06,2024-25,Playoffs,119,120,3,18,CLE,IND,120.2,122.67,109.21,96.74,0.4877,0.3865,1.0,0.6,120.0,,116.9,114.5,109.9,99.21,0.4728,0.3747,1.0,0.8,119.25,,2.47,2,2,0,0,0,114.14285714285714,115.57142857142857,0.42857142857142855,7
2508,0042400212,2025-05-07,2024-25,Playoffs,90,91,2,16,BOS,NYK,105.5,112.66,103.49,91.63,0.4455,0.3496,1.0,0.7,110.0,,107.7,110.05,110.53,96.49,0.4427,0.3748,1.0,0.5,109.17,,4.86,2,2,0,0,0,120.375,110.75,0.75,8
2509,0042400222,2025-05-07,2024-25,Playoffs,149,106,24,7,OKC,DEN,121.9,119.59,107.17,102.05,0.4681,0.3432,1.0,0.8,120.6,,111.8,116.25,114.59,95.09,0.4808,0.3552,1.0,0.7,107.2,,6.96,2,2,0,0,0,117.375,110.625,0.625,8
2507,0042400232,2025-05-08,2024-25,Playoffs,117,93,14,8,MIN,GSW,110.2,117.29,109.43,94.0,0.4624,0.3208,1.0,0.7,110.6,,104.9,110.66,108.2,93.86,0.4376,0.3719,1.0,0.6,101.67,,0.14,2,2,0,0,0,105.5,107.0,0.3333333333333333,6
2506,0042400203,2025-05-09,2024-25,Playoffs,104,126,18,3,IND,CLE,118.5,115.55,111.36,99.76,0.4867,0.3883,1.0,0.8,117.6,,120.8,122.69,108.59,97.24,0.4787,0.3884,1.0,0.6,120.5,,2.52,10,11,-1,0,0,116.125,114.75,0.625,8
2505,0042400223,2025-05-09,2024-25,Playoffs,113,104,7,24,DEN,OKC,110.7,114.97,118.48,95.19,0.4703,0.3749,1.0,0.6,116.25,,126.9,123.75,104.1,102.85,0.481,0.3552,1.0,0.9,123.2,,7.66,6,13,-7,0,0,110.11111111111111,120.88888888888889,0.3333333333333333,9
2504,0042400233,2025-05-10,2024-25,Playoffs,97,102,8,14,GSW,MIN,103.9,110.25,112.09,93.21,0.4425,0.3682,1.0,0.5,109.75,,111.6,118.65,107.42,94.15,0.4669,0.3315,1.0,0.8,111.5,,0.94,8,10,-2,0,0,105.0,107.14285714285714,0.5714285714285714,7
2503,0042400213,2025-05-10,2024-25,Playoffs,93,115,16,2,NYK,BOS,106.2,108.37,107.77,96.59,0.439,0.3714,1.0,0.6,105.5,,102.6,110.46,101.5,91.94,0.4357,0.3358,1.0,0.6,92.0,,4.65,11,13,-2,0,0,108.55555555555556,117.0,0.3333333333333333,9
2502,0042400224,2025-05-11,2024-25,Playoffs,87,92,7,24,DEN,OKC,109.4,112.8,117.15,94.9,0.4651,0.3804,1.0,0.6,115.6,,123.7,120.15,102.54,102.46,0.4695,0.3323,1.0,0.8,120.0,,7.56,2,2,0,0,0,110.4,119.2,0.4,10
2501,0042400204,2025-05-11,2024-25,Playoffs,129,109,18,3,IND,CLE,117.5,114.13,112.39,100.11,0.4843,0.3842,1.0,0.7,115.6,,119.9,121.57,107.82,97.29,0.4697,0.3682,1.0,0.6,121.6,,2.82,2,2,0,0,0,114.77777777777777,116.0,0.5555555555555556,9
2500,0042400234,2025-05-12,2024-25,Playoffs,110,117,8,14,GSW,MIN,101.7,108.67,110.41,93.6,0.4313,0.3662,1.0,0.5,104.25,,107.7,115.68,105.6,93.3,0.4556,0.3242,1.0,0.8,101.75,,0.3,2,2,0,0,0,104.0,106.5,0.5,8
2499,0042400214,2025-05-12,2024-25,Playoffs,121,113,16,2,NYK,BOS,105.3,107.73,109.2,96.19,0.4381,0.3524,1.0,0.6,103.25,,106.5,114.84,101.28,91.89,0.4449,0.3683,1.0,0.7,105.0,,4.3,2,2,0,0,0,107.0,116.8,0.3,10
2497,0042400205,2025-05-13,2024-25,Playoffs,105,114,3,18,CLE,IND,119.6,121.27,109.07,97.39,0.4687,0.3623,1.0,0.6,118.2,,118.9,116.05,110.89,99.66,0.4921,0.3857,1.0,0.8,119.4,,2.27,7,7,0,0,0,115.3,116.2,0.4,10
2498,0042400225,2025-05-13,2024-25,Playoffs,112,105,24,7,OKC,DEN,120.4,117.16,100.44,102.1,0.4528,0.3167,1.0,0.8,129.25,,106.9,110.7,115.65,95.51,0.4528,0.3715,1.0,0.5,103.2,,6.59,6,6,0,0,0,116.72727272727273,108.27272727272727,0.6363636363636364,11
2496,0042400235,2025-05-14,2024-25,Playoffs,121,110,14,8,MIN,GSW,107.7,114.43,106.49,94.3,0.4505,0.3358,1.0,0.8,110.6,,103.2,108.78,112.33,94.9,0.4274,0.3583,1.0,0.4,101.0,,0.6,6,6,0,0,0,107.66666666666667,104.66666666666667,0.5555555555555556,9
2495,0042400215,2025-05-14,2024-25,Playoffs,127,102,2,16,BOS,NYK,104.8,113.86,104.75,91.29,0.4414,0.3607,1.0,0.6,103.33,,106.1,109.07,110.4,95.84,0.4494,0.3496,1.0,0.6,105.4,,4.55,7,7,0,0,0,116.45454545454545,108.27272727272727,0.6363636363636364,11
2494,0042400226,2025-05-15,2024-25,Playoffs,119,107,7,24,DEN,OKC,107.2,110.43,115.91,95.96,0.4472,0.356,1.0,0.5,112.75,,117.1,115.04,100.98,101.1,0.4468,0.3128,1.0,0.8,108.4,,5.14,4,4,0,0,0,108.0,116.33333333333333,0.3333333333333333,12
2493,0042400216,2025-05-16,2024-25,Playoffs,119,81,16,2,NYK,BOS,104.0,107.98,112.93,95.04,0.4325,0.3511,1.0,0.5,102.75,,108.2,117.49,106.4,91.39,0.4549,0.3745,1.0,0.6,107.0,,3.65,4,4,0,0,0,107.75,117.33333333333333,0.3333333333333333,12
2492,0042400227,2025-05-18,2024-25,Playoffs,125,93,24,7,OKC,DEN,116.3,113.93,102.63,101.35,0.4517,0.3212,1.0,0.7,125.8,,110.8,112.76,113.0,97.35,0.4534,0.3666,1.0,0.6,107.6,,4.0,5,5,0,0,0,115.61538461538461,108.84615384615384,0.6153846153846154,13
2491,0042400311,2025-05-20,2024-25,Playoffs,114,88,24,14,OKC,MIN,115.7,114.43,104.5,100.51,0.4502,0.3166,1.0,0.7,124.6,,108.2,114.57,106.78,94.55,0.4664,0.3475,1.0,0.8,104.8,,5.96,2,8,-6,0,0,113.375,111.375,0.5,8
2490,0042400301,2025-05-21,2024-25,Playoffs,135,138,16,18,NYK,IND,106.5,110.82,111.02,94.89,0.4367,0.3581,1.0,0.6,109.0,,117.7,117.53,111.87,99.28,0.5018,0.4048,1.0,0.8,117.0,,4.39,5,8,-3,0,0,115.15384615384616,117.07692307692308,0.46153846153846156,13
2489,0042400312,2025-05-22,2024-25,Playoffs,118,103,24,14,OKC,MIN,115.3,114.38,103.67,100.21,0.4569,0.3357,1.0,0.7,123.8,,105.3,110.34,107.73,95.45,0.4501,0.3269,1.0,0.7,99.0,,4.76,2,2,0,0,0,113.44444444444444,108.77777777777777,0.5555555555555556,9
2488,0042400302,2025-05-23,2024-25,Playoffs,109,114,16,18,NYK,IND,108.2,111.4,112.08,94.78,0.4413,0.353,1.0,0.5,114.2,,119.8,118.37,114.49,99.22,0.5009,0.4071,1.0,0.8,120.5,,4.44,2,2,0,0,0,116.57142857142857,118.57142857142857,0.42857142857142855,14
2487,0042400313,2025-05-24,2024-25,Playoffs,143,101,14,24,MIN,OKC,107.1,111.41,109.34,96.25,0.4535,0.3351,1.0,0.7,111.6,,115.7,115.15,103.6,99.85,0.4616,0.3288,1.0,0.7,105.0,,3.6,10,9,1,0,0,108.2,113.9,0.4,10
2486,0042400303,2025-05-25,2024-25,Playoffs,100,106,18,16,IND,NYK,118.9,118.46,114.74,98.47,0.5038,0.406,1.0,0.8,117.33,,109.7,113.62,114.58,94.43,0.4515,0.3419,1.0,0.5,104.25,,4.04,14,11,3,0,0,118.26666666666667,116.06666666666666,0.6,15
2485,0042400314,2025-05-26,2024-25,Playoffs,126,128,14,24,MIN,OKC,109.8,113.61,108.41,96.75,0.4624,0.349,1.0,0.7,117.0,,114.1,113.58,106.59,99.76,0.4587,0.3406,1.0,0.6,101.0,,3.01,2,2,0,0,0,111.36363636363636,112.72727272727273,0.45454545454545453,11
2484,0042400304,2025-05-27,2024-25,Playoffs,130,121,18,16,IND,NYK,118.8,118.79,113.96,98.12,0.5047,0.3943,1.0,0.8,113.0,,110.0,114.16,114.29,94.18,0.4518,0.3403,1.0,0.6,104.6,,3.94,2,2,0,0,0,117.125,115.4375,0.5625,16
2483,0042400315,2025-05-28,2024-25,Playoffs,124,94,24,14,OKC,MIN,115.0,115.45,108.16,98.91,0.4672,0.3489,1.0,0.7,123.6,,110.8,113.99,109.46,97.2,0.4714,0.354,1.0,0.6,102.6,,1.71,6,6,0,0,0,114.0,112.58333333333333,0.5833333333333334,12
2482,0042400305,2025-05-29,2024-25,Playoffs,111,94,16,18,NYK,IND,110.5,114.53,115.71,94.33,0.4504,0.3499,1.0,0.5,115.4,,118.9,117.71,114.63,99.07,0.4956,0.3887,1.0,0.8,121.4,,4.74,6,6,0,0,0,115.76470588235294,117.88235294117646,0.4117647058823529,17
2481,0042400306,2025-05-31,2024-25,Playoffs,125,108,18,16,IND,NYK,116.4,116.38,115.13,98.99,0.4899,0.3856,1.0,0.7,115.75,,110.8,115.27,115.0,94.89,0.4573,0.3316,1.0,0.5,105.0,,4.1,4,4,0,0,0,116.55555555555556,115.5,0.5555555555555556,18
2480,0042400401,2025-06-05,2024-25,Playoffs,110,111,24,18,OKC,IND,112.5,112.79,106.92,99.05,0.4633,0.3445,1.0,0.7,118.6,,116.8,116.92,114.95,98.84,0.491,0.3843,1.0,0.7,116.0,,0.21,8,7,1,0,0,118.75,118.0,0.5,4
2479,0042400402,2025-06-08,2024-25,Playoffs,123,107,24,18,OKC,IND,113.1,113.47,107.24,99.75,0.4646,0.3555,1.0,0.7,117.17,,115.9,115.92,113.96,98.94,0.4868,0.3912,1.0,0.7,114.2,,0.81,3,3,0,0,0,117.0,116.6,0.4,5
2478,0042400403,2025-06-11,2024-25,Playoffs,116,107,18,24,IND,OKC,116.2,116.74,114.52,98.34,0.4881,0.3962,1.0,0.7,121.0,,116.2,116.76,109.28,99.7,0.4778,0.37,1.0,0.7,112.0,,1.36,11,16,-5,0,0,115.0,118.0,0.5,6
2477,0042400404,2025-06-13,2024-25,Playoffs,104,111,18,24,IND,OKC,114.9,115.57,114.32,98.29,0.4872,0.3866,1.0,0.7,117.75,,115.7,115.92,110.06,100.0,0.4746,0.3741,1.0,0.6,110.75,,1.71,2,2,0,0,0,115.14285714285714,116.42857142857143,0.5714285714285714,7
2476,0042400405,2025-06-16,2024-25,Playoffs,120,109,24,18,OKC,IND,116.1,116.86,109.02,99.55,0.4753,0.3654,1.0,0.7,119.0,,113.9,114.68,115.15,98.14,0.4797,0.3743,1.0,0.6,112.8,,1.41,8,8,0,0,0,115.75,113.75,0.5,8
2475,0042400406,2025-06-19,2024-25,Playoffs,108,91,18,24,IND,OKC,111.0,112.9,114.65,98.3,0.4738,0.3705,1.0,0.5,115.0,,115.6,116.35,110.93,99.4,0.4689,0.3784,1.0,0.7,111.75,,1.1,6,6,0,0,0,113.22222222222223,116.22222222222223,0.4444444444444444,9
2474,0042400407,2025-06-22,2024-25,Playoffs,103,91,24,18,OKC,IND,113.3,113.61,112.55,99.8,0.4608,0.3527,1.0,0.6,119.0,,110.4,111.2,111.55,99.3,0.4633,0.3629,1.0,0.5,105.25,,0.5,6,6,0,0,0,113.7,112.7,0.5,10
1243,0022500002,2025-10-21,2025-26,Regular Season,109,119,11,8,LAL,GSW,108.1,113.97,114.96,94.55,0.4673,0.3867,1.0,0.4,106.25,,104.8,109.99,112.96,95.35,0.4294,0.347,1.0,0.4,104.2,,0.8,174,160,14,0,0,120.625,123.75,0.5,8
1242,0022500001,2025-10-21,2025-26,Regular Season,125,124,24,9,OKC,HOU,111.8,112.4,111.71,99.45,0.451,0.3529,1.0,0.6,116.0,,106.5,111.31,117.84,95.5,0.4555,0.3825,1.0,0.3,108.0,,3.95,121,172,-51,0,0,119.0,115.75,0.5,8
1230,0022500085,2025-10-22,2025-26,Regular Season,128,122,27,4,MEM,NOP,111.1,109.1,112.63,101.9,0.4476,0.3449,1.0,0.4,120.0,,104.7,104.62,117.55,100.05,0.4449,0.3226,1.0,0.2,107.75,,1.85,179,195,-16,0,0,116.57142857142857,112.42857142857143,0.8571428571428571,7
1234,0022500088,2025-10-22,2025-26,Regular Season,120,116,20,22,PHX,SAC,106.6,110.15,127.02,97.1,0.4579,0.3339,1.0,0.1,107.0,,113.6,118.47,115.99,95.85,0.493,0.3774,1.0,0.5,113.83,,1.25,194,198,-4,0,0,112.22222222222223,116.88888888888889,0.4444444444444444,9
1233,0022500084,2025-10-22,2025-26,Regular Season,115,111,5,29,CHI,DET,121.4,115.03,110.44,105.65,0.4875,0.3765,1.0,0.8,121.83,,112.4,114.24,115.81,97.52,0.4715,0.3437,1.0,0.3,112.75,,8.13,194,176,18,0,0,110.83333333333333,118.16666666666667,0.3333333333333333,6
1232,0022500082,2025-10-22,2025-26,Regular Season,118,138,1,25,ATL,TOR,122.6,120.42,117.19,101.8,0.5002,0.3809,1.0,0.5,120.5,,114.3,110.43,107.22,103.6,0.4515,0.3555,1.0,0.5,116.83,,1.8,192,192,0,0,0,121.28571428571429,119.0,0.42857142857142855,7
1231,0022500081,2025-10-22,2025-26,Regular Season,125,121,17,12,ORL,MIA,102.6,109.75,112.38,93.3,0.4514,0.3309,1.0,0.5,102.0,,110.4,111.57,121.09,97.4,0.4663,0.3765,1.0,0.2,119.0,,4.1,178,182,-4,0,0,105.75,105.875,0.375,8
1235,0022500004,2025-10-22,2025-26,Regular Season,92,125,6,23,DAL,SAS,107.6,106.85,115.96,100.55,0.4863,0.3329,1.0,0.3,112.5,,111.1,110.72,118.82,100.5,0.4673,0.3686,1.0,0.3,110.2,,0.05,194,194,0,0,0,121.71428571428571,110.85714285714286,0.8571428571428571,7
1236,0022500080,2025-10-22,2025-26,Regular Season,136,117,30,15,CHA,BKN,100.1,102.11,118.17,98.1,0.4361,0.31,1.0,0.1,107.25,,103.7,104.05,117.19,99.9,0.4281,0.3352,1.0,0.3,106.33,,1.8,197,194,3,0,0,105.16666666666667,107.66666666666667,0.5,6
1241,0022500087,2025-10-22,2025-26,Regular Season,129,108,26,10,UTA,LAC,111.2,108.94,129.33,100.95,0.4397,0.3379,1.0,0.1,114.25,,111.7,118.52,115.1,92.55,0.5011,0.3838,1.0,0.6,109.33,,8.4,194,172,22,0,0,107.57142857142857,123.85714285714286,0.14285714285714285,7
1240,0022500003,2025-10-22,2025-26,Regular Season,119,111,16,3,NYK,CLE,112.5,116.81,118.29,95.14,0.462,0.3307,1.0,0.4,114.67,,119.3,120.28,109.5,98.04,0.4582,0.3525,1.0,0.5,124.25,,2.9,146,164,-18,0,0,104.6,116.4,0.2,5
1239,0022500086,2025-10-22,2025-26,Regular Season,133,120,13,28,MIL,WAS,117.3,116.44,115.29,98.7,0.4792,0.3925,1.0,0.6,121.2,,102.7,103.82,121.74,99.05,0.4348,0.3257,1.0,0.2,99.0,,0.35,178,192,-14,0,0,121.0,115.0,0.8333333333333334,6
1238,0022500089,2025-10-22,2025-26,Regular Season,114,118,21,14,POR,MIN,110.4,107.95,109.47,101.25,0.431,0.2937,1.0,0.4,106.5,,109.9,112.1,111.16,98.2,0.4722,0.3744,1.0,0.5,100.8,,3.05,192,147,45,0,0,104.375,116.375,0.25,8
1237,0022500083,2025-10-22,2025-26,Regular Season,116,117,2,19,BOS,PHI,106.0,114.27,109.04,92.14,0.4458,0.3613,1.0,0.5,110.2,,107.0,107.43,118.43,99.55,0.4475,0.3083,1.0,0.1,106.0,,7.41,161,196,-35,0,0,119.71428571428571,108.85714285714286,0.8571428571428571,7
1229,0022500005,2025-10-23,2025-26,Regular Season,135,141,18,24,IND,OKC,109.5,110.56,111.47,99.05,0.4605,0.3822,1.0,0.5,116.6,,114.2,113.76,108.33,98.65,0.4545,0.3461,1.0,0.7,109.25,,0.4,126,126,0,0,0,110.72727272727273,112.72727272727273,0.45454545454545453,11
1228,0022500006,2025-10-23,2025-26,Regular Season,137,131,8,7,GSW,DEN,106.3,110.83,113.65,96.1,0.4348,0.3584,1.0,0.4,105.75,,110.0,110.87,114.63,98.3,0.4467,0.3548,1.0,0.5,106.0,,2.2,164,158,6,0,0,113.66666666666667,117.66666666666667,0.16666666666666666,6
1222,0022500098,2025-10-24,2025-26,Regular Season,105,104,22,26,SAC,UTA,112.4,116.87,116.72,96.25,0.4781,0.3779,1.0,0.4,108.33,,113.8,111.9,126.12,100.8,0.4513,0.336,1.0,0.2,109.17,,4.55,194,194,0,0,0,124.16666666666667,103.5,1.0,6
1226,0022500099,2025-10-24,2025-26,Regular Season,129,102,10,20,LAC,PHX,109.1,116.35,116.86,92.15,0.4921,0.3635,1.0,0.5,109.0,,108.4,111.28,124.87,97.6,0.4639,0.3316,1.0,0.2,106.2,,5.45,176,194,-18,0,0,117.5,115.0,0.375,8
1227,0022500097,2025-10-24,2025-26,Regular Season,139,119,21,8,POR,GSW,110.7,107.58,108.0,102.0,0.431,0.292,1.0,0.4,107.25,,109.1,111.24,114.1,96.9,0.4434,0.3597,1.0,0.4,106.67,,5.1,2,3,-1,0,0,104.0,118.14285714285714,0.0,7
1225,0022500096,2025-10-24,2025-26,Regular Season,107,117,6,28,DAL,WAS,105.5,104.99,115.79,100.4,0.4698,0.3442,1.0,0.3,108.4,,103.8,104.55,118.29,99.45,0.437,0.3295,1.0,0.2,103.2,,0.95,2,2,0,0,0,127.25,107.5,1.0,4
1223,0022500093,2025-10-24,2025-26,Regular Season,111,115,9,29,HOU,DET,107.2,110.27,115.56,94.95,0.4487,0.3607,1.0,0.3,105.0,,111.8,112.49,113.15,98.62,0.4686,0.3396,1.0,0.3,112.4,,3.67,173,2,171,0,0,111.25,107.25,0.75,4
1224,0022500018,2025-10-24,2025-26,Regular Season,105,95,16,2,NYK,BOS,115.1,117.81,115.94,96.69,0.465,0.3457,1.0,0.5,119.0,,106.7,113.62,109.38,93.29,0.4459,0.3545,1.0,0.4,101.8,,3.4,2,161,-159,0,0,108.61538461538461,114.53846153846153,0.38461538461538464,13
1219,0022500090,2025-10-24,2025-26,Regular Season,107,111,17,1,ORL,ATL,104.2,108.9,112.38,95.45,0.4518,0.3342,1.0,0.5,106.6,,123.2,119.43,116.82,103.35,0.4906,0.3656,1.0,0.5,126.4,,7.9,2,196,-194,0,0,108.14285714285714,110.57142857142857,0.42857142857142855,7
1220,0022500019,2025-10-24,2025-26,Regular Season,128,110,11,14,LAL,MIN,106.4,111.4,116.55,95.1,0.467,0.3567,1.0,0.3,106.8,,112.9,113.88,111.81,99.2,0.4815,0.4072,1.0,0.6,103.67,,4.1,3,2,1,0,0,103.38461538461539,108.46153846153847,0.3076923076923077,13
1218,0022500094,2025-10-24,2025-26,Regular Season,114,146,27,12,MEM,MIA,112.9,109.62,113.02,102.9,0.4518,0.3325,1.0,0.4,121.6,,111.7,111.56,121.13,98.65,0.4736,0.3684,1.0,0.2,119.4,,4.25,2,2,0,0,0,113.33333333333333,98.33333333333333,1.0,3
1217,0022500092,2025-10-24,2025-26,Regular Season,116,122,25,13,TOR,MIL,116.5,111.49,109.31,104.55,0.4661,0.3492,1.0,0.5,110.5,,119.5,117.77,115.8,99.4,0.4835,0.399,1.0,0.6,114.0,,5.15,198,178,20,0,0,106.0,119.2,0.2,5
1216,0022500091,2025-10-24,2025-26,Regular Season,124,131,15,3,BKN,CLE,106.8,106.74,118.87,100.15,0.4368,0.3507,1.0,0.3,105.33,,118.6,121.33,110.91,98.15,0.4664,0.3638,1.0,0.5,121.6,,2.0,194,2,192,0,0,102.71428571428571,112.0,0.14285714285714285,7
1221,0022500095,2025-10-24,2025-26,Regular Season,116,120,4,23,NOP,SAS,105.7,104.13,118.76,101.45,0.4414,0.3167,1.0,0.1,100.8,,112.5,111.66,115.19,101.0,0.4811,0.3736,1.0,0.4,112.67,,0.45,194,2,192,0,0,118.0,109.875,0.625,8
1214,0022500101,2025-10-25,2025-26,Regular Season,100,117,1,24,ATL,OKC,119.8,116.48,115.29,103.15,0.4856,0.3578,1.0,0.5,120.0,,115.5,112.02,106.14,99.21,0.4493,0.3315,1.0,0.7,112.5,,3.94,3,2,1,0,0,121.33333333333333,133.66666666666666,0.3333333333333333,3
1213,0022500102,2025-10-25,2025-26,Regular Season,125,121,19,30,PHI,CHA,107.3,107.5,117.76,99.8,0.4505,0.3169,1.0,0.2,106.33,,104.0,104.94,118.19,98.95,0.4488,0.3282,1.0,0.2,95.0,,0.85,195,195,0,0,0,113.5,99.75,1.0,8
1212,0022500100,2025-10-25,2025-26,Regular Season,98,110,17,5,ORL,CHI,103.0,107.02,111.82,95.95,0.4492,0.322,1.0,0.4,104.2,,121.0,114.55,109.76,105.75,0.4856,0.37,1.0,0.8,120.75,,9.8,1,195,-194,1,0,111.57142857142857,106.14285714285714,0.7142857142857143,7
1215,0022500104,2025-10-25,2025-26,Regular Season,133,111,7,20,DEN,PHX,110.0,109.29,115.32,98.5,0.4446,0.3433,1.0,0.4,109.75,,107.7,110.2,125.12,97.85,0.4531,0.317,1.0,0.2,104.8,,0.65,163,1,162,0,1,115.85714285714286,111.14285714285714,0.5714285714285714,7
1211,0022500103,2025-10-25,2025-26,Regular Season,128,103,27,18,MEM,IND,113.4,109.23,116.04,103.8,0.4503,0.3333,1.0,0.3,120.33,,110.0,108.86,111.3,98.91,0.4532,0.3718,1.0,0.4,102.4,,4.89,1,125,-124,1,0,118.75,116.75,0.5,4
1203,0022500105,2025-10-26,2025-26,Regular Season,118,107,23,15,SAS,BKN,113.9,112.77,112.14,100.1,0.4794,0.3657,1.0,0.5,114.33,,109.2,108.86,118.28,100.45,0.4507,0.3631,1.0,0.3,109.0,,0.35,196,4,192,0,0,112.0,109.5,0.75,4
1202,0022500113,2025-10-26,2025-26,Regular Season,120,127,22,11,SAC,LAL,113.8,118.31,114.76,96.35,0.4843,0.3967,1.0,0.5,107.5,,107.2,113.04,114.65,94.5,0.4799,0.3531,1.0,0.4,102.5,,1.85,2,182,-180,0,0,116.33333333333333,117.66666666666667,0.3333333333333333,6
1204,0022500108,2025-10-26,2025-26,Regular Season,115,107,12,16,MIA,NYK,114.8,113.63,119.8,100.35,0.4853,0.3833,1.0,0.3,101.25,,113.5,116.23,114.03,96.64,0.4491,0.3482,1.0,0.5,109.25,,3.71,181,148,33,0,0,105.0,112.0,0.16666666666666666,6
1205,0022500112,2025-10-26,2025-26,Regular Season,114,107,10,21,LAC,POR,111.9,118.55,116.63,92.65,0.5,0.3854,1.0,0.5,114.0,,113.9,109.19,105.52,103.35,0.445,0.3071,1.0,0.5,114.2,,10.7,2,200,-198,0,0,120.5,107.83333333333333,0.8333333333333334,6
1206,0022500110,2025-10-26,2025-26,Regular Season,114,110,14,18,MIN,IND,112.2,113.26,115.88,99.0,0.4775,0.3982,1.0,0.5,130.0,,110.9,109.27,112.64,99.31,0.4531,0.3735,1.0,0.4,104.2,,0.31,153,1,152,0,1,118.25,117.75,0.5,4
1207,0022500106,2025-10-26,2025-26,Regular Season,119,113,29,2,DET,BOS,111.8,111.76,113.09,99.17,0.458,0.3442,1.0,0.3,110.25,,106.9,113.51,110.11,93.59,0.444,0.3553,1.0,0.4,102.2,,5.58,178,2,176,0,0,110.28571428571429,121.42857142857143,0.14285714285714285,7
1208,0022500111,2025-10-26,2025-26,Regular Season,139,129,6,25,DAL,TOR,106.1,104.49,117.04,101.55,0.4656,0.3236,1.0,0.2,108.17,,117.3,111.52,111.04,105.25,0.4713,0.3581,1.0,0.4,120.5,,3.7,2,4,-2,0,0,128.33333333333334,115.0,1.0,3
1209,0022500109,2025-10-26,2025-26,Regular Season,113,139,28,30,WAS,CHA,104.3,103.85,116.34,100.55,0.4391,0.3447,1.0,0.3,102.5,,106.7,107.56,120.7,99.0,0.4619,0.3421,1.0,0.2,100.4,,1.55,200,1,199,0,1,116.5,109.16666666666667,0.8333333333333334,6
1210,0022500107,2025-10-26,2025-26,Regular Season,118,113,3,13,CLE,MIL,119.6,120.06,111.34,99.85,0.469,0.3648,1.0,0.5,114.25,,120.7,117.8,115.89,100.45,0.4881,0.4007,1.0,0.6,115.6,,0.6,166,2,164,0,0,117.5,108.5,0.75,8
1199,0022500115,2025-10-27,2025-26,Regular Season,128,123,5,1,CHI,ATL,120.1,113.81,107.82,105.65,0.4853,0.3646,1.0,0.8,121.6,,118.5,116.63,116.06,101.7,0.4822,0.3769,1.0,0.5,119.6,,3.95,5,3,2,0,0,120.42857142857143,119.71428571428571,0.5714285714285714,7
1196,0022500119,2025-10-27,2025-26,Regular Season,94,101,6,24,DAL,OKC,108.0,106.23,117.64,101.7,0.4779,0.3321,1.0,0.3,112.57,,114.8,112.53,107.61,98.26,0.4432,0.3293,1.0,0.7,113.4,,3.44,1,2,-1,1,0,111.35714285714286,113.14285714285714,0.5714285714285714,14
1195,0022500117,2025-10-27,2025-26,Regular Season,90,122,4,2,NOP,BOS,107.8,105.18,118.29,101.55,0.444,0.3176,1.0,0.1,105.0,,107.5,113.41,111.59,94.19,0.443,0.3596,1.0,0.3,103.4,,7.36,3,1,2,0,1,109.75,115.0,0.0,4
1197,0022500120,2025-10-27,2025-26,Regular Season,138,134,26,20,UTA,PHX,113.2,111.07,124.59,100.85,0.4411,0.3199,1.0,0.2,124.33,,107.9,110.39,123.3,98.0,0.448,0.3197,1.0,0.2,105.83,,2.85,5,2,3,0,0,121.57142857142857,129.0,0.0,7
1198,0022500114,2025-10-27,2025-26,Regular Season,136,124,19,17,PHI,ORL,110.3,109.3,116.82,100.85,0.4476,0.3225,1.0,0.3,111.33,,103.2,105.54,113.56,97.7,0.4476,0.2989,1.0,0.3,101.8,,3.15,2,181,-179,0,0,107.14285714285714,102.28571428571429,0.5714285714285714,7
1193,0022500007,2025-10-27,2025-26,Regular Season,95,116,29,3,DET,CLE,111.8,111.88,112.0,99.07,0.4504,0.3245,1.0,0.4,110.25,,119.3,118.65,110.52,100.7,0.4662,0.3459,1.0,0.5,123.17,,1.63,1,3,-2,1,0,107.75,114.875,0.125,8
1200,0022500122,2025-10-27,2025-26,Regular Season,108,122,11,21,LAL,POR,108.7,113.12,115.44,95.8,0.482,0.3518,1.0,0.4,110.33,,115.3,109.79,104.89,104.2,0.4383,0.3089,1.0,0.5,117.0,,8.4,3,1,2,0,1,108.83333333333333,103.33333333333333,0.8333333333333334,6
1201,0022500118,2025-10-27,2025-26,Regular Season,121,103,23,25,SAS,TOR,115.2,114.02,111.19,100.15,0.48,0.3695,1.0,0.6,118.67,,117.5,111.38,113.79,105.4,0.4727,0.3528,1.0,0.3,120.83,,5.25,1,1,0,1,1,123.33333333333333,102.0,1.0,3
1194,0022500008,2025-10-27,2025-26,Regular Season,114,127,14,7,MIN,DEN,113.4,113.59,116.45,99.75,0.48,0.3903,1.0,0.5,126.0,,112.8,109.91,113.42,100.2,0.4434,0.3316,1.0,0.5,111.2,,0.45,1,4,-3,1,0,111.14285714285714,104.71428571428571,0.6428571428571429,14
1191,0022500121,2025-10-27,2025-26,Regular Season,131,118,8,27,GSW,MEM,109.4,110.12,113.51,98.1,0.4455,0.3677,1.0,0.4,112.75,,113.8,109.37,116.04,104.05,0.4505,0.3391,1.0,0.3,96.0,,5.95,4,188,-184,0,0,119.42857142857143,119.0,0.7142857142857143,7
1192,0022500116,2025-10-27,2025-26,Regular Season,137,109,9,15,HOU,BKN,107.4,110.99,113.73,94.45,0.4417,0.3709,1.0,0.3,106.0,,108.4,108.26,119.27,100.2,0.4455,0.356,1.0,0.2,107.0,,5.75,3,1,2,0,1,102.75,104.0,0.25,4
1190,0022500126,2025-10-28,2025-26,Regular Season,107,101,24,22,OKC,SAC,113.9,112.26,106.32,97.76,0.4501,0.3126,1.0,0.8,117.75,,114.9,118.73,115.64,96.95,0.4822,0.3942,1.0,0.5,119.8,,0.81,7,6,1,0,0,126.16666666666667,111.66666666666667,0.8333333333333334,6
1187,0022500125,2025-10-28,2025-26,Regular Season,121,111,13,16,MIL,NYK,118.4,116.06,116.98,100.05,0.4843,0.4001,1.0,0.5,123.25,,114.0,115.31,111.02,97.99,0.4521,0.336,1.0,0.5,110.5,,2.06,6,2,4,0,0,116.28571428571429,122.28571428571429,0.2857142857142857,7
1188,0022500124,2025-10-28,2025-26,Regular Season,144,117,12,30,MIA,CHA,114.6,112.52,119.27,101.1,0.4805,0.374,1.0,0.3,100.75,,109.6,108.73,120.0,100.35,0.4592,0.3421,1.0,0.2,106.83,,0.75,2,2,0,0,0,110.14285714285714,102.14285714285714,0.8571428571428571,7
1186,0022500123,2025-10-28,2025-26,Regular Season,134,139,28,19,WAS,PHI,106.2,105.44,117.77,100.8,0.4447,0.3439,1.0,0.3,107.25,,113.0,113.04,117.71,99.85,0.4499,0.3373,1.0,0.4,108.75,,0.95,2,6,-4,0,0,110.83333333333333,123.5,0.16666666666666666,6
1189,0022500127,2025-10-28,2025-26,Regular Season,98,79,8,10,GSW,LAC,111.8,111.8,113.02,98.75,0.4574,0.3813,1.0,0.5,118.75,,110.9,117.09,115.22,93.89,0.4992,0.3774,1.0,0.5,107.8,,4.86,1,6,-5,1,0,110.5,114.75,0.125,8
1178,0022500129,2025-10-29,2025-26,Regular Season,135,116,29,17,DET,ORL,108.0,108.64,110.31,99.7,0.4406,0.3196,1.0,0.4,107.2,,102.7,105.9,116.45,97.0,0.4449,0.2903,1.0,0.2,100.8,,2.7,2,2,0,0,0,101.14285714285714,112.42857142857143,0.14285714285714285,7
1179,0022500133,2025-10-29,2025-26,Regular Season,107,105,6,18,DAL,IND,106.5,104.35,116.28,101.9,0.4681,0.3296,1.0,0.3,110.43,,109.4,107.4,112.8,99.66,0.4419,0.357,1.0,0.3,105.17,,2.24,2,3,-1,0,0,122.25,134.75,0.0,4
1180,0022500128,2025-10-29,2025-26,Regular Season,125,105,2,3,BOS,CLE,107.7,113.35,111.59,94.34,0.4348,0.3394,1.0,0.3,109.5,,118.5,116.17,110.02,102.05,0.4586,0.3398,1.0,0.5,121.83,,7.71,7,2,5,0,0,111.75,107.58333333333333,0.6666666666666666,12
1181,0022500130,2025-10-29,2025-26,Regular Season,112,117,15,1,BKN,ATL,108.0,108.21,122.69,99.9,0.4499,0.3543,1.0,0.1,109.33,,119.0,116.88,116.72,101.85,0.4889,0.3728,1.0,0.5,120.6,,1.95,5,2,3,0,0,120.57142857142857,118.0,0.5714285714285714,7
1182,0022500131,2025-10-29,2025-26,Regular Season,121,139,25,9,TOR,HOU,116.0,110.54,112.72,104.9,0.4741,0.3459,1.0,0.3,112.5,,110.0,114.55,112.72,93.85,0.4543,0.3856,1.0,0.4,109.5,,11.05,5,8,-3,0,0,102.5,111.75,0.25,4
1183,0022500137,2025-10-29,2025-26,Regular Season,113,114,20,27,PHX,MEM,109.0,109.33,121.84,98.63,0.4427,0.3161,1.0,0.2,111.0,,113.1,108.36,114.82,104.3,0.4443,0.3199,1.0,0.3,101.5,,5.67,7,2,5,0,0,118.71428571428571,118.0,0.2857142857142857,7
1184,0022500136,2025-10-29,2025-26,Regular Season,115,116,14,11,MIN,LAL,113.1,113.41,118.0,99.75,0.4777,0.3745,1.0,0.4,123.6,,105.5,109.79,116.57,96.0,0.4676,0.3263,1.0,0.3,106.25,,3.75,2,3,-1,0,0,108.57142857142857,105.14285714285714,0.6428571428571429,14
1185,0022500132,2025-10-29,2025-26,Regular Season,126,113,5,22,CHI,SAC,121.2,115.77,106.7,104.8,0.4926,0.3704,1.0,0.9,122.67,,113.9,117.63,114.41,97.15,0.4825,0.4031,1.0,0.5,117.8,,7.65,2,1,1,0,1,118.75,118.0,0.5,4
1176,0022500134,2025-10-29,2025-26,Regular Season,122,88,7,4,DEN,NOP,113.5,109.87,114.3,100.7,0.4435,0.3437,1.0,0.5,113.0,,107.0,105.24,122.0,100.7,0.436,0.3136,1.0,0.0,110.6,,0.0,4,7,-3,0,0,121.66666666666667,115.0,0.6666666666666666,6
1177,0022500135,2025-10-29,2025-26,Regular Season,134,136,26,21,UTA,POR,117.7,114.15,123.82,100.87,0.4463,0.3351,1.0,0.3,127.75,,114.8,109.75,104.62,103.9,0.4383,0.3098,1.0,0.5,116.0,,3.03,2,2,0,0,0,121.57142857142857,115.57142857142857,0.5714285714285714,7
1175,0022500138,2025-10-30,2025-26,Regular Season,107,123,30,17,CHA,ORL,110.8,108.61,120.8,101.6,0.451,0.3404,1.0,0.2,113.75,,103.8,106.78,118.27,97.1,0.4452,0.2861,1.0,0.2,103.0,,4.5,8,1,7,0,1,98.125,110.0,0.125,8
1174,0022500139,2025-10-30,2025-26,Regular Season,120,110,13,8,MIL,GSW,118.0,116.03,116.52,99.75,0.493,0.3977,1.0,0.5,122.8,,111.3,111.12,111.9,98.8,0.4551,0.3772,1.0,0.5,108.0,,0.95,2,6,-4,0,0,105.75,118.0,0.25,4
1172,0022500141,2025-10-30,2025-26,Regular Season,107,101,23,12,SAS,MIA,116.0,115.36,111.6,99.55,0.4939,0.3806,1.0,0.6,119.25,,117.9,115.07,118.53,101.6,0.4869,0.382,1.0,0.4,126.4,,2.05,3,6,-3,0,0,104.66666666666667,116.33333333333333,0.0,3
1173,0022500140,2025-10-30,2025-26,Regular Season,127,108,24,28,OKC,WAS,112.3,110.07,105.4,98.16,0.447,0.3055,1.0,0.8,113.75,,108.0,105.68,119.19,100.95,0.4412,0.3439,1.0,0.2,105.5,,2.79,2,6,-4,0,0,135.5,108.5,1.0,4
1170,0022500020,2025-10-31,2025-26,Regular Season,108,128,18,1,IND,ATL,108.8,106.43,112.31,99.96,0.4292,0.3397,1.0,0.2,115.75,,120.2,118.23,115.8,101.8,0.4896,0.3811,1.0,0.6,120.0,,1.84,8,2,6,0,0,136.85714285714286,123.14285714285714,0.7142857142857143,7
1164,0022500024,2025-10-31,2025-26,Regular Season,112,117,27,11,MEM,LAL,113.6,108.53,114.01,104.65,0.4465,0.3268,1.0,0.4,120.83,,109.0,112.73,116.21,96.75,0.483,0.3297,1.0,0.4,115.0,,7.9,6,2,4,0,0,121.125,124.75,0.25,8
1169,0022500025,2025-10-31,2025-26,Regular Season,118,96,20,26,PHX,UTA,110.0,108.91,119.5,99.88,0.4463,0.3237,1.0,0.2,111.4,,120.5,115.06,124.6,102.42,0.4545,0.3396,1.0,0.3,112.0,,2.54,2,7,-5,0,0,129.625,123.625,0.875,8
1168,0022500023,2025-10-31,2025-26,Regular Season,135,125,5,16,CHI,NYK,120.1,115.2,106.54,104.45,0.4896,0.373,1.0,0.9,120.83,,113.2,114.22,114.87,98.24,0.4483,0.3329,1.0,0.4,110.6,,6.21,2,3,-1,0,0,116.85714285714286,118.0,0.42857142857142855,7
1167,0022500027,2025-10-31,2025-26,Regular Season,126,124,10,4,LAC,NOP,107.8,115.08,115.13,93.65,0.4858,0.3592,1.0,0.5,114.0,,106.0,104.12,122.44,100.9,0.423,0.316,1.0,0.0,108.6,,7.25,5,2,3,0,0,111.0,111.14285714285714,0.42857142857142855,7
1166,0022500026,2025-10-31,2025-26,Regular Season,109,107,21,7,POR,DEN,117.2,111.02,106.49,104.85,0.4374,0.3186,1.0,0.5,113.6,,113.6,110.77,111.95,100.0,0.4526,0.3457,1.0,0.5,112.4,,4.85,7,4,3,0,0,115.75,123.0,0.25,8
1165,0022500021,2025-10-31,2025-26,Regular Season,108,109,19,2,PHI,BOS,117.8,116.08,118.85,100.3,0.4529,0.3584,1.0,0.5,115.83,,109.7,116.11,111.94,94.7,0.4439,0.3512,1.0,0.4,106.5,,5.6,4,4,0,0,0,109.875,119.25,0.25,8
1171,0022500022,2025-10-31,2025-26,Regular Season,101,112,3,25,CLE,TOR,115.2,112.88,114.71,101.85,0.4441,0.3257,1.0,0.4,113.5,,117.8,112.32,115.39,104.9,0.4789,0.3631,1.0,0.3,118.33,,3.05,5,4,1,0,0,123.71428571428571,109.85714285714286,0.8571428571428571,7
1163,0022500146,2025-11-01,2025-26,Regular Season,101,128,2,9,BOS,HOU,111.6,117.88,113.59,94.85,0.4513,0.3573,1.0,0.5,122.67,,115.4,118.76,114.03,95.05,0.4727,0.4082,1.0,0.5,115.4,,0.2,3,3,0,0,0,120.5,105.0,0.75,4
1162,0022500147,2025-11-01,2025-26,Regular Season,110,122,6,6,DAL,DAL,105.2,102.89,114.73,102.15,0.4607,0.3049,1.0,0.3,108.57,,105.2,102.89,114.73,102.15,0.4607,0.3049,1.0,0.3,97.33,,0.0,3,202,-199,0,0,105.2,105.2,0.5,0
1158,0022500144,2025-11-01,2025-26,Regular Season,114,109,18,8,IND,GSW,108.9,106.2,112.3,100.31,0.4195,0.3324,1.0,0.2,114.2,,112.4,111.28,113.98,99.8,0.4584,0.3685,1.0,0.4,110.2,,0.51,1,2,-1,1,0,112.75,110.75,0.75,4
1161,0022500143,2025-11-01,2025-26,Regular Season,105,122,30,14,CHA,MIN,111.3,109.13,120.72,101.55,0.4618,0.3542,1.0,0.2,115.0,,112.5,112.93,118.84,99.6,0.4649,0.3826,1.0,0.3,102.6,,1.95,2,8,-6,0,0,112.0,121.75,0.25,4
1159,0022500142,2025-11-01,2025-26,Regular Season,133,135,13,22,MIL,SAC,116.0,114.73,114.9,100.28,0.4828,0.3867,1.0,0.5,118.8,,112.7,115.93,116.38,97.55,0.4854,0.3837,1.0,0.4,115.4,,2.73,2,3,-1,0,0,120.25,123.5,0.75,4
1160,0022500145,2025-11-01,2025-26,Regular Season,94,125,28,17,WAS,ORL,109.1,105.47,119.53,102.15,0.4417,0.3464,1.0,0.2,116.67,,107.5,109.7,117.58,98.0,0.4549,0.2912,1.0,0.3,110.4,,4.15,4,2,2,0,0,107.375,121.875,0.0,8
1154,0022500151,2025-11-02,2025-26,Regular Season,117,109,3,1,CLE,ATL,114.1,111.99,113.92,101.7,0.4382,0.3324,1.0,0.4,110.75,,118.3,116.49,113.22,101.75,0.4871,0.3607,1.0,0.6,121.14,,0.05,2,2,0,0,0,119.14285714285714,114.0,0.5714285714285714,7
1153,0022500149,2025-11-02,2025-26,Regular Season,105,129,15,19,BKN,PHI,110.2,109.87,123.34,100.45,0.4527,0.3534,1.0,0.1,113.0,,117.3,115.44,116.96,100.4,0.452,0.3658,1.0,0.5,120.75,,0.05,4,5,-1,0,0,103.75,111.375,0.5,8
1152,0022500152,2025-11-02,2025-26,Regular Season,117,104,25,27,TOR,MEM,118.5,113.46,114.23,104.5,0.4859,0.3713,1.0,0.4,121.0,,111.6,107.14,116.44,104.2,0.4406,0.3204,1.0,0.3,102.75,,0.3,4,4,0,0,0,112.25,128.0,0.25,4
1155,0022500150,2025-11-02,2025-26,Regular Season,126,103,30,26,CHA,UTA,110.1,108.28,120.2,101.25,0.4531,0.3564,1.0,0.2,112.0,,119.6,114.27,122.29,102.32,0.4494,0.347,1.0,0.3,110.2,,1.07,1,2,-1,1,0,116.0,114.75,0.75,4
1157,0022500148,2025-11-02,2025-26,Regular Season,137,106,24,4,OKC,NOP,114.3,111.93,104.49,98.26,0.4451,0.2927,1.0,0.9,116.4,,107.6,105.28,122.12,101.3,0.4224,0.3234,1.0,0.0,111.8,,3.04,3,2,1,0,0,112.4,95.1,1.0,10
1156,0022500155,2025-11-02,2025-26,Regular Season,130,120,11,12,LAL,MIA,111.2,113.87,114.46,97.7,0.4945,0.3273,1.0,0.5,107.0,,112.7,110.97,119.31,100.95,0.4744,0.3771,1.0,0.3,116.0,,3.25,6,3,3,0,0,102.0,117.33333333333333,0.3333333333333333,3
1151,0022500153,2025-11-02,2025-26,Regular Season,128,116,16,5,NYK,CHI,112.2,114.36,115.61,98.4,0.4467,0.3405,1.0,0.4,111.0,,121.8,118.01,108.74,103.5,0.4961,0.3819,1.0,0.9,119.0,,5.1,9,8,1,0,0,118.875,119.125,0.5,8
1150,0022500154,2025-11-02,2025-26,Regular Season,130,118,20,23,PHX,SAS,112.0,110.05,117.21,100.58,0.4512,0.3473,1.0,0.3,112.5,,115.4,114.87,110.62,99.35,0.4945,0.3814,1.0,0.7,113.83,,1.23,2,9,-7,0,0,112.6,104.2,0.6,5
1144,0022500156,2025-11-03,2025-26,Regular Season,109,125,15,14,BKN,MIN,109.8,110.25,125.08,99.65,0.448,0.3427,1.0,0.1,112.33,,115.9,116.06,117.49,99.95,0.484,0.4004,1.0,0.4,109.4,,0.3,1,2,-1,1,0,90.25,104.75,0.0,4
1146,0022500161,2025-11-03,2025-26,Regular Season,106,114,27,29,MEM,DET,114.0,110.63,116.5,102.95,0.4499,0.3342,1.0,0.3,117.5,,112.5,112.4,110.59,100.35,0.4473,0.3286,1.0,0.5,113.5,,2.6,3,10,-7,0,0,114.8,102.8,1.0,5
1145,0022500157,2025-11-03,2025-26,Regular Season,115,117,18,13,IND,MIL,108.7,105.78,112.5,100.41,0.4126,0.3294,1.0,0.2,113.8,,119.5,118.16,116.48,100.43,0.5009,0.4093,1.0,0.5,117.0,,0.02,2,8,-6,0,0,118.3157894736842,115.94736842105263,0.631578947368421,19
1149,0022500158,2025-11-03,2025-26,Regular Season,103,105,2,26,BOS,UTA,110.2,115.27,116.46,95.65,0.4419,0.3391,1.0,0.4,117.25,,118.7,113.6,121.04,102.17,0.4528,0.3381,1.0,0.3,108.4,,6.52,2,1,1,0,1,121.0,102.75,1.0,4
1147,0022500163,2025-11-03,2025-26,Regular Season,115,123,21,11,POR,LAL,116.8,111.47,106.58,103.9,0.4409,0.3206,1.0,0.6,112.83,,114.8,115.34,116.23,99.5,0.4997,0.3392,1.0,0.5,115.4,,4.4,3,3,0,0,0,106.0,108.71428571428571,0.2857142857142857,7
1142,0022500160,2025-11-03,2025-26,Regular Season,110,102,9,6,HOU,DAL,117.3,120.49,114.55,95.25,0.4819,0.4362,1.0,0.5,117.0,,107.1,104.48,115.29,102.4,0.4577,0.3205,1.0,0.3,100.5,,7.15,7,2,5,0,0,117.0,112.75,0.5,8
1141,0022500164,2025-11-03,2025-26,Regular Season,119,120,10,12,LAC,MIA,109.9,116.64,116.57,94.25,0.4893,0.3595,1.0,0.5,116.0,,112.9,110.94,119.79,101.3,0.4756,0.3731,1.0,0.3,116.67,,7.05,3,1,2,0,1,113.0,100.25,1.0,4
1148,0022500162,2025-11-03,2025-26,Regular Season,130,124,7,22,DEN,SAC,113.7,111.5,108.49,99.5,0.4628,0.3292,1.0,0.5,114.8,,114.2,117.07,118.16,97.8,0.4834,0.377,1.0,0.4,118.4,,1.7,5,2,3,0,0,117.5,116.75,0.625,8
1143,0022500159,2025-11-03,2025-26,Regular Season,119,102,16,28,NYK,WAS,114.1,114.92,114.71,99.4,0.4444,0.3537,1.0,0.5,115.75,,109.5,104.17,117.43,103.9,0.4408,0.353,1.0,0.2,108.5,,4.5,1,4,-3,1,0,124.57142857142857,108.57142857142857,1.0,7
1138,0022500167,2025-11-04,2025-26,Regular Season,113,111,5,19,CHI,PHI,120.3,116.78,110.16,103.25,0.491,0.38,1.0,0.8,123.67,,119.3,116.62,115.25,101.1,0.4557,0.369,1.0,0.6,122.4,,2.15,4,2,2,0,0,110.14285714285714,105.0,0.5714285714285714,7
1137,0022500169,2025-11-04,2025-26,Regular Season,118,107,8,20,GSW,PHX,114.0,112.38,112.84,100.4,0.457,0.3677,1.0,0.4,114.6,,115.5,113.39,115.76,100.63,0.4696,0.377,1.0,0.4,111.25,,0.23,7,8,-1,0,0,113.71428571428571,113.85714285714286,0.42857142857142855,7
1136,0022500170,2025-11-04,2025-26,Regular Season,107,126,10,24,LAC,OKC,110.1,115.01,119.0,95.6,0.4911,0.3548,1.0,0.5,116.33,,116.9,114.44,104.48,98.41,0.4537,0.3156,1.0,0.9,112.5,,2.81,1,8,-7,1,0,109.85714285714286,119.71428571428571,0.14285714285714285,7
1135,0022500165,2025-11-04,2025-26,Regular Season,128,100,25,13,TOR,MIL,118.2,114.74,115.15,103.1,0.4865,0.3677,1.0,0.4,120.0,,119.7,117.66,115.24,100.93,0.498,0.4119,1.0,0.6,117.5,,2.17,2,1,1,0,1,107.66666666666667,119.66666666666667,0.16666666666666666,6
1140,0022500168,2025-11-04,2025-26,Regular Season,116,112,4,30,NOP,CHA,107.5,105.08,124.86,101.3,0.4209,0.327,1.0,0.0,102.5,,112.7,110.66,117.87,101.45,0.4563,0.3694,1.0,0.3,108.83,,0.15,8,7,1,0,0,108.5,109.0,0.75,4
1139,0022500166,2025-11-04,2025-26,Regular Season,127,112,1,17,ATL,ORL,118.0,115.13,111.88,102.75,0.4922,0.3527,1.0,0.6,111.67,,110.0,110.02,114.03,99.9,0.4584,0.3004,1.0,0.4,115.4,,2.85,10,3,7,0,0,110.625,108.0,0.625,8
1134,0022500181,2025-11-05,2025-26,Regular Season,121,116,22,8,SAC,GSW,113.9,115.15,117.99,99.05,0.484,0.3696,1.0,0.3,110.0,,116.1,114.1,112.69,100.9,0.4632,0.3694,1.0,0.5,113.4,,1.85,10,4,6,0,0,120.33333333333333,122.33333333333333,0.6666666666666666,6
1133,0022500172,2025-11-05,2025-26,Regular Season,114,103,29,26,DET,UTA,112.3,112.08,109.37,100.4,0.4526,0.3177,1.0,0.6,111.0,,115.8,111.15,117.36,101.67,0.4463,0.3245,1.0,0.4,102.6,,1.27,7,2,5,0,0,128.0,126.25,0.25,4
1132,0022500173,2025-11-05,2025-26,Regular Season,103,112,18,15,IND,BKN,109.8,106.33,112.53,100.91,0.4134,0.323,1.0,0.2,116.0,,108.8,109.93,126.77,99.1,0.439,0.3302,1.0,0.0,106.0,,1.81,2,9,-7,0,0,111.57142857142857,103.71428571428571,0.7142857142857143,7
1129,0022500180,2025-11-05,2025-26,Regular Season,121,119,21,24,POR,OKC,116.3,111.65,108.57,103.3,0.4431,0.3065,1.0,0.5,112.0,,117.5,115.05,104.28,98.41,0.4634,0.3192,1.0,0.9,115.2,,4.89,2,1,1,0,1,100.875,122.875,0.0,8
1130,0022500178,2025-11-05,2025-26,Regular Season,122,112,7,12,DEN,MIA,115.4,113.09,110.08,100.65,0.4684,0.3208,1.0,0.5,118.2,,114.9,111.1,117.71,102.8,0.481,0.3792,1.0,0.3,120.0,,2.15,2,2,0,0,0,117.75,105.0,1.0,4
1125,0022500179,2025-11-05,2025-26,Regular Season,118,116,11,23,LAL,SAS,116.7,116.69,115.66,99.95,0.5111,0.3358,1.0,0.6,114.2,,116.3,116.14,112.16,98.9,0.4972,0.3734,1.0,0.7,115.33,,1.05,3,3,0,0,0,118.0,116.71428571428571,0.7142857142857143,7
1128,0022500176,2025-11-05,2025-26,Regular Season,109,124,27,9,MEM,HOU,114.7,111.55,116.22,102.8,0.4472,0.336,1.0,0.3,115.86,,119.0,121.17,113.49,96.15,0.4885,0.4245,1.0,0.6,122.4,,6.65,2,4,-2,0,0,109.125,116.25,0.25,8
1124,0022500177,2025-11-05,2025-26,Regular Season,99,101,6,4,DAL,NOP,106.9,104.08,112.47,102.65,0.459,0.3196,1.0,0.3,108.75,,107.7,105.5,124.39,101.1,0.4211,0.3353,1.0,0.1,110.2,,1.55,4,3,1,0,0,119.85714285714286,116.85714285714286,0.5714285714285714,7
1127,0022500174,2025-11-05,2025-26,Regular Season,136,107,2,28,BOS,WAS,109.2,113.98,114.41,95.9,0.4354,0.3232,1.0,0.4,114.4,,109.9,103.96,118.27,104.5,0.4459,0.3619,1.0,0.2,109.17,,8.6,2,2,0,0,0,123.0,105.85714285714286,1.0,7
1126,0022500171,2025-11-05,2025-26,Regular Season,132,121,3,19,CLE,PHI,113.9,111.25,112.23,102.25,0.4361,0.3393,1.0,0.5,110.25,,119.9,116.79,114.27,101.55,0.4551,0.3741,1.0,0.6,123.6,,0.7,3,1,2,0,1,118.0,113.85714285714286,0.5714285714285714,7
1131,0022500175,2025-11-05,2025-26,Regular Season,137,114,16,14,NYK,MIN,115.4,115.43,114.18,100.1,0.4476,0.3559,1.0,0.5,116.4,,118.1,118.09,116.55,100.05,0.499,0.4122,1.0,0.5,113.8,,0.05,2,2,0,0,0,111.0,111.5,0.5,4
1123,0022500182,2025-11-06,2025-26,Regular Season,115,102,20,10,PHX,LAC,115.0,113.11,115.42,100.38,0.4653,0.3777,1.0,0.4,119.6,,110.9,114.93,120.63,96.4,0.4881,0.3634,1.0,0.5,100.75,,3.98,4,9,-5,0,0,113.55555555555556,118.77777777777777,0.5555555555555556,9
1114,0022500034,2025-11-07,2025-26,Regular Season,118,104,27,6,MEM,DAL,114.8,111.13,116.51,103.35,0.442,0.336,1.0,0.3,116.0,,107.1,103.76,110.78,103.15,0.4506,0.3163,1.0,0.3,99.5,,0.2,2,4,-2,0,0,118.57142857142857,107.14285714285714,0.7142857142857143,7
1115,0022500031,2025-11-07,2025-26,Regular Season,107,125,15,29,BKN,DET,109.1,111.04,124.54,98.4,0.4409,0.3229,1.0,0.1,111.0,,114.4,113.59,109.68,101.0,0.4592,0.3303,1.0,0.7,113.6,,2.6,4,4,0,0,0,107.57142857142857,111.71428571428571,0.42857142857142855,7
1117,0022500028,2025-11-07,2025-26,Regular Season,123,110,17,2,ORL,BOS,111.7,110.66,116.38,100.9,0.4608,0.3078,1.0,0.3,107.0,,110.1,113.9,113.9,96.7,0.4377,0.3173,1.0,0.4,104.0,,4.2,13,7,6,0,0,98.81818181818181,106.45454545454545,0.36363636363636365,11
1116,0022500029,2025-11-07,2025-26,Regular Season,115,148,28,3,WAS,CLE,110.3,104.76,120.42,104.0,0.4556,0.3649,1.0,0.2,113.67,,114.5,111.7,113.76,102.35,0.4474,0.3504,1.0,0.5,114.4,,1.65,6,9,-3,0,0,104.25,123.0,0.0,8
1122,0022500032,2025-11-07,2025-26,Regular Season,121,110,23,9,SAS,HOU,116.2,115.93,111.76,98.95,0.4929,0.3723,1.0,0.7,117.75,,120.8,121.07,111.48,97.8,0.4866,0.42,1.0,0.7,126.0,,1.15,8,2,6,0,0,100.0,109.57142857142857,0.14285714285714285,7
1119,0022500030,2025-11-07,2025-26,Regular Season,97,109,1,25,ATL,TOR,117.4,115.27,112.99,102.05,0.4907,0.3543,1.0,0.6,115.5,,118.4,115.06,115.64,103.0,0.4878,0.3759,1.0,0.4,117.0,,0.95,3,7,-4,0,0,120.875,121.375,0.375,8
1113,0022500033,2025-11-07,2025-26,Regular Season,126,108,12,30,MIA,CHA,114.9,109.88,116.35,103.95,0.4733,0.3777,1.0,0.3,107.25,,114.3,112.45,116.88,101.35,0.46,0.3722,1.0,0.3,111.5,,2.6,10,3,7,0,0,114.375,104.0,0.875,8
1118,0022500036,2025-11-07,2025-26,Regular Season,137,97,14,26,MIN,UTA,115.2,115.81,120.77,99.55,0.4899,0.4097,1.0,0.4,117.25,,112.8,109.98,117.99,101.13,0.4337,0.3136,1.0,0.3,102.67,,1.58,9,2,7,0,0,118.85714285714286,104.42857142857143,0.8571428571428571,7
1120,0022500038,2025-11-07,2025-26,Regular Season,101,132,22,24,SAC,OKC,114.4,114.12,115.74,100.3,0.4867,0.373,1.0,0.4,111.0,,120.3,117.06,104.79,99.11,0.4633,0.332,1.0,0.9,120.8,,1.19,2,2,0,0,0,110.14285714285714,123.42857142857143,0.14285714285714285,7
1112,0022500035,2025-11-07,2025-26,Regular Season,126,110,13,5,MIL,CHI,118.0,115.62,117.84,101.13,0.4938,0.4042,1.0,0.5,122.0,,120.3,116.99,107.91,103.1,0.4905,0.3833,1.0,0.9,116.0,,1.97,6,5,1,0,0,118.0,113.14285714285714,0.5714285714285714,7
1121,0022500037,2025-11-07,2025-26,Regular Season,129,104,7,8,DEN,GSW,118.9,115.72,111.26,101.45,0.4797,0.3239,1.0,0.6,125.2,,116.7,114.26,112.53,101.35,0.4646,0.3793,1.0,0.5,113.83,,0.1,2,2,0,0,0,119.57142857142857,117.0,0.7142857142857143,7
1109,0022500184,2025-11-08,2025-26,Regular Season,130,120,19,25,PHI,TOR,119.8,116.69,116.94,101.6,0.4611,0.3808,1.0,0.5,116.2,,119.1,116.04,113.32,102.7,0.4885,0.3793,1.0,0.5,118.17,,1.1,8,1,7,0,1,113.33333333333333,116.16666666666667,0.3333333333333333,6
1108,0022500186,2025-11-08,2025-26,Regular Season,128,122,3,5,CLE,CHI,118.4,115.01,112.05,102.7,0.4518,0.3548,1.0,0.6,114.6,,119.4,115.7,109.02,103.45,0.4877,0.3758,1.0,0.8,114.5,,0.75,3,1,2,0,1,123.25,111.5,0.875,8
1107,0022500190,2025-11-08,2025-26,Regular Season,103,114,10,20,LAC,PHX,109.6,113.34,118.8,96.55,0.48,0.3578,1.0,0.5,117.67,,114.8,113.28,115.94,100.18,0.4636,0.3761,1.0,0.4,110.4,,3.63,4,4,0,0,0,117.1,113.7,0.4,10
1106,0022500185,2025-11-08,2025-26,Regular Season,122,102,1,11,ATL,LAL,114.7,112.47,113.0,102.05,0.4772,0.3399,1.0,0.5,111.8,,117.2,116.34,114.54,100.75,0.5107,0.3277,1.0,0.7,120.75,,1.3,1,5,-4,1,0,119.75,127.25,0.5,4
1105,0022500188,2025-11-08,2025-26,Regular Season,126,119,23,4,SAS,NOP,116.9,115.65,111.19,99.55,0.4908,0.3732,1.0,0.7,118.4,,106.7,105.23,121.68,100.35,0.4213,0.3357,1.0,0.2,108.2,,0.8,1,3,-2,1,0,111.0,117.77777777777777,0.4444444444444444,9
1104,0022500187,2025-11-08,2025-26,Regular Season,136,131,12,21,MIA,POR,118.8,112.2,113.1,105.35,0.4827,0.3735,1.0,0.4,117.0,,115.8,112.08,108.22,103.5,0.4378,0.3263,1.0,0.6,121.67,,1.85,1,10,-9,1,0,118.5,98.0,0.75,4
1111,0022500189,2025-11-08,2025-26,Regular Season,117,100,7,18,DEN,IND,121.3,118.34,110.66,101.3,0.4946,0.3441,1.0,0.7,125.83,,109.2,105.41,111.61,101.11,0.4097,0.3224,1.0,0.2,102.25,,0.19,1,10,-9,1,0,119.0,114.75,0.75,4
1110,0022500183,2025-11-08,2025-26,Regular Season,105,111,28,6,WAS,DAL,112.9,107.18,122.85,104.2,0.4622,0.3771,1.0,0.2,114.0,,105.1,102.24,112.65,102.8,0.4443,0.2978,1.0,0.2,101.0,,1.4,1,1,0,1,1,109.4,123.2,0.2,5
1103,0022500192,2025-11-09,2025-26,Regular Season,134,98,16,15,NYK,BKN,117.0,117.92,113.56,99.35,0.4552,0.3582,1.0,0.6,119.83,,110.7,111.96,124.32,99.15,0.4467,0.3306,1.0,0.1,111.25,,0.2,4,4,0,0,0,111.875,103.875,1.0,8
1100,0022500197,2025-11-09,2025-26,Regular Season,117,144,22,14,SAC,MIN,114.5,113.08,117.21,101.55,0.4845,0.3782,1.0,0.4,111.2,,116.3,115.62,116.72,100.5,0.4955,0.413,1.0,0.5,113.83,,1.05,2,4,-2,0,0,116.85714285714286,115.14285714285714,0.5714285714285714,7
1097,0022500194,2025-11-09,2025-26,Regular Season,100,114,27,24,MEM,OKC,115.1,111.64,115.44,103.15,0.4439,0.3344,1.0,0.4,116.43,,123.2,118.55,104.61,100.31,0.4769,0.3416,1.0,0.9,122.67,,2.84,2,2,0,0,0,102.63636363636364,121.63636363636364,0.0,11
1102,0022500191,2025-11-09,2025-26,Regular Season,115,122,13,9,MIL,HOU,120.3,116.55,114.64,102.28,0.4988,0.4047,1.0,0.6,126.6,,118.7,118.95,111.62,97.95,0.4774,0.4248,1.0,0.6,123.33,,4.33,2,2,0,0,0,108.5,107.75,0.5,4
1098,0022500195,2025-11-09,2025-26,Regular Season,108,111,19,29,PHI,DET,121.8,118.66,116.3,101.7,0.4678,0.3751,1.0,0.6,120.2,,116.3,115.27,109.87,101.2,0.4744,0.3258,1.0,0.7,117.4,,0.5,1,2,-1,1,0,115.16666666666667,105.16666666666667,0.6666666666666666,6
1099,0022500193,2025-11-09,2025-26,Regular Season,107,111,17,2,ORL,BOS,114.2,112.54,115.98,101.5,0.4676,0.3283,1.0,0.4,113.25,,113.0,116.39,113.79,97.15,0.447,0.3224,1.0,0.4,109.8,,4.35,2,2,0,0,0,100.83333333333333,106.75,0.4166666666666667,12
1101,0022500196,2025-11-09,2025-26,Regular Season,114,83,8,18,GSW,IND,116.1,114.09,113.87,100.95,0.4634,0.3804,1.0,0.5,121.0,,108.4,104.24,114.07,101.36,0.4039,0.3089,1.0,0.1,101.8,,0.41,5,1,4,0,1,110.4,113.0,0.2,5
1090,0022500202,2025-11-10,2025-26,Regular Season,117,121,5,23,CHI,SAS,119.7,115.87,112.93,103.45,0.4867,0.3889,1.0,0.7,123.4,,119.7,118.25,111.15,99.75,0.5008,0.37,1.0,0.8,119.75,,3.7,6,5,1,0,0,122.0,111.4,1.0,5
1092,0022500206,2025-11-10,2025-26,Regular Season,102,105,10,1,LAC,ATL,108.8,112.44,119.54,96.65,0.4832,0.3573,1.0,0.4,116.33,,115.2,113.1,112.69,102.0,0.4754,0.3384,1.0,0.5,117.6,,5.35,2,8,-6,0,0,123.5,114.25,0.75,4
1093,0022500205,2025-11-10,2025-26,Regular Season,113,120,26,14,UTA,MIN,111.4,108.85,117.24,101.03,0.433,0.3097,1.0,0.3,133.67,,121.3,120.25,115.95,100.6,0.5079,0.4168,1.0,0.6,122.17,,0.43,12,1,11,0,1,103.5,121.125,0.125,8
1091,0022500204,2025-11-10,2025-26,Regular Season,121,98,20,4,PHX,NOP,116.4,115.06,115.4,100.13,0.4642,0.3841,1.0,0.5,119.2,,108.2,107.32,119.98,99.7,0.4292,0.3374,1.0,0.2,110.0,,0.43,4,2,2,0,0,119.5,115.16666666666667,0.5,6
1096,0022500200,2025-11-10,2025-26,Regular Season,115,112,17,21,ORL,POR,116.0,114.23,114.64,101.75,0.475,0.3313,1.0,0.4,112.0,,120.3,115.24,110.16,104.6,0.4452,0.3338,1.0,0.6,124.0,,2.85,1,2,-1,1,0,91.0,107.66666666666667,0.3333333333333333,3
1089,0022500201,2025-11-10,2025-26,Regular Season,140,138,12,3,MIA,CLE,124.1,115.77,110.46,106.9,0.4977,0.3817,1.0,0.5,130.25,,120.7,117.06,112.49,102.95,0.4618,0.3661,1.0,0.7,122.2,,3.95,2,3,-1,0,0,106.63636363636364,113.63636363636364,0.36363636363636365,11
1095,0022500203,2025-11-10,2025-26,Regular Season,114,116,6,13,DAL,MIL,106.5,103.51,109.9,102.9,0.4458,0.3049,1.0,0.3,106.86,,120.0,117.58,116.33,102.1,0.5089,0.402,1.0,0.6,113.0,,0.8,5,6,-1,0,0,116.5,132.5,0.0,4
1088,0022500199,2025-11-10,2025-26,Regular Season,137,135,29,28,DET,WAS,116.1,115.29,109.52,100.9,0.4751,0.3426,1.0,0.8,115.75,,111.5,105.7,122.17,104.25,0.4527,0.3653,1.0,0.1,110.8,,3.35,5,5,0,0,0,115.42857142857143,112.0,0.5714285714285714,7
1094,0022500198,2025-11-10,2025-26,Regular Season,111,121,30,11,CHA,LAL,115.7,113.43,115.66,101.9,0.4594,0.3603,1.0,0.3,118.5,,117.8,116.53,116.15,101.1,0.5141,0.338,1.0,0.7,117.0,,0.8,8,2,6,0,0,109.25,116.5,0.25,4
1085,0022500212,2025-11-11,2025-26,Regular Season,108,122,22,7,SAC,DEN,115.3,112.01,119.9,103.15,0.4766,0.3818,1.0,0.3,112.8,,121.1,118.26,109.79,101.35,0.4965,0.3362,1.0,0.7,114.5,,1.8,2,11,-9,0,0,117.55555555555556,118.88888888888889,0.3333333333333333,9
1084,0022500211,2025-11-11,2025-26,Regular Season,152,128,26,18,UTA,IND,112.2,109.33,116.93,101.48,0.4281,0.3043,1.0,0.3,128.5,,107.6,102.65,114.28,102.16,0.3965,0.2978,1.0,0.1,100.2,,0.68,1,2,-1,1,0,118.33333333333333,119.0,0.3333333333333333,3
1083,0022500208,2025-11-11,2025-26,Regular Season,133,120,16,27,NYK,MEM,119.3,120.7,114.08,99.15,0.4597,0.3765,1.0,0.6,123.67,,112.3,110.0,115.54,102.25,0.4311,0.3433,1.0,0.3,112.0,,3.1,2,9,-7,0,0,121.5,106.5,1.0,4
1082,0022500209,2025-11-11,2025-26,Regular Season,102,100,19,2,PHI,BOS,122.4,120.04,116.0,100.95,0.4724,0.3842,1.0,0.6,121.4,,112.5,116.35,113.35,96.7,0.449,0.3362,1.0,0.5,110.0,,4.25,2,2,0,0,0,109.66666666666667,118.11111111111111,0.2222222222222222,9
1087,0022500207,2025-11-11,2025-26,Regular Season,109,119,15,25,BKN,TOR,110.0,111.35,126.9,98.95,0.4355,0.3274,1.0,0.1,111.4,,119.3,116.34,114.17,102.5,0.4867,0.3855,1.0,0.5,118.5,,3.55,4,3,1,0,0,102.375,109.25,0.5,8
1086,0022500210,2025-11-11,2025-26,Regular Season,126,102,24,8,OKC,GSW,122.1,118.69,103.93,100.91,0.4759,0.3399,1.0,0.9,123.67,,115.6,113.48,111.48,100.9,0.4579,0.3652,1.0,0.5,111.6,,0.01,9,4,5,0,0,121.0,118.66666666666667,0.6666666666666666,6
1077,0022500221,2025-11-12,2025-26,Regular Season,114,123,6,20,DAL,PHX,108.7,105.36,108.55,103.25,0.4501,0.2851,1.0,0.3,110.0,,116.5,115.4,113.8,99.93,0.4668,0.3989,1.0,0.5,113.6,,3.32,2,4,-2,0,0,112.71428571428571,114.42857142857143,0.42857142857142855,7
1076,0022500219,2025-11-12,2025-26,Regular Season,117,125,4,21,NOP,POR,108.0,107.42,120.58,99.55,0.4317,0.3503,1.0,0.2,107.33,,120.6,114.69,112.88,105.35,0.4458,0.3342,1.0,0.5,121.6,,5.8,8,2,6,0,0,105.28571428571429,108.0,0.5714285714285714,7
1081,0022500223,2025-11-12,2025-26,Regular Season,100,133,22,1,SAC,ATL,114.5,111.66,120.72,102.7,0.4748,0.3746,1.0,0.3,112.0,,113.9,113.83,111.57,100.0,0.4784,0.348,1.0,0.6,115.5,,2.7,1,2,-1,1,0,117.5,110.25,0.75,4
1080,0022500218,2025-11-12,2025-26,Regular Season,135,112,9,28,HOU,WAS,119.4,120.04,112.56,97.75,0.4858,0.4233,1.0,0.6,111.75,,113.0,106.13,121.65,104.01,0.4584,0.3643,1.0,0.1,113.8,,6.26,9,2,7,0,0,128.5,109.25,1.0,4
1079,0022500220,2025-11-12,2025-26,Regular Season,120,125,23,8,SAS,GSW,119.3,117.98,110.83,99.8,0.5008,0.3659,1.0,0.8,118.6,,112.1,110.68,111.6,101.4,0.452,0.364,1.0,0.4,110.0,,1.6,4,1,3,0,1,111.0,116.14285714285714,0.42857142857142855,7
1078,0022500213,2025-11-12,2025-26,Regular Season,111,100,30,13,CHA,MIL,118.2,115.68,118.07,102.35,0.4739,0.3793,1.0,0.3,117.0,,118.3,116.3,116.08,101.8,0.503,0.4,1.0,0.6,113.6,,0.55,2,2,0,0,0,100.42857142857143,119.28571428571429,0.14285714285714285,7
1074,0022500224,2025-11-12,2025-26,Regular Season,116,130,10,7,LAC,DEN,108.9,113.12,118.34,96.25,0.4795,0.3593,1.0,0.4,114.29,,124.0,121.63,108.41,101.0,0.5084,0.3529,1.0,0.8,121.75,,4.75,2,1,1,0,1,107.92857142857143,110.07142857142857,0.5,14
1073,0022500214,2025-11-12,2025-26,Regular Season,124,113,29,5,DET,CHI,118.7,116.63,110.31,100.81,0.472,0.3451,1.0,0.9,120.0,,119.2,115.61,115.03,103.2,0.4852,0.3985,1.0,0.6,114.5,,2.39,2,4,-2,0,0,117.14285714285714,111.42857142857143,0.5714285714285714,7
1072,0022500217,2025-11-12,2025-26,Regular Season,116,130,12,3,MIA,CLE,126.0,117.04,111.41,106.13,0.4962,0.3807,1.0,0.5,132.2,,123.4,118.7,113.33,102.78,0.4561,0.3571,1.0,0.8,127.6,,3.35,2,2,0,0,0,109.41666666666667,115.66666666666667,0.4166666666666667,12
1071,0022500222,2025-11-12,2025-26,Regular Season,121,92,24,11,OKC,LAL,120.6,119.71,103.13,100.8,0.4812,0.3557,1.0,0.9,124.25,,119.0,118.58,116.06,100.45,0.5096,0.3489,1.0,0.8,117.67,,0.35,1,2,-1,1,0,114.0,115.14285714285714,0.42857142857142855,7
1070,0022500215,2025-11-12,2025-26,Regular Season,107,124,16,17,NYK,ORL,121.8,121.77,112.13,100.4,0.46,0.3884,1.0,0.7,125.0,,115.0,114.59,115.17,100.5,0.4731,0.318,1.0,0.4,120.0,,0.1,1,8,-7,1,0,102.875,99.0,0.5,8
1075,0022500216,2025-11-12,2025-26,Regular Season,131,95,2,27,BOS,MEM,113.0,116.88,112.91,96.75,0.4454,0.3363,1.0,0.5,116.25,,112.9,110.72,114.71,102.0,0.4423,0.3512,1.0,0.3,114.0,,5.25,7,1,6,0,1,117.75,105.25,0.75,4
1068,0022500225,2025-11-13,2025-26,Regular Season,113,126,3,25,CLE,TOR,123.3,118.26,112.15,103.13,0.4457,0.344,1.0,0.8,119.2,,117.4,116.4,115.08,100.85,0.4794,0.3872,1.0,0.5,115.33,,2.28,5,2,3,0,0,120.875,110.125,0.75,8
1067,0022500226,2025-11-13,2025-26,Regular Season,133,98,20,18,PHX,IND,118.6,116.59,111.36,100.73,0.472,0.4049,1.0,0.6,119.4,,106.9,104.4,117.58,102.15,0.3992,0.2946,1.0,0.1,104.83,,1.42,3,2,1,0,0,116.75,122.25,0.25,4
1069,0022500227,2025-11-13,2025-26,Regular Season,122,132,26,1,UTA,ATL,114.5,110.51,118.11,102.23,0.4283,0.3109,1.0,0.3,134.25,,116.1,115.04,110.44,100.65,0.4878,0.3629,1.0,0.6,119.17,,1.58,2,1,1,0,1,119.0,129.25,0.25,4
1064,0022500045,2025-11-14,2025-26,Regular Season,104,118,4,11,NOP,LAL,107.5,108.44,121.86,98.25,0.4331,0.3466,1.0,0.2,109.75,,115.4,113.75,116.22,101.35,0.4907,0.3389,1.0,0.7,114.0,,3.1,2,2,0,0,0,110.0,124.14285714285714,0.14285714285714285,7
1066,0022500039,2025-11-14,2025-26,Regular Season,140,132,16,12,NYK,MIA,120.6,121.03,113.72,100.05,0.4613,0.384,1.0,0.6,123.29,,123.0,114.86,113.36,105.63,0.4902,0.3737,1.0,0.4,113.25,,5.58,2,9,-7,0,0,111.28571428571429,106.42857142857143,0.7142857142857143,7
1060,0022500046,2025-11-14,2025-26,Regular Season,127,133,6,10,DAL,LAC,109.4,106.31,109.53,102.9,0.4569,0.2919,1.0,0.3,111.0,,109.7,113.59,118.16,96.5,0.484,0.3714,1.0,0.4,90.5,,6.4,2,8,-6,0,0,103.66666666666667,107.75,0.4166666666666667,12
1065,0022500043,2025-11-14,2025-26,Regular Season,147,134,13,30,MIL,CHA,116.1,115.32,116.84,100.7,0.4963,0.405,1.0,0.5,123.0,,115.7,114.66,117.78,101.1,0.4648,0.3621,1.0,0.3,119.4,,0.4,5,7,-2,0,0,116.875,101.75,0.75,8
1058,0022500041,2025-11-14,2025-26,Regular Season,114,105,29,19,DET,PHI,119.6,116.94,109.87,101.36,0.4809,0.3474,1.0,0.9,120.67,,120.9,119.19,115.04,100.35,0.4694,0.3841,1.0,0.6,125.0,,1.01,2,9,-7,0,0,106.0,114.14285714285714,0.42857142857142855,7
1059,0022500042,2025-11-14,2025-26,Regular Season,140,116,9,21,HOU,POR,124.0,123.68,112.19,98.8,0.4984,0.4386,1.0,0.7,123.25,,121.7,116.64,113.96,104.5,0.4636,0.3383,1.0,0.6,122.17,,5.7,2,2,0,0,0,117.0,105.42857142857143,0.7142857142857143,7
1063,0022500040,2025-11-14,2025-26,Regular Season,105,98,17,15,ORL,BKN,116.7,116.36,114.77,100.45,0.4745,0.3254,1.0,0.5,110.75,,109.2,111.66,126.34,98.0,0.4307,0.3265,1.0,0.1,106.5,,2.45,4,5,-1,0,0,109.14285714285714,101.42857142857143,0.8571428571428571,7
1062,0022500047,2025-11-14,2025-26,Regular Season,108,109,23,8,SAS,GSW,118.8,116.8,113.4,100.4,0.4922,0.3618,1.0,0.7,118.83,,112.7,111.64,110.28,101.0,0.4506,0.3587,1.0,0.5,111.0,,0.6,2,2,0,0,0,112.125,117.25,0.375,8
1061,0022500044,2025-11-14,2025-26,Regular Season,124,110,14,22,MIN,SAC,121.5,120.66,116.07,100.4,0.5063,0.3971,1.0,0.6,120.0,,114.0,110.1,122.41,103.75,0.4657,0.3667,1.0,0.2,118.25,,3.35,7,11,-4,0,0,118.75,116.875,0.5,8
1055,0022500229,2025-11-15,2025-26,Regular Season,96,109,30,24,CHA,OKC,117.0,114.87,119.25,100.76,0.4645,0.3618,1.0,0.3,112.0,,121.0,119.25,101.64,101.5,0.485,0.3487,1.0,0.9,118.4,,0.74,3,6,-3,0,0,106.0,123.5,0.0,4
1054,0022500232,2025-11-15,2025-26,Regular Season,112,123,14,7,MIN,DEN,122.9,120.88,112.79,101.5,0.5085,0.3953,1.0,0.7,120.8,,123.9,122.67,107.45,101.1,0.5071,0.3511,1.0,0.9,121.5,,0.4,1,3,-2,1,0,111.33333333333333,106.2,0.6,15
1053,0022500231,2025-11-15,2025-26,Regular Season,95,119,13,11,MIL,LAL,119.5,117.84,117.34,100.41,0.5104,0.4244,1.0,0.6,127.0,,114.5,113.34,115.01,101.0,0.4943,0.3363,1.0,0.7,112.71,,0.59,1,1,0,1,1,122.5,111.5,0.5,4
1057,0022500228,2025-11-15,2025-26,Regular Season,108,100,3,27,CLE,MEM,122.8,118.45,114.17,102.53,0.446,0.3384,1.0,0.7,118.2,,109.6,107.95,118.26,101.45,0.4306,0.336,1.0,0.2,110.2,,1.08,2,3,-1,0,0,120.0,111.5,1.0,4
1056,0022500230,2025-11-15,2025-26,Regular Season,111,129,18,25,IND,TOR,106.4,104.3,118.48,101.8,0.3952,0.2876,1.0,0.1,110.0,,118.4,118.34,115.0,100.1,0.4857,0.3852,1.0,0.6,116.86,,1.7,10,2,8,0,0,123.0,121.85714285714286,0.42857142857142855,7
1047,0022500240,2025-11-16,2025-26,Regular Season,150,147,26,5,UTA,CHI,116.3,111.3,119.51,103.23,0.433,0.3224,1.0,0.3,131.8,,119.0,115.42,116.27,103.2,0.4881,0.3982,1.0,0.5,114.2,,0.03,3,4,-1,0,0,116.33333333333333,118.66666666666667,0.3333333333333333,3
1050,0022500234,2025-11-16,2025-26,Regular Season,123,110,23,22,SAS,SAC,117.6,116.61,113.59,100.55,0.4922,0.3684,1.0,0.6,117.29,,113.0,109.47,122.46,103.45,0.4652,0.3612,1.0,0.2,116.6,,2.9,2,2,0,0,0,119.42857142857143,125.0,0.2857142857142857,7
1048,0022500233,2025-11-16,2025-26,Regular Season,121,118,2,10,BOS,LAC,114.8,119.12,110.79,96.45,0.4533,0.3442,1.0,0.6,119.2,,110.1,110.93,117.88,97.1,0.4722,0.3472,1.0,0.4,104.67,,0.65,4,2,2,0,0,121.0,107.5,0.75,4
1049,0022500239,2025-11-16,2025-26,Regular Season,122,124,20,1,PHX,ATL,120.8,119.59,108.81,99.98,0.4864,0.408,1.0,0.7,121.67,,119.3,116.84,109.42,101.9,0.4977,0.373,1.0,0.7,121.0,,1.92,3,3,0,0,0,122.0,120.25,0.5,4
1052,0022500236,2025-11-16,2025-26,Regular Season,117,113,9,17,HOU,ORL,125.6,126.76,112.53,99.5,0.5041,0.4482,1.0,0.8,126.6,,117.4,118.7,115.14,98.9,0.4816,0.3514,1.0,0.6,120.67,,0.6,2,4,-2,0,0,110.33333333333333,99.33333333333333,1.0,3
1045,0022500237,2025-11-16,2025-26,Regular Season,106,124,4,8,NOP,GSW,106.3,107.29,122.11,99.05,0.4336,0.3506,1.0,0.2,106.75,,110.5,110.28,110.17,100.25,0.4398,0.3523,1.0,0.5,110.71,,1.2,2,2,0,0,0,108.83333333333333,110.83333333333333,0.3333333333333333,6
1051,0022500235,2025-11-16,2025-26,Regular Season,106,129,28,15,WAS,BKN,112.5,106.6,125.38,103.11,0.4585,0.3621,1.0,0.0,112.2,,106.6,110.39,125.27,96.75,0.4224,0.3099,1.0,0.1,104.8,,6.36,8,2,6,0,0,110.66666666666667,111.0,0.5,6
1046,0022500238,2025-11-16,2025-26,Regular Season,138,133,6,21,DAL,POR,108.2,103.8,108.55,102.2,0.4425,0.2812,1.0,0.2,109.29,,119.4,115.6,117.1,103.5,0.457,0.3273,1.0,0.5,121.29,,1.3,2,2,0,0,0,128.625,113.5,0.875,8
1042,0022500242,2025-11-17,2025-26,Regular Season,127,112,29,18,DET,IND,119.1,116.44,108.96,101.41,0.4836,0.3624,1.0,0.9,119.83,,106.5,103.69,119.36,102.4,0.3948,0.2875,1.0,0.1,102.8,,0.99,3,4,-1,0,0,114.0,122.875,0.125,8
1037,0022500245,2025-11-17,2025-26,Regular Season,110,108,25,30,TOR,CHA,118.4,118.78,112.53,99.85,0.4919,0.3691,1.0,0.7,122.0,,112.7,112.12,120.14,99.51,0.4519,0.3604,1.0,0.2,117.75,,0.34,13,3,10,0,0,118.71428571428571,110.28571428571429,0.7142857142857143,7
1044,0022500247,2025-11-17,2025-26,Regular Season,109,126,4,24,NOP,OKC,107.9,107.91,121.31,99.95,0.4461,0.3532,1.0,0.2,110.75,,121.8,120.19,102.05,101.35,0.4889,0.3765,1.0,0.9,120.0,,1.4,1,2,-1,1,0,96.0909090909091,114.63636363636364,0.0,11
1043,0022500246,2025-11-17,2025-26,Regular Season,120,96,14,6,MIN,DAL,122.7,120.68,113.84,101.6,0.5087,0.3944,1.0,0.6,120.4,,112.6,106.53,110.02,102.6,0.4551,0.2945,1.0,0.3,105.67,,1.0,2,9,-7,0,0,110.66666666666667,108.58333333333333,0.5,12
1038,0022500244,2025-11-17,2025-26,Regular Season,115,113,12,16,MIA,NYK,124.7,116.85,116.8,105.38,0.4907,0.3818,1.0,0.3,132.4,,124.1,123.47,116.55,100.9,0.4691,0.3858,1.0,0.6,114.33,,4.48,5,17,-12,0,0,109.625,114.875,0.25,8
1039,0022500248,2025-11-17,2025-26,Regular Season,127,130,7,5,DEN,CHI,122.9,122.06,107.86,100.8,0.5029,0.3704,1.0,0.9,124.0,,122.7,116.81,119.2,102.84,0.4865,0.3992,1.0,0.4,121.6,,2.04,9,1,8,0,1,118.0,121.33333333333333,0.3333333333333333,3
1041,0022500243,2025-11-17,2025-26,Regular Season,110,108,19,10,PHI,LAC,118.9,117.67,114.81,99.95,0.4656,0.3738,1.0,0.5,116.8,,110.5,112.41,120.26,96.25,0.4641,0.3485,1.0,0.3,108.0,,3.7,6,1,5,0,1,106.25,112.5,0.25,4
1040,0022500241,2025-11-17,2025-26,Regular Season,118,106,3,13,CLE,MIL,122.0,117.59,114.64,102.58,0.4459,0.3395,1.0,0.7,116.5,,116.9,114.97,118.17,100.51,0.496,0.4217,1.0,0.5,108.25,,2.07,2,5,-3,0,0,117.55555555555556,109.0,0.7777777777777778,9
1034,0022500249,2025-11-18,2025-26,Regular Season,121,113,17,8,ORL,GSW,116.3,116.71,112.54,98.6,0.4685,0.3518,1.0,0.6,112.5,,113.1,111.43,111.48,101.65,0.4402,0.3574,1.0,0.5,112.38,,3.05,4,2,2,0,0,105.5,111.75,0.0,4
1033,0022500252,2025-11-18,2025-26,Regular Season,111,101,23,27,SAS,MEM,118.1,116.13,113.22,101.25,0.4962,0.3608,1.0,0.6,118.0,,107.8,106.25,115.95,101.5,0.4211,0.3333,1.0,0.2,106.6,,0.25,2,3,-1,0,0,108.875,117.125,0.25,8
1032,0022500253,2025-11-18,2025-26,Regular Season,140,126,11,26,LAL,UTA,115.6,115.61,113.1,100.1,0.4972,0.3498,1.0,0.8,124.0,,117.5,111.19,119.43,103.29,0.4364,0.3264,1.0,0.3,100.8,,3.19,13,11,2,0,0,124.85714285714286,117.0,0.7142857142857143,7
1031,0022500254,2025-11-18,2025-26,Regular Season,110,127,21,20,POR,PHX,122.0,116.99,118.35,103.39,0.4607,0.3303,1.0,0.5,115.0,,119.6,119.8,108.86,99.85,0.4924,0.4049,1.0,0.7,114.67,,3.54,13,6,7,0,0,109.25,113.25,0.375,8
1035,0022500250,2025-11-18,2025-26,Regular Season,99,113,15,2,BKN,BOS,108.8,112.16,123.67,97.1,0.4365,0.3194,1.0,0.2,108.4,,114.7,119.15,113.77,96.4,0.4496,0.3512,1.0,0.6,107.5,,0.7,7,7,0,0,0,103.83333333333333,120.0,0.0,6
1036,0022500251,2025-11-18,2025-26,Regular Season,112,120,1,29,ATL,DET,119.4,117.29,109.07,101.65,0.5006,0.3712,1.0,0.8,115.33,,122.3,119.81,108.68,101.21,0.5002,0.3557,1.0,1.0,118.0,,0.44,10,9,1,0,0,125.16666666666667,125.16666666666667,0.5,6
1024,0022500261,2025-11-19,2025-26,Regular Season,113,99,24,22,OKC,SAC,123.7,122.3,102.95,101.2,0.4926,0.3852,1.0,0.9,127.75,,113.9,110.36,123.91,103.5,0.4699,0.3631,1.0,0.2,118.4,,2.3,7,3,4,0,0,124.5,109.0,0.875,8
1028,0022500263,2025-11-19,2025-26,Regular Season,121,122,21,5,POR,CHI,120.8,115.96,120.45,103.19,0.4584,0.3221,1.0,0.4,113.75,,122.9,117.0,119.47,102.89,0.4814,0.3978,1.0,0.4,123.0,,0.3,1,2,-1,1,0,107.25,108.5,0.25,4
1027,0022500262,2025-11-19,2025-26,Regular Season,111,113,6,16,DAL,NYK,111.5,105.23,111.12,102.9,0.4495,0.3037,1.0,0.2,117.0,,124.7,123.94,116.45,101.0,0.476,0.383,1.0,0.6,116.33,,1.9,3,2,1,0,0,123.0,118.5,0.75,4
1026,0022500258,2025-11-19,2025-26,Regular Season,112,121,19,25,PHI,TOR,116.3,115.51,113.53,99.6,0.4625,0.3647,1.0,0.5,111.6,,119.1,119.05,110.81,100.25,0.4951,0.3716,1.0,0.8,119.17,,0.65,2,4,-2,0,0,115.71428571428571,116.71428571428571,0.42857142857142855,7
1023,0022500259,2025-11-19,2025-26,Regular Season,120,109,14,28,MIN,WAS,123.3,120.4,110.4,102.25,0.507,0.3949,1.0,0.7,121.6,,111.8,106.96,125.66,102.11,0.4574,0.368,1.0,0.0,112.8,,0.14,2,7,-5,0,0,117.75,109.75,0.75,4
1022,0022500256,2025-11-19,2025-26,Regular Season,127,118,18,30,IND,CHA,107.2,104.65,121.5,102.15,0.4016,0.2876,1.0,0.1,110.2,,111.8,111.57,117.59,99.06,0.45,0.3454,1.0,0.2,115.5,,3.09,4,2,2,0,0,112.0,107.33333333333333,0.5,6
1030,0022500257,2025-11-19,2025-26,Regular Season,110,96,12,8,MIA,GSW,121.8,114.37,116.63,105.18,0.4811,0.3774,1.0,0.3,126.6,,113.4,111.93,111.57,101.55,0.4478,0.3593,1.0,0.5,112.75,,3.63,2,1,1,0,1,108.0,99.75,0.75,4
1029,0022500255,2025-11-19,2025-26,Regular Season,104,114,3,9,CLE,HOU,123.3,118.33,111.98,103.13,0.4614,0.3497,1.0,0.8,116.71,,126.2,126.8,111.69,99.05,0.5075,0.4427,1.0,0.9,124.6,,4.08,2,10,-8,0,0,119.25,122.75,0.25,4
1025,0022500260,2025-11-19,2025-26,Regular Season,118,125,4,7,NOP,DEN,110.0,109.83,121.59,100.1,0.4573,0.3755,1.0,0.2,110.4,,122.9,121.71,109.07,101.1,0.498,0.3593,1.0,0.8,120.5,,1.0,2,4,-2,0,0,111.14285714285714,121.71428571428571,0.2857142857142857,7
1018,0022500267,2025-11-20,2025-26,Regular Season,135,126,23,1,SAS,ATL,117.1,115.47,113.12,101.05,0.4863,0.3508,1.0,0.6,116.57,,118.9,116.43,109.28,102.05,0.5016,0.3659,1.0,0.7,121.83,,1.0,2,4,-2,0,0,123.25,124.25,0.5,4
1021,0022500264,2025-11-20,2025-26,Regular Season,129,101,17,10,ORL,LAC,116.8,116.85,109.98,98.91,0.4733,0.3381,1.0,0.7,114.2,,113.4,114.9,120.95,96.8,0.4677,0.3611,1.0,0.3,115.25,,2.11,2,3,-1,0,0,92.33333333333333,100.0,0.0,3
1020,0022500265,2025-11-20,2025-26,Regular Season,137,96,27,22,MEM,SAC,106.5,105.91,116.73,100.6,0.4142,0.3246,1.0,0.1,109.0,,112.5,108.78,122.18,103.8,0.4617,0.3667,1.0,0.2,115.6,,3.2,11,1,10,0,1,111.16666666666667,121.16666666666667,0.16666666666666666,6
1019,0022500266,2025-11-20,2025-26,Regular Season,114,123,13,19,MIL,PHI,115.5,113.93,119.27,100.21,0.49,0.4276,1.0,0.4,123.2,,113.6,114.42,113.92,99.3,0.4646,0.3642,1.0,0.4,116.5,,0.91,5,6,-1,0,0,123.5,110.16666666666667,1.0,6
1011,0022500052,2025-11-21,2025-26,Regular Season,118,115,6,4,DAL,NOP,111.6,105.44,110.01,102.95,0.4482,0.3045,1.0,0.3,117.17,,109.4,108.23,120.54,100.95,0.454,0.3475,1.0,0.2,106.0,,2.0,2,11,-9,0,0,117.25,114.875,0.5,8
1015,0022500051,2025-11-21,2025-26,Regular Season,107,143,5,12,CHI,MIA,122.5,115.91,119.48,103.54,0.4755,0.3969,1.0,0.4,121.67,,122.7,114.55,115.1,105.78,0.4784,0.375,1.0,0.4,121.0,,2.24,11,7,4,0,0,115.42857142857143,113.28571428571429,0.7142857142857143,7
1012,0022500048,2025-11-21,2025-26,Regular Season,120,109,3,18,CLE,IND,123.6,118.74,112.3,103.03,0.4658,0.3501,1.0,0.8,117.14,,109.1,106.66,120.63,102.05,0.4203,0.302,1.0,0.2,104.2,,0.98,2,4,-2,0,0,114.36363636363636,116.0,0.36363636363636365,11
1009,0022500053,2025-11-21,2025-26,Regular Season,114,113,20,14,PHX,MIN,121.0,121.24,108.59,99.75,0.4927,0.3999,1.0,0.8,123.17,,123.8,121.02,109.8,102.15,0.5017,0.3791,1.0,0.8,125.0,,2.4,5,11,-6,0,0,109.54545454545455,114.72727272727273,0.2727272727272727,11
1014,0022500049,2025-11-21,2025-26,Regular Season,105,113,2,15,BOS,BKN,113.5,117.88,113.25,96.35,0.4547,0.3596,1.0,0.6,118.4,,107.8,110.86,120.67,97.35,0.429,0.3187,1.0,0.2,109.25,,1.0,5,5,0,0,0,119.0,103.14285714285714,1.0,7
1017,0022500055,2025-11-21,2025-26,Regular Season,112,144,26,24,UTA,OKC,116.7,111.01,120.15,102.89,0.4398,0.3239,1.0,0.3,134.25,,122.3,120.72,101.87,101.4,0.4943,0.3788,1.0,0.9,121.0,,1.49,5,4,1,0,0,114.75,129.375,0.125,8
1013,0022500050,2025-11-21,2025-26,Regular Season,140,110,25,28,TOR,WAS,119.1,119.42,108.48,99.95,0.4981,0.357,1.0,0.9,118.33,,109.3,106.24,125.38,101.76,0.4586,0.3723,1.0,0.0,112.17,,1.81,4,2,2,0,0,117.85714285714286,106.28571428571429,0.7142857142857143,7
1016,0022500054,2025-11-21,2025-26,Regular Season,109,112,9,7,HOU,DEN,123.9,123.66,110.69,99.51,0.4955,0.4302,1.0,0.9,125.5,,123.2,121.07,111.02,102.0,0.5001,0.3615,1.0,0.8,121.4,,2.49,5,2,3,0,0,115.5,112.66666666666667,0.5,6
1010,0022500056,2025-11-21,2025-26,Regular Season,123,127,8,21,GSW,POR,112.1,110.2,110.77,102.0,0.4403,0.3585,1.0,0.5,116.0,,119.3,114.8,119.89,102.84,0.4516,0.3125,1.0,0.3,123.4,,0.84,12,5,7,0,0,118.25,108.375,0.875,8
1002,0022500274,2025-11-22,2025-26,Regular Season,123,128,7,22,DEN,SAC,123.7,122.06,111.61,101.55,0.5046,0.3754,1.0,0.9,125.0,,108.6,104.74,122.45,103.9,0.4563,0.3643,1.0,0.1,107.8,,2.35,5,2,3,0,0,119.2,116.6,0.7,10
1005,0022500269,2025-11-22,2025-26,Regular Season,133,121,17,16,ORL,NYK,117.4,116.33,108.45,99.8,0.4695,0.3489,1.0,0.7,116.67,,124.9,123.47,114.97,101.5,0.4777,0.3791,1.0,0.6,117.0,,1.7,2,3,-1,0,0,101.77777777777777,103.33333333333333,0.5555555555555556,9
1004,0022500270,2025-11-22,2025-26,Regular Season,98,115,4,1,NOP,ATL,110.3,108.58,117.83,101.55,0.4564,0.3334,1.0,0.2,111.67,,118.7,116.11,111.7,102.2,0.5036,0.3867,1.0,0.6,121.5,,0.65,3,2,1,0,0,113.0,117.66666666666667,0.3333333333333333,3
1008,0022500272,2025-11-22,2025-26,Regular Season,116,129,13,29,MIL,DET,113.6,110.96,117.02,100.13,0.4791,0.4196,1.0,0.4,119.4,,120.8,117.93,108.39,101.31,0.5049,0.3474,1.0,1.0,118.4,,1.18,2,4,-2,0,0,132.71428571428572,120.14285714285714,1.0,7
1007,0022500268,2025-11-22,2025-26,Regular Season,116,131,30,10,CHA,LAC,112.9,112.22,117.48,99.46,0.4396,0.3376,1.0,0.2,109.8,,110.9,111.79,120.71,97.4,0.4564,0.3615,1.0,0.2,112.4,,2.06,7,2,5,0,0,103.5,119.5,0.0,4
1006,0022500273,2025-11-22,2025-26,Regular Season,96,102,6,27,DAL,MEM,113.2,106.57,110.18,103.3,0.4509,0.3167,1.0,0.4,117.29,,109.0,108.06,114.39,100.85,0.4206,0.325,1.0,0.2,104.0,,2.45,1,4,-3,1,0,106.75,118.5,0.25,8
1003,0022500271,2025-11-22,2025-26,Regular Season,121,120,5,28,CHI,WAS,119.7,112.0,119.96,104.59,0.463,0.3789,1.0,0.3,112.33,,109.5,106.13,126.26,102.06,0.4587,0.3591,1.0,0.0,112.5,,2.53,1,1,0,1,1,121.71428571428571,108.42857142857143,0.7142857142857143,7
1000,0022500275,2025-11-23,2025-26,Regular Season,117,127,19,12,PHI,MIA,115.1,114.68,113.14,99.43,0.4605,0.36,1.0,0.5,112.4,,125.0,116.36,112.68,106.08,0.4742,0.3845,1.0,0.5,126.75,,6.65,4,2,2,0,0,101.75,109.125,0.25,8
995,0022500282,2025-11-23,2025-26,Regular Season,106,108,26,11,UTA,LAL,118.3,112.28,122.43,103.14,0.4504,0.3336,1.0,0.3,129.8,,118.0,116.85,113.37,100.9,0.5025,0.3487,1.0,0.8,113.14,,2.24,2,8,-6,0,0,118.125,126.75,0.25,8
1001,0022500280,2025-11-23,2025-26,Regular Season,122,95,24,21,OKC,POR,123.0,120.73,102.14,101.8,0.4997,0.3993,1.0,0.9,120.0,,121.1,116.24,121.15,103.14,0.4575,0.3199,1.0,0.3,124.0,,1.34,4,2,2,0,0,122.44444444444444,103.11111111111111,0.8888888888888888,9
994,0022500278,2025-11-23,2025-26,Regular Season,120,105,3,10,CLE,LAC,123.9,119.35,112.8,102.63,0.4729,0.3521,1.0,0.8,117.57,,112.1,113.63,121.14,96.8,0.4575,0.3642,1.0,0.2,115.5,,5.83,2,1,1,0,1,120.5,120.5,0.5,4
996,0022500276,2025-11-23,2025-26,Regular Season,113,110,1,30,ATL,CHA,119.3,117.54,110.87,101.3,0.4997,0.3976,1.0,0.7,114.5,,114.0,113.9,118.79,99.06,0.4483,0.3393,1.0,0.2,116.0,,2.24,5,4,1,0,0,119.14285714285714,109.14285714285714,0.7142857142857143,7
998,0022500279,2025-11-23,2025-26,Regular Season,119,109,25,15,TOR,BKN,121.9,121.32,108.75,100.6,0.5071,0.3637,1.0,0.9,123.75,,107.9,110.96,119.43,97.35,0.4359,0.3284,1.0,0.3,110.0,,3.25,2,2,0,0,0,110.33333333333333,103.11111111111111,0.5555555555555556,9
997,0022500281,2025-11-23,2025-26,Regular Season,111,102,20,23,PHX,SAS,120.6,120.74,109.96,99.95,0.4935,0.4097,1.0,0.8,122.5,,119.9,117.99,115.27,101.3,0.4948,0.3592,1.0,0.6,118.33,,1.35,2,13,-11,0,0,115.5,106.5,0.6666666666666666,6
999,0022500277,2025-11-23,2025-26,Regular Season,138,129,2,17,BOS,ORL,113.1,117.46,113.77,96.35,0.4578,0.3609,1.0,0.5,116.17,,118.2,117.95,111.73,99.1,0.4737,0.355,1.0,0.7,116.33,,2.75,2,7,-5,0,0,107.07692307692308,101.3076923076923,0.6153846153846154,13
992,0022500283,2025-11-24,2025-26,Regular Season,117,122,18,29,IND,DET,108.6,106.17,121.38,102.2,0.4174,0.3014,1.0,0.1,114.0,,121.5,118.88,109.21,101.11,0.5182,0.3632,1.0,1.0,119.8,,1.09,5,2,3,0,0,121.66666666666667,115.44444444444444,0.7777777777777778,9
987,0022500284,2025-11-24,2025-26,Regular Season,110,99,25,3,TOR,CLE,122.1,121.66,109.52,100.45,0.5029,0.384,1.0,0.9,124.25,,122.7,119.15,112.11,101.83,0.4713,0.349,1.0,0.8,138.67,,1.38,1,12,-11,1,0,111.88888888888889,120.0,0.3333333333333333,9
993,0022500286,2025-11-24,2025-26,Regular Season,106,102,12,6,MIA,DAL,125.7,116.69,112.05,106.43,0.469,0.3709,1.0,0.6,123.83,,112.9,106.89,111.05,102.65,0.4478,0.3187,1.0,0.4,103.67,,3.78,5,7,-2,0,0,109.0,115.25,0.25,4
991,0022500287,2025-11-24,2025-26,Regular Season,115,125,27,7,MEM,DEN,108.8,108.2,112.52,100.55,0.4171,0.3194,1.0,0.3,114.0,,123.0,122.59,113.35,100.5,0.502,0.3816,1.0,0.8,122.4,,0.05,4,3,1,0,0,107.16666666666667,120.83333333333333,0.16666666666666666,6
990,0022500292,2025-11-24,2025-26,Regular Season,117,112,22,14,SAC,MIN,109.0,106.48,122.98,102.85,0.4568,0.3643,1.0,0.2,109.4,,122.9,119.69,110.47,102.45,0.493,0.3643,1.0,0.7,123.2,,0.4,12,3,9,0,0,116.11111111111111,119.33333333333333,0.4444444444444444,9
989,0022500290,2025-11-24,2025-26,Regular Season,92,114,20,9,PHX,HOU,118.7,119.32,109.13,99.4,0.4796,0.3889,1.0,0.8,119.33,,120.9,121.5,110.62,98.8,0.4821,0.4258,1.0,0.8,119.6,,0.6,1,5,-4,1,0,111.71428571428571,118.28571428571429,0.2857142857142857,7
986,0022500289,2025-11-24,2025-26,Regular Season,143,130,4,5,NOP,CHI,108.5,107.19,118.25,101.3,0.4503,0.3183,1.0,0.1,108.67,,120.2,111.93,118.72,105.04,0.4566,0.3637,1.0,0.3,124.0,,3.74,2,5,-3,0,0,116.5,115.5,0.5,4
985,0022500285,2025-11-24,2025-26,Regular Season,100,113,15,16,BKN,NYK,108.3,112.27,119.31,96.6,0.4397,0.3458,1.0,0.3,106.0,,124.5,122.69,114.63,101.7,0.4826,0.3742,1.0,0.6,115.67,,5.1,6,2,4,0,0,103.22222222222223,114.33333333333333,0.0,9
988,0022500291,2025-11-24,2025-26,Regular Season,134,117,8,26,GSW,UTA,112.6,110.34,112.52,102.25,0.4391,0.3528,1.0,0.4,118.5,,118.6,112.37,120.54,103.29,0.4521,0.3442,1.0,0.3,107.75,,1.04,3,6,-3,0,0,125.57142857142857,112.85714285714286,0.8571428571428571,7
984,0022500288,2025-11-24,2025-26,Regular Season,103,115,13,21,MIL,POR,113.5,111.2,118.99,99.73,0.4826,0.4235,1.0,0.3,118.83,,119.1,114.64,121.55,102.74,0.4451,0.3229,1.0,0.3,119.86,,3.01,2,1,1,0,1,109.5,112.75,0.25,4
981,0022500058,2025-11-25,2025-26,Regular Season,103,144,19,17,PHI,ORL,113.9,113.07,114.83,99.83,0.4533,0.3566,1.0,0.4,113.17,,119.9,120.05,113.39,98.76,0.4773,0.3647,1.0,0.7,122.0,,1.07,2,2,0,0,0,110.75,105.0,0.625,8
982,0022500059,2025-11-25,2025-26,Regular Season,135,118,11,10,LAL,LAC,117.1,115.5,112.11,101.4,0.4954,0.3408,1.0,0.8,129.33,,111.9,113.65,120.78,96.6,0.4625,0.3531,1.0,0.2,114.0,,4.8,7,2,5,0,0,110.85714285714286,108.42857142857143,0.7142857142857143,7
983,0022500057,2025-11-25,2025-26,Regular Season,132,113,28,1,WAS,ATL,112.1,108.86,126.0,101.86,0.4647,0.3702,1.0,0.1,108.67,,117.9,116.86,111.25,100.75,0.4936,0.3898,1.0,0.7,122.5,,1.11,9,3,6,0,0,120.42857142857143,122.57142857142857,0.42857142857142855,7
975,0022500066,2025-11-26,2025-26,Regular Season,100,104,8,9,GSW,HOU,114.4,112.04,112.25,102.2,0.4432,0.3498,1.0,0.5,123.67,,119.5,120.56,109.99,98.46,0.4765,0.4022,1.0,0.8,116.8,,3.74,2,2,0,0,0,107.07142857142857,104.5,0.6428571428571429,14
977,0022500062,2025-11-26,2025-26,Regular Season,106,103,12,13,MIA,MIL,125.1,116.62,110.54,105.98,0.4695,0.3553,1.0,0.7,121.29,,113.8,111.7,117.81,99.58,0.4838,0.4297,1.0,0.3,107.33,,6.4,2,9,-7,0,0,112.33333333333333,116.66666666666667,0.16666666666666666,6
976,0022500061,2025-11-26,2025-26,Regular Season,101,129,30,16,CHA,NYK,112.4,113.0,120.48,98.46,0.4447,0.3292,1.0,0.1,108.5,,123.0,122.04,113.89,100.95,0.4884,0.3609,1.0,0.6,115.0,,2.49,4,2,2,0,0,100.83333333333333,112.0,0.16666666666666666,6
980,0022500067,2025-11-26,2025-26,Regular Season,102,115,21,23,POR,SAS,118.5,115.06,120.93,101.84,0.4498,0.3206,1.0,0.3,115.5,,118.3,117.16,113.85,100.75,0.4905,0.3642,1.0,0.6,113.0,,1.09,7,3,4,0,0,110.57142857142857,117.28571428571429,0.2857142857142857,7
978,0022500060,2025-11-26,2025-26,Regular Season,117,114,2,29,BOS,DET,116.8,121.38,113.87,96.3,0.4792,0.3746,1.0,0.6,122.33,,122.3,119.32,109.97,101.41,0.5176,0.3669,1.0,1.0,121.4,,5.11,3,2,1,0,0,120.375,111.375,0.75,8
973,0022500068,2025-11-26,2025-26,Regular Season,100,112,22,20,SAC,PHX,108.6,105.81,122.22,102.16,0.4507,0.3434,1.0,0.2,108.6,,117.2,118.3,109.35,98.9,0.4769,0.3876,1.0,0.8,121.33,,3.26,2,8,-6,0,0,116.8,113.0,0.5,10
972,0022500063,2025-11-26,2025-26,Regular Season,97,95,25,18,TOR,IND,120.3,119.64,109.42,100.55,0.5034,0.3671,1.0,0.9,119.75,,108.8,106.69,121.98,102.0,0.4217,0.3191,1.0,0.1,105.0,,1.45,2,5,-3,0,0,122.75,121.5,0.625,8
979,0022500064,2025-11-26,2025-26,Regular Season,113,105,24,14,OKC,MIN,122.6,120.58,101.01,101.65,0.5003,0.3936,1.0,0.9,120.5,,121.6,117.11,109.76,102.71,0.4778,0.3553,1.0,0.6,120.6,,1.06,3,2,1,0,0,114.76923076923077,111.15384615384616,0.6153846153846154,13
974,0022500065,2025-11-26,2025-26,Regular Season,128,133,4,27,NOP,MEM,112.7,110.21,119.96,102.35,0.4584,0.3231,1.0,0.1,113.57,,109.7,109.11,113.89,100.45,0.4231,0.3193,1.0,0.3,103.6,,1.9,2,4,-2,0,0,113.625,118.0,0.125,8
967,0022500071,2025-11-28,2025-26,Regular Season,123,116,30,5,CHA,CHI,111.3,112.21,122.15,98.16,0.4383,0.3252,1.0,0.1,107.0,,121.9,112.56,120.85,105.89,0.4618,0.3655,1.0,0.2,124.86,,7.73,2,4,-2,0,0,107.25,116.125,0.125,8
971,0022500072,2025-11-28,2025-26,Regular Season,109,112,29,17,DET,ORL,122.3,119.67,111.83,101.06,0.5079,0.3608,1.0,0.9,125.5,,122.0,121.34,111.91,99.46,0.4808,0.3557,1.0,0.7,127.5,,1.6,11,3,8,0,0,105.375,112.875,0.25,8
970,0022500078,2025-11-28,2025-26,Regular Season,129,119,11,6,LAL,DAL,117.6,117.27,113.1,100.4,0.5024,0.353,1.0,0.8,131.0,,112.7,106.49,109.87,102.75,0.4382,0.3231,1.0,0.4,103.0,,2.35,3,4,-1,0,0,111.5,109.16666666666667,0.5,6
969,0022500076,2025-11-28,2025-26,Regular Season,136,139,7,23,DEN,SAS,123.3,123.97,114.51,99.65,0.5099,0.4053,1.0,0.8,124.0,,118.2,116.94,112.15,100.85,0.4825,0.3581,1.0,0.7,112.67,,1.2,6,2,4,0,0,116.71428571428571,112.71428571428571,0.5714285714285714,7
968,0022500074,2025-11-28,2025-26,Regular Season,118,109,16,13,NYK,MIL,124.0,123.53,114.3,100.5,0.4984,0.3763,1.0,0.6,130.2,,111.5,110.11,117.82,99.08,0.4793,0.422,1.0,0.2,106.25,,1.42,14,2,12,0,0,120.875,116.875,0.625,8
966,0022500070,2025-11-28,2025-26,Regular Season,103,115,15,19,BKN,PHI,107.4,111.67,118.57,96.25,0.4372,0.345,1.0,0.3,103.75,,113.1,111.71,117.46,100.28,0.4558,0.3559,1.0,0.4,116.33,,4.03,4,8,-4,0,0,103.88888888888889,113.33333333333333,0.4444444444444444,9
964,0022500079,2025-11-28,2025-26,Regular Season,107,112,10,27,LAC,MEM,113.5,115.55,122.59,96.6,0.4701,0.3579,1.0,0.2,107.0,,112.1,110.82,113.82,99.87,0.4385,0.3319,1.0,0.4,108.5,,3.27,16,2,14,0,0,119.33333333333333,108.66666666666667,1.0,6
963,0022500077,2025-11-28,2025-26,Regular Season,128,119,26,22,UTA,SAC,119.8,112.59,122.45,104.24,0.4544,0.3458,1.0,0.2,125.83,,108.5,106.41,121.2,101.41,0.4559,0.3412,1.0,0.2,108.6,,2.83,5,6,-1,0,0,103.57142857142857,121.42857142857143,0.0,7
962,0022500073,2025-11-28,2025-26,Regular Season,119,86,18,28,IND,WAS,108.0,105.9,120.38,102.05,0.4252,0.3163,1.0,0.1,118.33,,115.1,111.68,125.3,101.96,0.4749,0.3831,1.0,0.2,115.5,,0.09,4,6,-2,0,0,125.0,113.5,0.8333333333333334,6
961,0022500075,2025-11-28,2025-26,Regular Season,123,119,24,20,OKC,PHX,122.0,120.86,100.42,100.8,0.506,0.381,1.0,1.0,119.0,,116.9,117.74,109.14,99.0,0.4785,0.3821,1.0,0.8,119.0,,1.8,2,2,0,0,0,122.0,103.4,1.0,5
965,0022500069,2025-11-28,2025-26,Regular Season,130,123,1,3,ATL,CLE,119.5,118.23,113.28,100.95,0.5045,0.401,1.0,0.7,115.67,,117.8,114.85,111.83,101.53,0.4654,0.3338,1.0,0.7,122.33,,0.58,5,4,1,0,0,113.375,118.875,0.375,8
958,0022500297,2025-11-29,2025-26,Regular Season,116,99,13,15,MIL,BKN,110.9,109.97,117.66,98.78,0.4757,0.4211,1.0,0.2,115.0,,106.5,110.98,119.99,96.05,0.4353,0.3402,1.0,0.2,109.4,,2.73,5,6,-1,0,0,115.66666666666667,113.66666666666667,0.5,6
955,0022500300,2025-11-29,2025-26,Regular Season,110,114,10,6,LAC,DAL,113.9,114.9,121.23,97.5,0.4596,0.3592,1.0,0.2,108.33,,113.5,108.11,113.26,102.0,0.4414,0.3419,1.0,0.3,105.67,,4.5,1,1,0,1,1,109.6923076923077,105.46153846153847,0.6153846153846154,13
959,0022500296,2025-11-29,2025-26,Regular Season,135,138,12,29,MIA,DET,123.1,115.23,110.46,105.53,0.4639,0.3402,1.0,0.7,118.43,,120.7,117.65,111.69,101.56,0.4943,0.377,1.0,0.8,119.2,,3.97,3,3,0,0,0,113.42857142857143,109.71428571428571,0.5714285714285714,7
956,0022500294,2025-11-29,2025-26,Regular Season,118,111,30,25,CHA,TOR,112.8,113.33,121.31,98.26,0.4456,0.3329,1.0,0.2,109.67,,119.1,118.45,109.23,100.55,0.5016,0.3547,1.0,0.9,123.0,,2.29,1,10,-9,1,0,110.0,117.625,0.25,8
953,0022500299,2025-11-29,2025-26,Regular Season,112,130,20,7,PHX,DEN,117.4,116.3,109.17,100.65,0.476,0.3741,1.0,0.7,115.5,,124.0,124.13,117.31,100.15,0.5065,0.3978,1.0,0.7,122.83,,0.5,5,5,0,0,0,111.125,118.0,0.375,8
957,0022500295,2025-11-29,2025-26,Regular Season,103,101,18,5,IND,CHI,109.9,108.28,117.42,101.75,0.4419,0.3323,1.0,0.2,118.5,,122.5,113.12,120.46,105.94,0.4603,0.3574,1.0,0.2,125.71,,4.19,1,1,0,1,1,119.85714285714286,118.57142857142857,0.5714285714285714,7
954,0022500298,2025-11-29,2025-26,Regular Season,104,96,8,4,GSW,NOP,114.0,112.2,110.24,101.7,0.4438,0.3484,1.0,0.5,117.75,,113.6,110.05,119.45,102.27,0.46,0.3258,1.0,0.1,106.5,,0.57,3,8,-5,0,0,112.71428571428571,108.42857142857143,0.7142857142857143,7
960,0022500293,2025-11-29,2025-26,Regular Season,119,115,14,2,MIN,BOS,120.7,115.84,106.94,103.01,0.4709,0.3537,1.0,0.6,122.6,,118.2,122.71,114.8,96.35,0.4813,0.3995,1.0,0.7,108.5,,6.66,10,11,-1,0,0,113.33333333333333,117.33333333333333,0.0,3
946,0022500304,2025-11-30,2025-26,Regular Season,134,142,19,1,PHI,ATL,112.5,111.7,115.4,99.68,0.4558,0.3469,1.0,0.5,111.71,,120.3,117.93,114.48,101.8,0.5056,0.3972,1.0,0.7,121.14,,2.12,5,5,0,0,0,122.28571428571429,126.28571428571429,0.2857142857142857,7
950,0022500301,2025-11-30,2025-26,Regular Season,101,129,26,9,UTA,HOU,122.3,114.82,122.6,104.49,0.4643,0.3475,1.0,0.3,126.14,,118.9,121.31,110.98,97.3,0.4698,0.4028,1.0,0.8,114.67,,7.19,2,4,-2,0,0,115.42857142857143,125.0,0.2857142857142857,7
949,0022500306,2025-11-30,2025-26,Regular Season,125,112,14,23,MIN,SAS,118.9,115.44,109.77,101.96,0.4635,0.3503,1.0,0.6,119.0,,120.0,118.59,114.64,100.95,0.4854,0.3586,1.0,0.7,119.25,,1.01,1,2,-1,1,0,112.85714285714286,107.28571428571429,0.7142857142857143,7
948,0022500305,2025-11-30,2025-26,Regular Season,115,123,21,24,POR,OKC,115.6,113.57,120.16,100.69,0.4473,0.3181,1.0,0.3,111.0,,121.1,119.89,101.94,100.95,0.5005,0.3908,1.0,1.0,123.25,,0.26,4,9,-5,0,0,102.3,122.4,0.1,10
947,0022500303,2025-11-30,2025-26,Regular Season,116,94,16,25,NYK,TOR,122.1,121.96,114.14,100.2,0.4897,0.3723,1.0,0.6,126.4,,118.2,117.68,108.28,99.46,0.5004,0.3436,1.0,0.9,121.2,,0.74,2,1,1,0,1,126.375,110.375,1.0,8
952,0022500308,2025-11-30,2025-26,Regular Season,133,121,11,4,LAL,NOP,118.2,118.67,114.11,99.85,0.5028,0.3653,1.0,0.8,130.5,,113.4,110.26,118.3,101.82,0.4562,0.3178,1.0,0.1,105.5,,1.97,2,1,1,0,1,123.375,109.25,0.875,8
945,0022500307,2025-11-30,2025-26,Regular Season,107,115,22,27,SAC,MEM,108.7,106.92,120.05,101.11,0.4563,0.3309,1.0,0.2,106.25,,111.5,110.45,114.34,99.67,0.4346,0.3373,1.0,0.4,109.0,,1.44,4,2,2,0,0,117.57142857142857,114.85714285714286,0.7142857142857143,7
951,0022500302,2025-11-30,2025-26,Regular Season,115,117,3,2,CLE,BOS,117.3,113.8,112.14,101.98,0.4628,0.3404,1.0,0.6,113.83,,116.1,120.81,116.5,96.05,0.4735,0.3953,1.0,0.6,109.8,,5.93,7,1,6,0,1,107.38461538461539,112.76923076923077,0.3076923076923077,13
938,0022500310,2025-12-01,2025-26,Regular Season,119,135,18,3,IND,CLE,111.9,110.49,116.23,101.6,0.454,0.3358,1.0,0.3,115.4,,115.0,113.45,112.16,101.3,0.4677,0.3466,1.0,0.5,117.33,,0.3,2,3,-1,0,0,115.41666666666667,114.83333333333333,0.5833333333333334,12
942,0022500312,2025-12-01,2025-26,Regular Season,116,103,15,30,BKN,CHA,105.7,110.82,119.83,95.45,0.4396,0.3413,1.0,0.2,102.75,,113.5,113.32,119.56,97.91,0.4376,0.3113,1.0,0.3,117.5,,2.46,3,8,-5,0,0,109.0,109.57142857142857,0.42857142857142855,7
941,0022500314,2025-12-01,2025-26,Regular Season,125,120,17,5,ORL,CHI,122.5,120.75,110.83,100.35,0.4771,0.3483,1.0,0.8,120.6,,120.4,111.38,118.42,105.59,0.4599,0.3538,1.0,0.2,122.71,,5.24,9,2,7,0,0,109.875,106.625,0.625,8
939,0022500315,2025-12-01,2025-26,Regular Season,121,131,7,6,DEN,DAL,125.3,126.64,119.83,99.1,0.516,0.4261,1.0,0.7,128.67,,113.5,108.11,112.59,102.05,0.4442,0.347,1.0,0.4,107.75,,2.95,3,2,1,0,0,117.83333333333333,109.0,0.6666666666666666,6
936,0022500313,2025-12-01,2025-26,Regular Season,140,123,12,10,MIA,LAC,123.0,115.35,111.3,105.33,0.4629,0.3599,1.0,0.6,118.29,,114.7,114.29,121.02,98.65,0.462,0.3556,1.0,0.2,116.29,,6.68,2,6,-4,0,0,104.2,114.2,0.2,5
937,0022500316,2025-12-01,2025-26,Regular Season,133,125,26,9,UTA,HOU,122.7,115.57,122.45,104.04,0.4714,0.3525,1.0,0.3,123.0,,119.4,122.15,110.5,97.01,0.4752,0.395,1.0,0.8,115.5,,7.03,1,1,0,1,1,113.625,125.5,0.25,8
944,0022500309,2025-12-01,2025-26,Regular Season,99,98,29,1,DET,ATL,123.4,118.98,112.94,102.71,0.5058,0.376,1.0,0.8,122.2,,124.0,117.85,113.86,103.09,0.5066,0.3923,1.0,0.7,126.43,,0.38,3,1,2,0,1,124.42857142857143,123.28571428571429,0.5714285714285714,7
943,0022500317,2025-12-01,2025-26,Regular Season,108,125,11,20,LAL,PHX,119.7,120.3,114.84,99.7,0.5065,0.3696,1.0,0.8,134.25,,116.5,116.24,113.15,100.05,0.4703,0.3632,1.0,0.6,120.25,,0.35,1,3,-2,1,0,109.0,114.42857142857143,0.42857142857142855,7
940,0022500311,2025-12-01,2025-26,Regular Season,129,126,28,13,WAS,MIL,113.0,109.49,123.32,102.11,0.4654,0.3717,1.0,0.2,114.5,,110.9,111.16,117.35,97.73,0.483,0.4232,1.0,0.2,104.5,,4.38,6,3,3,0,0,115.71428571428571,122.71428571428571,0.14285714285714285,7
930,0022500322,2025-12-02,2025-26,Regular Season,126,119,23,27,SAS,MEM,118.6,117.78,116.04,100.4,0.4845,0.3478,1.0,0.6,119.4,,113.0,111.62,113.43,99.92,0.4484,0.3362,1.0,0.5,109.75,,0.48,12,2,10,0,0,109.11111111111111,115.33333333333333,0.3333333333333333,9
935,0022500321,2025-12-02,2025-26,Regular Season,142,149,4,14,NOP,MIN,113.8,110.16,118.71,102.17,0.4594,0.3345,1.0,0.1,115.14,,117.0,115.16,110.52,100.81,0.4662,0.3571,1.0,0.6,112.5,,1.36,6,6,0,0,0,111.16666666666667,114.5,0.5,6
934,0022500323,2025-12-02,2025-26,Regular Season,112,124,8,24,GSW,OKC,113.0,111.86,112.15,101.1,0.4415,0.3466,1.0,0.5,115.25,,122.0,119.88,102.49,101.8,0.5062,0.402,1.0,1.0,125.5,,0.7,3,2,1,0,0,116.28571428571429,121.71428571428571,0.2857142857142857,7
933,0022500318,2025-12-02,2025-26,Regular Season,121,102,19,28,PHI,WAS,112.9,109.42,114.73,100.07,0.4486,0.341,1.0,0.4,112.29,,114.4,111.08,121.7,101.81,0.4723,0.3712,1.0,0.3,112.0,,1.74,2,4,-2,0,0,125.71428571428571,114.14285714285714,0.8571428571428571,7
932,0022500319,2025-12-02,2025-26,Regular Season,121,118,25,21,TOR,POR,115.7,115.1,108.77,99.56,0.4929,0.3476,1.0,0.8,115.2,,115.9,112.79,119.93,101.64,0.4422,0.3147,1.0,0.3,118.5,,2.08,6,8,-2,0,0,107.66666666666667,115.0,0.0,3
931,0022500320,2025-12-02,2025-26,Regular Season,123,117,2,16,BOS,NYK,116.8,121.89,115.94,95.8,0.4776,0.3952,1.0,0.7,122.4,,120.3,119.69,113.62,100.4,0.4816,0.362,1.0,0.6,117.8,,4.6,6,6,0,0,0,113.14285714285714,108.35714285714286,0.5714285714285714,14
925,0022500331,2025-12-03,2025-26,Regular Season,113,109,13,29,MIL,DET,113.5,112.89,118.19,98.53,0.4923,0.4385,1.0,0.2,115.17,,119.6,116.87,111.0,102.35,0.5088,0.3635,1.0,0.8,124.6,,3.82,4,4,0,0,0,130.625,121.25,0.875,8
926,0022500329,2025-12-03,2025-26,Regular Season,103,113,5,15,CHI,BKN,120.7,111.45,118.47,105.84,0.4658,0.3549,1.0,0.2,114.0,,107.5,112.33,116.02,95.85,0.4442,0.3497,1.0,0.3,109.6,,9.99,11,4,7,0,0,114.6,115.0,0.4,5
924,0022500332,2025-12-03,2025-26,Regular Season,118,108,6,12,DAL,MIA,115.2,110.09,112.86,101.7,0.45,0.3624,1.0,0.5,118.0,,123.0,116.39,110.69,105.6,0.469,0.3788,1.0,0.7,134.0,,3.9,11,10,1,0,0,112.6,108.4,0.6,5
923,0022500326,2025-12-03,2025-26,Regular Season,112,114,17,23,ORL,SAS,123.5,120.81,110.61,101.21,0.4834,0.3489,1.0,0.8,122.6,,119.1,118.88,116.8,99.9,0.479,0.3637,1.0,0.6,117.0,,1.31,2,3,-1,0,0,115.75,106.25,1.0,4
927,0022500325,2025-12-03,2025-26,Regular Season,120,135,18,7,IND,DEN,111.0,109.96,115.11,101.25,0.4557,0.3421,1.0,0.3,116.0,,125.2,126.04,121.42,99.6,0.5123,0.4191,1.0,0.6,124.17,,1.65,2,4,-2,0,0,111.8,118.6,0.2,5
928,0022500327,2025-12-03,2025-26,Regular Season,92,115,1,10,ATL,LAC,120.5,115.35,114.4,102.34,0.4917,0.3848,1.0,0.6,118.33,,115.4,114.05,120.83,99.5,0.458,0.3434,1.0,0.2,117.13,,2.84,5,2,3,0,0,112.4,119.2,0.4,5
929,0022500330,2025-12-03,2025-26,Regular Season,121,95,9,22,HOU,SAC,120.9,122.72,110.83,97.76,0.4734,0.3763,1.0,0.8,125.25,,108.6,106.16,118.74,101.66,0.4538,0.3302,1.0,0.2,110.33,,3.9,12,5,7,0,0,113.25,117.25,0.25,4
921,0022500324,2025-12-03,2025-26,Regular Season,110,122,3,21,CLE,POR,115.5,115.05,113.44,100.4,0.4754,0.3518,1.0,0.5,114.0,,115.2,111.12,119.47,102.39,0.4338,0.3171,1.0,0.2,117.33,,1.99,3,1,2,0,1,114.75,109.5,0.75,4
922,0022500328,2025-12-03,2025-26,Regular Season,119,104,16,30,NYK,CHA,118.7,120.6,116.63,98.3,0.4842,0.3652,1.0,0.5,120.25,,112.7,111.81,120.53,98.51,0.4381,0.3188,1.0,0.2,114.6,,0.21,3,2,1,0,0,114.42857142857143,100.85714285714286,0.8571428571428571,7
918,0022500337,2025-12-04,2025-26,Regular Season,116,125,4,14,NOP,MIN,117.6,113.05,120.55,101.87,0.4705,0.3563,1.0,0.1,120.57,,119.9,116.81,112.12,100.71,0.469,0.366,1.0,0.6,119.75,,1.16,2,2,0,0,0,115.57142857142857,119.42857142857143,0.42857142857142855,7
917,0022500334,2025-12-04,2025-26,Regular Season,101,146,28,2,WAS,BOS,114.1,110.7,122.78,101.81,0.4705,0.3648,1.0,0.3,122.33,,118.0,124.15,117.68,95.2,0.4868,0.3883,1.0,0.7,111.25,,6.61,3,4,-1,0,0,106.0,124.625,0.0,8
916,0022500335,2025-12-04,2025-26,Regular Season,110,123,15,26,BKN,UTA,107.9,112.17,113.95,96.3,0.4534,0.3569,1.0,0.4,104.5,,124.7,116.69,122.48,104.59,0.4814,0.3598,1.0,0.4,121.5,,8.29,3,10,-7,0,0,115.0,114.0,0.25,4
920,0022500336,2025-12-04,2025-26,Regular Season,120,123,25,11,TOR,LAL,115.2,113.97,108.47,100.16,0.4905,0.3456,1.0,0.8,116.17,,120.3,120.69,114.64,100.0,0.5121,0.369,1.0,0.8,111.6,,0.16,2,11,-9,0,0,117.5,128.5,0.0,4
919,0022500333,2025-12-04,2025-26,Regular Season,99,98,19,8,PHI,GSW,114.2,110.37,113.44,100.42,0.4508,0.3471,1.0,0.5,114.14,,114.0,112.84,111.83,101.15,0.4422,0.3524,1.0,0.5,113.4,,0.73,2,15,-13,0,0,110.5,126.0,0.25,4
909,0022500340,2025-12-05,2025-26,Regular Season,133,134,1,7,ATL,DEN,116.5,112.71,114.96,101.19,0.4806,0.367,1.0,0.5,111.75,,125.7,126.14,121.58,99.85,0.5189,0.4416,1.0,0.6,125.0,,1.34,2,2,0,0,0,115.75,137.75,0.0,4
913,0022500338,2025-12-05,2025-26,Regular Season,126,105,2,11,BOS,LAL,122.6,128.56,117.03,95.6,0.5022,0.3967,1.0,0.8,122.5,,120.5,121.18,115.6,99.9,0.5121,0.375,1.0,0.8,112.0,,4.3,3,1,2,0,1,109.5,111.75,0.5,4
912,0022500341,2025-12-05,2025-26,Regular Season,130,117,3,23,CLE,SAS,115.2,114.08,112.53,100.9,0.4707,0.3524,1.0,0.5,113.57,,118.5,118.42,115.59,99.85,0.4763,0.362,1.0,0.7,116.4,,1.05,2,2,0,0,0,118.0,111.25,1.0,4
904,0022500346,2025-12-05,2025-26,Regular Season,117,98,9,20,HOU,PHX,120.8,122.11,108.47,98.1,0.4728,0.3691,1.0,0.8,124.4,,116.7,116.78,112.98,99.7,0.4805,0.3668,1.0,0.6,120.75,,1.6,2,4,-2,0,0,117.75,109.25,0.75,8
911,0022500339,2025-12-05,2025-26,Regular Season,106,105,17,12,ORL,MIA,122.3,119.12,110.88,101.66,0.4801,0.3458,1.0,0.7,120.83,,122.2,116.34,110.57,104.8,0.4607,0.368,1.0,0.7,127.5,,3.14,2,2,0,0,0,107.88888888888889,107.55555555555556,0.4444444444444444,9
910,0022500342,2025-12-05,2025-26,Regular Season,122,116,29,21,DET,POR,118.1,116.3,111.87,101.55,0.4932,0.3528,1.0,0.7,112.25,,115.8,111.6,116.29,102.54,0.4301,0.3222,1.0,0.3,118.33,,0.99,4,2,2,0,0,121.66666666666667,116.33333333333333,1.0,3
907,0022500345,2025-12-05,2025-26,Regular Season,105,120,5,18,CHI,IND,119.7,110.99,117.85,105.39,0.4603,0.3418,1.0,0.2,110.33,,113.2,111.96,115.04,101.45,0.4712,0.3605,1.0,0.3,105.33,,3.94,2,9,-7,0,0,116.375,117.75,0.375,8
906,0022500348,2025-12-05,2025-26,Regular Season,101,116,13,19,MIL,PHI,110.1,110.93,117.47,98.28,0.4764,0.4092,1.0,0.2,109.5,,113.9,109.73,112.8,100.77,0.4538,0.3352,1.0,0.5,114.33,,2.49,2,7,-5,0,0,122.14285714285714,112.0,0.8571428571428571,7
905,0022500343,2025-12-05,2025-26,Regular Season,146,112,16,26,NYK,UTA,119.9,122.67,115.65,97.5,0.4876,0.3662,1.0,0.6,123.25,,121.8,114.35,120.93,104.29,0.4766,0.3706,1.0,0.4,122.0,,6.79,2,1,1,0,1,114.0,111.0,0.5,4
915,0022500347,2025-12-05,2025-26,Regular Season,107,98,27,10,MEM,LAC,112.9,112.71,114.07,98.82,0.4472,0.334,1.0,0.5,126.0,,113.6,115.27,120.17,98.85,0.46,0.3437,1.0,0.2,114.88,,0.03,11,2,9,0,0,109.14285714285714,117.57142857142857,0.14285714285714285,7
914,0022500344,2025-12-05,2025-26,Regular Season,86,111,25,30,TOR,CHA,114.3,114.68,111.42,98.76,0.4847,0.3628,1.0,0.7,116.71,,109.7,111.03,119.7,97.85,0.4301,0.312,1.0,0.2,108.6,,0.91,1,2,-1,1,0,116.88888888888889,110.88888888888889,0.6666666666666666,9
908,0022500349,2025-12-05,2025-26,Regular Season,132,111,24,6,OKC,DAL,121.8,119.56,103.47,101.85,0.5138,0.4045,1.0,1.0,118.4,,114.3,111.77,112.91,101.39,0.4561,0.3846,1.0,0.6,112.4,,0.46,7,4,3,0,0,112.33333333333333,110.2,0.4666666666666667,15
900,0022500356,2025-12-06,2025-26,Regular Season,122,109,6,9,DAL,HOU,111.6,110.78,114.36,101.1,0.4533,0.3837,1.0,0.5,110.75,,119.0,120.29,107.27,98.01,0.4789,0.3761,1.0,0.8,117.2,,3.09,3,5,-2,0,0,111.55555555555556,116.22222222222223,0.4444444444444444,9
903,0022500350,2025-12-06,2025-26,Regular Season,119,101,15,4,BKN,NOP,109.1,112.52,114.96,97.05,0.4534,0.3575,1.0,0.4,105.6,,118.6,113.41,119.67,102.62,0.47,0.3567,1.0,0.1,110.67,,5.57,2,6,-4,0,0,100.5,108.75,0.5,4
902,0022500353,2025-12-06,2025-26,Regular Season,124,112,29,13,DET,MIL,118.9,116.98,113.09,101.55,0.4949,0.353,1.0,0.7,114.25,,110.7,111.53,116.8,98.43,0.4825,0.4051,1.0,0.2,111.0,,3.12,1,5,-4,1,0,119.88888888888889,128.66666666666666,0.1111111111111111,9
901,0022500354,2025-12-06,2025-26,Regular Season,111,127,12,22,MIA,SAC,119.5,113.69,107.34,104.75,0.4644,0.3616,1.0,0.7,118.67,,108.1,106.4,118.64,100.81,0.4559,0.3237,1.0,0.2,108.14,,3.94,5,3,2,0,0,116.0,112.5,0.5,4
899,0022500352,2025-12-06,2025-26,Regular Season,94,99,3,8,CLE,GSW,117.4,116.41,114.46,100.65,0.483,0.3507,1.0,0.5,116.71,,111.3,111.16,110.72,100.25,0.4414,0.3442,1.0,0.4,108.0,,0.4,1,2,-1,1,0,124.5,106.0,1.0,2
898,0022500355,2025-12-06,2025-26,Regular Season,109,106,14,10,MIN,LAC,120.0,116.05,112.19,101.36,0.4659,0.3731,1.0,0.6,119.2,,111.6,112.72,118.22,99.25,0.4569,0.3355,1.0,0.2,112.38,,2.11,6,1,5,0,1,106.42857142857143,96.0,0.8571428571428571,7
897,0022500351,2025-12-06,2025-26,Regular Season,116,131,28,1,WAS,ATL,110.7,109.26,125.92,101.15,0.4596,0.3576,1.0,0.3,117.0,,117.4,113.22,115.52,101.59,0.4793,0.3779,1.0,0.5,118.8,,0.44,2,5,-3,0,0,121.875,121.375,0.5,8
896,0022500363,2025-12-07,2025-26,Regular Season,101,131,26,24,UTA,OKC,120.8,113.92,122.88,103.79,0.4679,0.3631,1.0,0.4,121.67,,122.9,121.03,105.87,101.45,0.5198,0.4137,1.0,1.0,125.2,,2.34,6,5,1,0,0,114.44444444444444,131.0,0.1111111111111111,9
895,0022500361,2025-12-07,2025-26,Regular Season,91,123,5,8,CHI,GSW,115.5,109.72,117.97,105.0,0.4591,0.3409,1.0,0.2,109.0,,110.3,110.34,109.59,100.0,0.4376,0.3435,1.0,0.4,106.0,,5.0,2,1,1,0,1,118.25,131.25,0.25,4
890,0022500360,2025-12-07,2025-26,Regular Season,119,96,27,21,MEM,POR,114.1,113.73,110.42,99.02,0.4673,0.3464,1.0,0.6,119.67,,114.1,111.44,116.17,102.35,0.4318,0.3248,1.0,0.3,115.5,,3.33,2,2,0,0,0,109.6,106.2,0.4,5
892,0022500362,2025-12-07,2025-26,Regular Season,108,112,19,11,PHI,LAL,115.0,110.83,111.48,100.77,0.4558,0.3388,1.0,0.6,113.71,,121.8,123.07,117.0,99.25,0.5147,0.3836,1.0,0.8,114.6,,1.52,3,2,1,0,0,114.0,103.75,0.5,4
894,0022500358,2025-12-07,2025-26,Regular Season,113,121,25,2,TOR,BOS,111.9,112.25,111.82,98.76,0.4717,0.3538,1.0,0.6,113.29,,122.1,128.17,117.95,95.6,0.5065,0.4088,1.0,0.8,122.75,,3.16,2,3,-1,0,0,103.42857142857143,113.14285714285714,0.14285714285714285,7
891,0022500357,2025-12-07,2025-26,Regular Season,106,100,16,17,NYK,ORL,120.5,123.11,113.58,97.6,0.4974,0.3766,1.0,0.6,124.75,,122.4,118.21,110.52,102.6,0.4752,0.3426,1.0,0.7,124.5,,5.0,2,9,-7,0,0,105.1,104.9,0.4,10
893,0022500359,2025-12-07,2025-26,Regular Season,106,115,30,7,CHA,DEN,111.2,111.81,116.7,98.55,0.4416,0.31,1.0,0.3,114.5,,126.8,126.72,123.27,100.2,0.5247,0.4365,1.0,0.5,126.83,,1.65,8,2,6,0,0,101.75,112.25,0.0,4
887,0022500366,2025-12-08,2025-26,Regular Season,132,135,4,23,NOP,SAS,117.8,112.82,119.34,102.37,0.4663,0.3498,1.0,0.1,124.17,,119.4,118.76,116.97,100.4,0.4756,0.3601,1.0,0.7,116.5,,1.97,4,3,1,0,0,117.9,112.5,0.5,10
889,0022500365,2025-12-08,2025-26,Regular Season,105,108,14,20,MIN,PHX,119.7,117.18,111.77,100.21,0.4693,0.3877,1.0,0.7,118.6,,113.2,113.21,114.8,99.75,0.4619,0.3436,1.0,0.5,116.2,,0.46,2,3,-1,0,0,114.58333333333333,109.91666666666667,0.6666666666666666,12
888,0022500364,2025-12-08,2025-26,Regular Season,116,105,18,22,IND,SAC,114.1,113.8,113.38,100.7,0.4823,0.3718,1.0,0.4,117.5,,109.8,108.49,117.82,100.41,0.4645,0.3297,1.0,0.3,110.57,,0.29,5,2,3,0,0,120.25,114.5,0.75,4
886,0022501202,2025-12-09,2025-26,Regular Season,101,117,25,16,TOR,NYK,111.1,111.67,112.99,98.56,0.467,0.3568,1.0,0.5,113.25,,119.8,123.39,113.15,96.65,0.4946,0.383,1.0,0.7,118.6,,1.91,2,7,-5,0,0,108.55555555555556,125.22222222222223,0.0,9
885,0022501201,2025-12-09,2025-26,Regular Season,117,108,17,12,ORL,MIA,121.1,117.97,110.42,102.65,0.4717,0.3388,1.0,0.7,121.0,,119.1,113.94,109.15,104.25,0.468,0.3506,1.0,0.6,120.75,,1.6,4,4,0,0,0,107.7,107.3,0.5,10
883,0022501203,2025-12-10,2025-26,Regular Season,138,89,24,20,OKC,PHX,125.1,122.78,105.87,101.9,0.5272,0.4159,1.0,1.0,120.6,,111.8,112.86,113.81,98.9,0.459,0.3467,1.0,0.6,114.83,,3.0,5,2,3,0,0,122.16666666666667,106.0,1.0,6
884,0022501204,2025-12-10,2025-26,Regular Season,119,132,11,23,LAL,SAS,121.2,122.92,118.01,98.75,0.5105,0.3903,1.0,0.8,129.0,,120.6,119.68,118.53,100.75,0.4716,0.3705,1.0,0.7,119.14,,2.0,9,2,7,0,0,118.0,116.625,0.75,8
881,0022501205,2025-12-11,2025-26,Regular Season,115,113,9,10,HOU,LAC,115.9,117.9,108.65,97.41,0.4795,0.3728,1.0,0.7,116.0,,111.4,112.87,118.75,98.85,0.4638,0.3357,1.0,0.2,112.13,,1.44,6,5,1,0,0,117.0,112.33333333333333,0.6666666666666666,6
880,0022501206,2025-12-11,2025-26,Regular Season,116,101,13,2,MIL,BOS,111.3,112.7,117.9,97.98,0.4846,0.4,1.0,0.2,110.5,,122.1,127.9,117.17,95.8,0.5096,0.4104,1.0,0.8,122.4,,2.18,6,4,2,0,0,113.42857142857143,111.0,0.2857142857142857,7
882,0022501207,2025-12-11,2025-26,Regular Season,143,120,4,21,NOP,POR,119.2,114.34,120.52,102.17,0.4794,0.3561,1.0,0.1,126.5,,112.7,110.1,115.51,102.3,0.4283,0.3353,1.0,0.3,112.71,,0.13,3,4,-1,0,0,106.75,110.125,0.5,8
879,0022501208,2025-12-11,2025-26,Regular Season,105,136,22,7,SAC,DEN,109.3,108.0,117.48,100.26,0.464,0.3251,1.0,0.3,108.0,,125.6,126.6,121.7,99.4,0.5291,0.4347,1.0,0.6,125.14,,0.86,11,4,7,0,0,117.63636363636364,119.54545454545455,0.36363636363636365,11
872,0022501209,2025-12-12,2025-26,Regular Season,126,129,30,5,CHA,CHI,111.0,112.36,117.78,97.95,0.4438,0.3154,1.0,0.3,112.8,,111.6,106.8,119.08,103.95,0.448,0.3326,1.0,0.1,117.8,,6.0,5,11,-6,0,0,109.0,116.11111111111111,0.2222222222222222,9
878,0022501210,2025-12-12,2025-26,Regular Season,142,115,29,1,DET,ATL,118.6,117.43,113.89,100.9,0.4904,0.3648,1.0,0.7,113.5,,119.3,114.86,115.25,101.64,0.4841,0.3771,1.0,0.6,120.83,,0.74,6,6,0,0,0,121.25,120.125,0.625,8
877,0022501211,2025-12-12,2025-26,Regular Season,115,105,19,18,PHI,IND,114.8,110.16,111.42,101.17,0.4447,0.3416,1.0,0.5,113.43,,114.5,114.53,111.45,100.45,0.4843,0.3828,1.0,0.5,108.0,,0.72,5,7,-2,0,0,109.8,119.2,0.2,5
876,0022501214,2025-12-12,2025-26,Regular Season,119,111,6,15,DAL,BKN,114.2,114.87,114.82,99.7,0.4731,0.3905,1.0,0.6,113.0,,108.1,111.76,114.45,96.95,0.453,0.356,1.0,0.4,108.5,,2.75,6,9,-3,0,0,116.0,107.0,0.6666666666666666,3
875,0022501215,2025-12-12,2025-26,Regular Season,120,127,8,14,GSW,MIN,110.2,111.39,108.98,99.1,0.4419,0.3474,1.0,0.4,114.6,,118.2,117.34,114.49,98.71,0.4709,0.3821,1.0,0.6,120.8,,0.39,10,8,2,0,0,105.2,109.0,0.4,10
874,0022501212,2025-12-12,2025-26,Regular Season,126,130,28,3,WAS,CLE,111.1,109.55,125.12,101.35,0.4652,0.3628,1.0,0.3,116.8,,115.0,114.62,114.38,100.05,0.4619,0.3316,1.0,0.4,119.0,,1.3,6,11,-5,0,0,105.44444444444444,125.77777777777777,0.0,9
873,0022501213,2025-12-12,2025-26,Regular Season,126,130,27,26,MEM,UTA,116.0,115.74,109.27,98.92,0.4762,0.3469,1.0,0.7,119.5,,115.9,111.92,124.31,103.45,0.4709,0.3597,1.0,0.3,119.5,,4.53,5,7,-2,0,0,123.6,107.2,1.0,5
871,0022501230,2025-12-13,2025-26,Regular Season,111,109,23,23,SAS,SAS,122.7,120.93,119.45,101.5,0.4733,0.3771,1.0,0.7,130.5,,122.7,120.93,119.45,101.5,0.4733,0.3771,1.0,0.7,120.75,,0.0,11,3,8,0,0,121.0,121.0,0.5,4
870,0022501229,2025-12-13,2025-26,Regular Season,120,132,17,17,ORL,ORL,120.7,117.81,109.83,102.6,0.4717,0.3607,1.0,0.7,120.33,,120.7,117.81,109.83,102.6,0.4717,0.3607,1.0,0.7,121.25,,0.0,4,6,-2,0,0,120.7,120.7,0.5,0
868,0022501218,2025-12-14,2025-26,Regular Season,111,119,3,30,CLE,CHA,117.6,116.4,114.63,100.8,0.4598,0.3291,1.0,0.5,114.83,,111.8,113.04,117.73,98.1,0.4562,0.3297,1.0,0.3,107.0,,2.7,8,9,-1,0,0,116.14285714285714,109.71428571428571,0.7142857142857143,7
866,0022501220,2025-12-14,2025-26,Regular Season,117,103,14,22,MIN,SAC,118.9,117.31,115.01,99.26,0.4801,0.3834,1.0,0.6,114.5,,109.9,108.58,119.94,100.16,0.4646,0.3254,1.0,0.3,111.67,,0.9,6,6,0,0,0,118.6,116.2,0.5,10
869,0022501228,2025-12-14,2025-26,Regular Season,114,116,20,11,PHX,LAL,108.0,109.32,116.47,98.85,0.4503,0.344,1.0,0.5,107.25,,121.2,121.98,121.1,99.4,0.5105,0.3941,1.0,0.7,112.0,,0.55,15,7,8,0,0,115.75,108.875,0.625,8
867,0022501217,2025-12-14,2025-26,Regular Season,120,117,1,19,ATL,PHI,118.2,113.16,115.54,102.09,0.4737,0.3536,1.0,0.6,117.0,,115.1,110.46,109.68,101.22,0.4419,0.334,1.0,0.6,118.0,,0.87,9,9,0,0,0,128.25,123.75,0.75,8
865,0022501221,2025-12-14,2025-26,Regular Season,136,131,21,8,POR,GSW,112.6,110.11,117.12,102.4,0.4313,0.3359,1.0,0.3,108.5,,110.9,112.07,109.56,99.1,0.4377,0.3439,1.0,0.4,104.0,,3.3,14,7,7,0,0,110.44444444444444,118.77777777777777,0.2222222222222222,9
863,0022501219,2025-12-14,2025-26,Regular Season,127,82,15,13,BKN,MIL,109.3,112.22,114.0,97.75,0.4581,0.3628,1.0,0.4,109.6,,111.5,114.32,117.03,97.75,0.4939,0.4059,1.0,0.3,112.5,,0.0,8,8,0,0,0,111.57142857142857,115.71428571428571,0.42857142857142855,7
862,0022501216,2025-12-14,2025-26,Regular Season,89,108,18,28,IND,WAS,112.3,112.44,111.38,100.3,0.4698,0.3749,1.0,0.4,115.67,,113.1,110.73,124.59,101.95,0.47,0.3639,1.0,0.3,105.4,,1.65,6,12,-6,0,0,124.14285714285714,109.57142857142857,0.8571428571428571,7
864,0022501223,2025-12-14,2025-26,Regular Season,104,114,5,4,CHI,NOP,112.3,107.94,120.36,103.4,0.4554,0.3254,1.0,0.1,105.4,,122.0,116.61,120.6,102.37,0.485,0.3677,1.0,0.2,106.0,,1.03,7,8,-1,0,0,118.4,121.8,0.4,5
858,0022501225,2025-12-15,2025-26,Regular Season,128,125,7,9,DEN,HOU,126.7,128.25,120.96,98.9,0.5328,0.4406,1.0,0.6,126.67,,115.7,118.74,109.88,97.4,0.4837,0.3681,1.0,0.7,115.83,,1.5,14,9,5,0,0,112.57142857142857,114.57142857142857,0.5714285714285714,7
857,0022501224,2025-12-15,2025-26,Regular Season,140,133,26,6,UTA,DAL,116.3,112.29,123.01,103.45,0.4649,0.367,1.0,0.4,113.5,,115.0,115.32,114.73,99.8,0.4808,0.3874,1.0,0.6,115.4,,3.65,8,10,-2,0,0,105.28571428571429,113.42857142857143,0.2857142857142857,7
859,0022501227,2025-12-15,2025-26,Regular Season,96,106,12,25,MIA,TOR,118.9,114.05,111.56,103.9,0.4726,0.3377,1.0,0.5,119.6,,107.2,109.08,114.86,97.5,0.4525,0.3357,1.0,0.4,102.5,,6.4,9,15,-6,0,0,115.375,109.375,0.75,8
860,0022501226,2025-12-15,2025-26,Regular Season,103,121,10,27,LAC,MEM,112.6,115.14,118.44,97.9,0.4734,0.3336,1.0,0.2,108.5,,118.5,117.11,110.09,99.87,0.4823,0.3624,1.0,0.7,116.2,,1.97,16,13,3,0,0,115.125,108.875,0.75,8
861,0022501222,2025-12-15,2025-26,Regular Season,105,112,2,29,BOS,DET,120.9,126.53,118.83,95.9,0.4989,0.3938,1.0,0.7,121.8,,120.8,119.07,113.34,101.5,0.4944,0.3739,1.0,0.7,122.4,,5.6,10,12,-2,0,0,120.0,111.66666666666667,0.7777777777777778,9
855,0022500367,2025-12-17,2025-26,Regular Season,127,111,5,3,CHI,CLE,112.0,108.51,118.41,102.6,0.4556,0.324,1.0,0.1,104.8,,116.7,115.33,115.06,100.15,0.4515,0.3236,1.0,0.4,121.75,,2.45,3,5,-2,0,0,112.66666666666667,123.77777777777777,0.1111111111111111,9
856,0022500368,2025-12-17,2025-26,Regular Season,110,116,14,27,MIN,MEM,119.3,118.14,114.24,98.91,0.4805,0.3834,1.0,0.7,115.0,,116.9,116.56,111.81,99.02,0.4841,0.3719,1.0,0.7,117.0,,0.11,3,2,1,0,0,120.85714285714286,109.14285714285714,0.7142857142857143,7
851,0022500371,2025-12-18,2025-26,Regular Season,133,126,30,1,CHA,ATL,112.1,112.08,114.69,98.1,0.4519,0.3377,1.0,0.4,114.8,,118.7,113.19,116.69,102.64,0.4704,0.3681,1.0,0.6,119.8,,4.54,6,6,0,0,0,109.25,118.375,0.25,8
850,0022500374,2025-12-18,2025-26,Regular Season,105,111,13,25,MIL,TOR,108.1,110.92,116.83,97.75,0.4819,0.3823,1.0,0.3,109.8,,105.9,107.26,112.86,98.0,0.4538,0.3257,1.0,0.4,103.67,,0.25,7,3,4,0,0,116.85714285714286,110.57142857142857,0.7142857142857143,7
849,0022500370,2025-12-18,2025-26,Regular Season,119,94,23,28,SAS,WAS,120.3,118.29,117.29,101.9,0.4617,0.3656,1.0,0.7,118.5,,113.0,111.36,122.24,101.25,0.4672,0.3558,1.0,0.4,105.2,,0.65,5,4,1,0,0,128.5,124.0,0.75,4
848,0022500373,2025-12-18,2025-26,Regular Season,95,106,15,12,BKN,MIA,110.7,113.4,111.38,98.0,0.4586,0.3676,1.0,0.4,112.5,,114.2,110.41,112.54,102.95,0.4678,0.3299,1.0,0.4,112.0,,4.95,4,9,-5,0,0,102.66666666666667,102.83333333333333,0.3333333333333333,6
847,0022500372,2025-12-18,2025-26,Regular Season,113,114,18,16,IND,NYK,110.3,111.64,111.71,99.05,0.4647,0.3708,1.0,0.4,111.86,,121.3,125.46,111.14,96.25,0.5093,0.4,1.0,0.9,121.6,,2.8,4,9,-5,0,0,117.0,115.10526315789474,0.5789473684210527,19
846,0022500379,2025-12-18,2025-26,Regular Season,135,143,26,11,UTA,LAL,119.1,113.69,120.73,103.47,0.4683,0.361,1.0,0.5,118.17,,118.8,120.62,120.5,98.75,0.4942,0.3786,1.0,0.7,112.8,,4.72,3,4,-1,0,0,116.77777777777777,124.66666666666667,0.2222222222222222,9
845,0022500369,2025-12-18,2025-26,Regular Season,122,101,24,10,OKC,LAC,125.9,122.64,104.39,102.65,0.5316,0.4284,1.0,0.9,125.6,,109.8,112.95,119.51,97.4,0.4686,0.3255,1.0,0.1,111.14,,5.25,8,7,1,0,0,120.5,109.5,0.875,8
844,0022500376,2025-12-18,2025-26,Regular Season,116,114,6,29,DAL,DET,116.5,115.76,116.05,99.62,0.4822,0.3835,1.0,0.5,113.75,,119.1,117.83,113.03,100.95,0.4777,0.3567,1.0,0.7,119.0,,1.33,6,3,3,0,0,114.0,116.25,0.5,4
843,0022500377,2025-12-18,2025-26,Regular Season,126,115,7,17,DEN,ORL,128.3,128.77,121.5,98.83,0.5308,0.4468,1.0,0.6,127.0,,119.8,117.06,112.78,102.55,0.4702,0.3388,1.0,0.6,121.25,,3.72,3,5,-2,0,0,116.0,109.0,0.5,4
853,0022500378,2025-12-18,2025-26,Regular Season,99,98,20,8,PHX,GSW,108.0,109.54,117.32,98.5,0.451,0.3339,1.0,0.4,107.25,,114.4,115.61,112.01,99.0,0.4525,0.3685,1.0,0.4,112.75,,0.5,4,4,0,0,0,113.0,114.25,0.5,8
854,0022500375,2025-12-18,2025-26,Regular Season,133,128,4,9,NOP,HOU,123.6,117.8,119.28,102.67,0.4895,0.3623,1.0,0.3,134.0,,116.8,119.13,111.59,97.03,0.4886,0.3786,1.0,0.6,117.67,,5.64,7,3,4,0,0,111.28571428571429,118.0,0.2857142857142857,7
852,0022500380,2025-12-18,2025-26,Regular Season,134,133,21,22,POR,SAC,113.5,110.49,117.54,102.75,0.4342,0.3516,1.0,0.3,117.67,,110.6,109.28,117.94,100.16,0.464,0.3356,1.0,0.3,112.83,,2.59,4,4,0,0,0,106.66666666666667,113.5,0.5,6
839,0022500383,2025-12-19,2025-26,Regular Season,98,126,1,23,ATL,SAS,120.0,113.42,117.9,103.54,0.4731,0.3623,1.0,0.5,118.75,,122.0,119.68,115.36,102.15,0.469,0.3719,1.0,0.8,123.43,,1.39,5,6,-1,0,0,124.6,125.6,0.4,5
842,0022500382,2025-12-19,2025-26,Regular Season,107,116,16,19,NYK,PHI,121.4,124.84,111.69,96.9,0.5049,0.4052,1.0,0.9,121.0,,114.5,110.32,110.87,101.74,0.4362,0.3415,1.0,0.5,116.0,,4.84,12,5,7,0,0,108.42857142857143,100.64285714285714,0.7857142857142857,14
841,0022500381,2025-12-19,2025-26,Regular Season,129,116,2,12,BOS,MIA,120.9,127.0,118.97,95.6,0.4985,0.387,1.0,0.7,121.8,,112.1,109.03,111.1,102.3,0.4649,0.3276,1.0,0.4,106.75,,6.7,4,1,3,0,1,109.9090909090909,96.9090909090909,0.8181818181818182,11
840,0022500384,2025-12-19,2025-26,Regular Season,125,136,3,5,CLE,CHI,115.8,113.33,115.99,101.2,0.4481,0.3166,1.0,0.3,112.0,,112.6,108.96,117.35,102.75,0.4698,0.3356,1.0,0.2,119.2,,1.55,5,7,-2,0,0,122.5,114.1,0.8,10
838,0022500385,2025-12-19,2025-26,Regular Season,112,107,14,24,MIN,OKC,119.1,118.24,114.44,99.65,0.4791,0.3819,1.0,0.7,114.17,,123.7,120.19,103.06,102.95,0.5177,0.4023,1.0,0.9,121.75,,3.3,2,12,-10,0,0,110.71428571428571,114.64285714285714,0.35714285714285715,14
829,0022500394,2025-12-20,2025-26,Regular Season,93,98,22,21,SAC,POR,111.1,107.62,116.91,100.88,0.4624,0.3339,1.0,0.3,107.25,,117.4,112.35,116.63,103.42,0.4448,0.3594,1.0,0.3,114.5,,2.54,9,9,0,0,0,116.28571428571429,110.57142857142857,0.42857142857142855,7
828,0022500388,2025-12-20,2025-26,Regular Season,96,112,25,2,TOR,BOS,106.0,107.92,113.88,97.55,0.4549,0.335,1.0,0.4,106.33,,120.0,125.29,117.04,96.15,0.492,0.3903,1.0,0.7,120.0,,1.4,11,9,2,0,0,104.625,114.125,0.125,8
832,0022500390,2025-12-20,2025-26,Regular Season,112,86,29,30,DET,CHA,118.3,116.23,111.81,100.85,0.4662,0.3389,1.0,0.7,119.2,,114.4,113.29,114.92,99.0,0.4604,0.3549,1.0,0.5,109.25,,1.85,8,6,2,0,0,110.83333333333333,105.0,0.6666666666666666,6
833,0022500391,2025-12-20,2025-26,Regular Season,122,130,27,28,MEM,WAS,118.3,116.43,111.77,100.42,0.4877,0.3785,1.0,0.7,116.75,,111.4,110.18,120.93,100.75,0.4623,0.3515,1.0,0.4,102.0,,0.33,8,2,6,0,0,125.66666666666667,104.33333333333333,1.0,3
831,0022500387,2025-12-20,2025-26,Regular Season,121,114,19,6,PHI,DAL,114.4,111.49,110.15,100.64,0.4368,0.3489,1.0,0.6,113.33,,118.5,115.8,115.44,100.37,0.4886,0.3687,1.0,0.5,118.33,,0.27,8,5,3,0,0,117.5,118.75,0.75,4
830,0022500393,2025-12-20,2025-26,Regular Season,127,128,26,17,UTA,ORL,122.0,116.51,124.02,103.52,0.4775,0.3771,1.0,0.5,123.0,,118.0,115.03,113.28,102.65,0.4622,0.3327,1.0,0.5,120.0,,0.87,2,2,0,0,0,108.33333333333333,102.0,0.6666666666666666,3
837,0022500389,2025-12-20,2025-26,Regular Season,128,109,4,18,NOP,IND,122.6,116.99,119.42,101.45,0.489,0.3659,1.0,0.3,132.33,,109.9,111.36,111.15,98.9,0.4633,0.3613,1.0,0.4,106.67,,2.55,2,8,-6,0,0,116.4,115.2,0.4,5
836,0022500395,2025-12-20,2025-26,Regular Season,103,88,10,11,LAC,LAL,109.4,111.45,118.54,98.45,0.471,0.326,1.0,0.1,106.67,,122.3,123.91,123.32,98.8,0.5027,0.3856,1.0,0.7,119.8,,0.35,5,2,3,0,0,109.625,113.875,0.25,8
835,0022500386,2025-12-20,2025-26,Regular Season,101,115,7,9,DEN,HOU,128.6,128.57,119.44,99.33,0.5376,0.4534,1.0,0.7,127.75,,118.7,119.38,111.99,97.41,0.4912,0.371,1.0,0.6,119.14,,1.92,2,2,0,0,0,114.5,115.875,0.625,8
834,0022500392,2025-12-20,2025-26,Regular Season,119,116,8,20,GSW,PHX,111.9,113.13,109.46,98.9,0.4436,0.3576,1.0,0.4,114.0,,106.8,108.11,116.39,98.85,0.4476,0.3257,1.0,0.4,108.5,,0.05,8,10,-2,0,0,112.44444444444444,111.44444444444444,0.4444444444444444,9
827,0022500401,2025-12-21,2025-26,Regular Season,125,124,22,9,SAC,HOU,108.7,106.57,116.73,100.67,0.457,0.3264,1.0,0.2,101.25,,118.8,118.85,112.72,97.76,0.4929,0.3834,1.0,0.6,119.29,,2.91,1,1,0,1,1,112.8,114.8,0.6,5
825,0022500398,2025-12-21,2025-26,Regular Season,132,125,16,12,NYK,MIA,119.2,122.94,113.49,96.65,0.4924,0.3782,1.0,0.8,118.67,,113.1,109.9,113.62,102.4,0.4594,0.3479,1.0,0.3,108.6,,5.75,2,2,0,0,0,114.66666666666667,110.22222222222223,0.6666666666666666,9
824,0022500399,2025-12-21,2025-26,Regular Season,113,124,28,23,WAS,SAS,112.4,111.37,121.47,100.45,0.464,0.3457,1.0,0.4,120.8,,123.1,120.19,114.51,102.65,0.4827,0.3747,1.0,0.8,125.0,,2.2,9,2,7,0,0,118.0,126.6,0.2,5
823,0022500397,2025-12-21,2025-26,Regular Season,96,81,15,25,BKN,TOR,109.3,111.4,109.45,98.5,0.4507,0.3547,1.0,0.4,110.0,,105.9,108.64,116.91,96.6,0.4574,0.3498,1.0,0.3,105.5,,1.9,3,3,0,0,0,103.7,111.2,0.4,10
822,0022500396,2025-12-21,2025-26,Regular Season,150,152,1,5,ATL,CHI,118.5,111.7,116.86,103.89,0.4682,0.3524,1.0,0.5,114.6,,113.2,109.96,115.91,102.45,0.4694,0.3339,1.0,0.3,120.4,,1.44,2,2,0,0,0,120.125,121.375,0.375,8
826,0022500400,2025-12-21,2025-26,Regular Season,103,100,14,13,MIN,MIL,119.8,118.5,113.53,100.0,0.4753,0.3711,1.0,0.8,113.86,,108.3,111.34,116.65,97.55,0.4829,0.3877,1.0,0.3,106.4,,2.45,2,7,-5,0,0,110.0,107.5,0.25,4
815,0022500405,2025-12-22,2025-26,Regular Season,135,112,7,26,DEN,UTA,126.2,126.09,119.44,99.33,0.5273,0.4298,1.0,0.6,122.4,,123.0,117.02,123.02,102.88,0.4719,0.3814,1.0,0.5,121.67,,3.55,2,10,-8,0,0,125.14285714285714,108.57142857142857,0.8571428571428571,7
818,0022500408,2025-12-22,2025-26,Regular Season,102,110,21,29,POR,DET,115.7,110.73,115.82,103.27,0.4424,0.3519,1.0,0.3,121.75,,118.1,115.15,107.79,101.75,0.4705,0.3297,1.0,0.8,118.25,,1.52,4,4,0,0,0,116.25,121.75,0.0,4
816,0022500403,2025-12-22,2025-26,Regular Season,103,95,2,18,BOS,IND,119.5,125.67,115.61,95.6,0.4946,0.3746,1.0,0.7,120.75,,111.3,111.95,113.29,99.7,0.461,0.347,1.0,0.4,111.33,,4.1,3,2,1,0,0,123.27272727272727,117.63636363636364,0.6363636363636364,11
821,0022500407,2025-12-22,2025-26,Regular Season,120,97,8,17,GSW,ORL,110.4,112.27,109.91,98.4,0.4403,0.3558,1.0,0.4,111.0,,117.9,113.37,110.6,102.91,0.4642,0.3203,1.0,0.6,119.8,,4.51,2,2,0,0,0,112.0,108.6,0.8,5
820,0022500402,2025-12-22,2025-26,Regular Season,139,132,3,30,CLE,CHA,118.4,115.21,117.92,101.75,0.4542,0.3233,1.0,0.3,114.17,,112.9,110.92,112.43,99.85,0.4507,0.3564,1.0,0.5,104.6,,1.9,3,2,1,0,0,115.5,110.875,0.625,8
819,0022500406,2025-12-22,2025-26,Regular Season,119,103,24,27,OKC,MEM,122.2,118.0,104.14,103.55,0.5018,0.3888,1.0,0.8,125.6,,119.0,116.66,111.5,100.92,0.4865,0.3809,1.0,0.7,119.33,,2.63,4,5,-1,0,0,121.0,102.41666666666667,1.0,12
817,0022500404,2025-12-22,2025-26,Regular Season,119,113,4,6,NOP,DAL,122.6,116.99,117.33,102.43,0.4924,0.357,1.0,0.4,132.33,,119.7,116.98,116.57,100.52,0.5036,0.3554,1.0,0.5,120.33,,1.91,2,2,0,0,0,114.88888888888889,117.33333333333333,0.4444444444444444,9
810,0022500422,2025-12-23,2025-26,Regular Season,128,108,10,9,LAC,HOU,107.9,110.11,114.19,98.1,0.4616,0.3261,1.0,0.2,105.75,,120.8,119.34,113.63,98.12,0.5014,0.3973,1.0,0.6,122.14,,0.02,3,2,1,0,0,112.42857142857143,116.71428571428571,0.2857142857142857,7
811,0022500421,2025-12-23,2025-26,Regular Season,127,136,22,29,SAC,DET,111.2,108.16,117.1,100.43,0.4568,0.3286,1.0,0.2,107.5,,118.2,116.01,107.75,100.95,0.4701,0.3137,1.0,0.9,116.6,,0.52,2,1,1,0,1,122.75,118.5,0.5,4
809,0022500419,2025-12-23,2025-26,Regular Season,128,137,26,27,UTA,MEM,121.4,115.06,124.21,103.23,0.4663,0.383,1.0,0.4,122.83,,116.0,114.38,111.09,101.5,0.4739,0.3789,1.0,0.6,114.33,,1.73,3,1,2,0,1,111.0,124.0,0.16666666666666666,6
814,0022500417,2025-12-23,2025-26,Regular Season,130,110,23,24,SAS,OKC,121.6,118.72,111.78,102.85,0.4751,0.3659,1.0,0.8,118.67,,122.8,118.03,103.34,104.1,0.5032,0.4004,1.0,0.8,118.8,,1.25,5,4,1,0,0,108.14285714285714,123.28571428571429,0.2857142857142857,7
813,0022500413,2025-12-23,2025-26,Regular Season,94,111,18,13,IND,MIL,108.9,110.05,115.4,99.25,0.4476,0.3413,1.0,0.3,110.0,,108.0,111.14,116.66,97.35,0.481,0.3833,1.0,0.3,105.8,,1.9,5,2,3,0,0,118.15,116.0,0.6,20
803,0022500414,2025-12-23,2025-26,Regular Season,91,112,12,25,MIA,TOR,115.0,111.76,116.39,102.45,0.4606,0.3687,1.0,0.2,120.5,,102.9,105.92,115.01,97.25,0.4502,0.3466,1.0,0.3,98.0,,5.2,8,2,6,0,0,113.22222222222223,109.0,0.6666666666666666,9
812,0022500409,2025-12-23,2025-26,Regular Season,126,109,30,28,CHA,WAS,113.8,112.62,115.12,99.3,0.4542,0.3731,1.0,0.4,120.75,,110.5,109.42,122.66,100.45,0.4511,0.3201,1.0,0.3,104.0,,1.15,5,3,2,0,0,113.42857142857143,116.0,0.2857142857142857,7
805,0022500412,2025-12-23,2025-26,Regular Season,141,118,3,4,CLE,NOP,120.0,117.34,118.97,101.15,0.4631,0.3342,1.0,0.4,117.71,,124.9,117.8,116.84,103.78,0.5006,0.3572,1.0,0.5,112.0,,2.63,1,9,-8,1,0,119.75,110.0,0.75,4
806,0022500410,2025-12-23,2025-26,Regular Season,106,114,19,15,PHI,BKN,116.2,113.49,107.62,100.34,0.4348,0.3429,1.0,0.7,116.33,,108.9,110.55,105.7,98.9,0.4595,0.3655,1.0,0.5,107.67,,1.44,3,11,-8,0,0,113.5,103.8,0.6,10
807,0022500415,2025-12-23,2025-26,Regular Season,131,130,6,7,DAL,DEN,119.1,115.04,114.01,101.77,0.4994,0.3419,1.0,0.5,118.75,,126.1,125.23,116.28,99.88,0.5246,0.4399,1.0,0.7,130.0,,1.89,5,12,-7,0,0,112.14285714285714,118.28571428571429,0.42857142857142855,7
802,0022500411,2025-12-23,2025-26,Regular Season,123,126,1,5,ATL,CHI,120.5,113.44,119.43,103.99,0.4675,0.3641,1.0,0.4,118.6,,116.8,113.09,118.3,102.6,0.4796,0.3593,1.0,0.4,127.6,,1.39,2,2,0,0,0,123.44444444444444,124.77777777777777,0.3333333333333333,9
808,0022500418,2025-12-23,2025-26,Regular Season,132,108,20,11,PHX,LAL,109.2,109.92,115.91,99.55,0.454,0.3249,1.0,0.4,108.33,,117.6,119.56,121.98,98.45,0.4838,0.3566,1.0,0.6,114.5,,1.1,5,3,2,0,0,115.55555555555556,109.66666666666667,0.5555555555555556,9
801,0022500416,2025-12-23,2025-26,Regular Season,115,104,14,16,MIN,NYK,118.2,116.5,111.65,100.3,0.4679,0.3577,1.0,0.8,111.57,,120.6,123.46,114.02,97.45,0.5025,0.3896,1.0,0.8,120.0,,2.85,2,5,-3,0,0,112.0,116.2,0.4,5
804,0022500420,2025-12-23,2025-26,Regular Season,106,110,21,17,POR,ORL,115.7,111.26,115.89,102.77,0.4445,0.3488,1.0,0.3,121.75,,113.2,109.46,113.09,102.21,0.4521,0.308,1.0,0.5,110.4,,0.56,1,1,0,1,1,108.75,97.0,0.5,4
797,0022500011,2025-12-25,2025-26,Regular Season,126,116,8,6,GSW,DAL,112.4,113.4,108.28,99.2,0.4493,0.3576,1.0,0.5,115.0,,120.8,117.45,116.66,101.17,0.512,0.3544,1.0,0.5,120.4,,1.97,3,3,0,0,0,114.625,115.25,0.375,8
796,0022500012,2025-12-25,2025-26,Regular Season,96,119,11,9,LAL,HOU,115.5,117.23,123.47,98.45,0.4727,0.3427,1.0,0.5,120.0,,118.7,118.69,117.95,96.92,0.4985,0.3918,1.0,0.5,119.14,,1.53,15,2,13,0,0,115.0,110.33333333333333,0.6666666666666666,6
798,0022500013,2025-12-25,2025-26,Regular Season,142,138,7,14,DEN,MIN,126.1,124.38,117.61,100.43,0.5242,0.4308,1.0,0.6,122.2,,117.2,114.37,110.06,101.1,0.4568,0.3444,1.0,0.8,133.67,,0.67,3,13,-10,0,0,107.25,111.375,0.4375,16
799,0022500009,2025-12-25,2025-26,Regular Season,126,124,16,3,NYK,CLE,119.4,121.82,115.5,97.95,0.4981,0.3907,1.0,0.7,122.0,,122.6,118.66,117.91,102.15,0.4707,0.3365,1.0,0.5,125.33,,4.2,4,8,-4,0,0,107.0,115.5,0.3333333333333333,6
800,0022500010,2025-12-25,2025-26,Regular Season,102,117,24,23,OKC,SAS,121.5,118.01,105.79,103.0,0.509,0.3935,1.0,0.7,127.75,,123.4,120.61,110.06,102.9,0.4798,0.3861,1.0,0.9,124.67,,0.1,3,4,-1,0,0,121.625,110.875,0.625,8
788,0022500429,2025-12-26,2025-26,Regular Season,108,115,4,20,NOP,PHX,124.6,116.71,116.59,104.53,0.4958,0.3495,1.0,0.5,130.43,,111.2,112.26,116.85,99.4,0.4666,0.3328,1.0,0.4,109.17,,5.13,4,6,-2,0,0,112.71428571428571,119.71428571428571,0.42857142857142855,7
792,0022500425,2025-12-26,2025-26,Regular Season,138,117,28,25,WAS,TOR,112.8,112.38,124.16,99.85,0.453,0.3268,1.0,0.3,117.0,,104.7,108.14,112.75,96.95,0.4559,0.3537,1.0,0.4,102.5,,2.9,5,3,2,0,0,106.75,120.625,0.25,8
791,0022500426,2025-12-26,2025-26,Regular Season,122,140,18,2,IND,BOS,108.0,109.03,116.51,99.25,0.4422,0.3354,1.0,0.2,108.5,,118.3,124.31,113.21,95.6,0.4904,0.3695,1.0,0.8,119.4,,3.65,3,6,-3,0,0,115.75,121.58333333333333,0.3333333333333333,12
789,0022500424,2025-12-26,2025-26,Regular Season,105,120,17,30,ORL,CHA,113.0,109.9,113.43,101.61,0.4544,0.3368,1.0,0.5,116.0,,114.6,114.22,115.6,99.65,0.4553,0.3875,1.0,0.4,109.17,,1.96,13,4,9,0,0,111.44444444444444,99.11111111111111,0.8888888888888888,9
795,0022500423,2025-12-26,2025-26,Regular Season,111,126,1,12,ATL,MIA,118.6,113.85,120.63,104.15,0.4718,0.3641,1.0,0.3,119.33,,110.6,109.18,115.87,100.8,0.4508,0.3471,1.0,0.2,111.33,,3.35,3,5,-2,0,0,110.28571428571429,113.71428571428571,0.42857142857142855,7
787,0022500428,2025-12-26,2025-26,Regular Season,125,104,27,13,MEM,MIL,118.5,115.99,112.25,102.25,0.4853,0.3786,1.0,0.6,118.5,,108.2,110.63,113.6,97.9,0.4801,0.3727,1.0,0.4,106.2,,4.35,6,3,3,0,0,119.5,107.25,1.0,4
794,0022500431,2025-12-26,2025-26,Regular Season,103,119,21,10,POR,LAC,114.8,111.43,115.61,101.82,0.4523,0.3442,1.0,0.3,119.5,,110.0,113.41,114.88,97.25,0.4734,0.3486,1.0,0.3,109.33,,4.57,3,8,-5,0,0,107.71428571428571,119.57142857142857,0.14285714285714285,7
793,0022500430,2025-12-26,2025-26,Regular Season,131,129,26,29,UTA,DET,124.1,117.24,124.48,103.63,0.4664,0.3905,1.0,0.4,127.33,,118.0,117.18,108.29,99.85,0.4647,0.3152,1.0,0.9,116.2,,3.78,3,3,0,0,0,121.6,125.2,0.6,5
790,0022500427,2025-12-26,2025-26,Regular Season,109,102,5,19,CHI,PHI,119.3,114.66,119.29,103.45,0.4853,0.3514,1.0,0.5,106.0,,115.3,112.58,108.63,100.39,0.4266,0.3391,1.0,0.6,116.33,,3.06,9,7,2,0,0,110.5,105.75,0.625,8
784,0022500437,2025-12-27,2025-26,Regular Season,103,112,5,13,CHI,MIL,118.2,114.46,118.13,102.55,0.4795,0.3423,1.0,0.6,106.5,,107.0,108.59,115.45,98.6,0.4706,0.3676,1.0,0.3,105.83,,3.95,1,1,0,1,1,112.75,119.0,0.375,8
781,0022500432,2025-12-27,2025-26,Regular Season,113,107,22,6,SAC,DAL,112.0,109.31,118.27,100.13,0.4577,0.3274,1.0,0.2,111.4,,119.3,115.45,116.57,101.67,0.5113,0.3314,1.0,0.4,117.4,,1.54,4,2,2,0,0,115.57142857142857,113.28571428571429,0.7142857142857143,7
785,0022500440,2025-12-27,2025-26,Regular Season,114,127,23,26,SAS,UTA,122.5,120.07,108.57,102.65,0.4877,0.3778,1.0,0.9,120.0,,123.9,117.41,124.97,103.43,0.4653,0.3979,1.0,0.4,119.25,,0.78,4,5,-1,0,0,116.42857142857143,114.42857142857143,0.5714285714285714,7
786,0022500435,2025-12-27,2025-26,Regular Season,125,128,1,16,ATL,NYK,119.9,114.24,122.18,105.1,0.4762,0.3624,1.0,0.3,118.14,,120.3,121.05,113.72,99.3,0.4943,0.3952,1.0,0.8,116.75,,5.8,1,4,-3,1,0,117.42857142857143,117.28571428571429,0.42857142857142855,7
783,0022500438,2025-12-27,2025-26,Regular Season,117,100,9,3,HOU,CLE,118.1,120.09,116.19,95.27,0.5077,0.3957,1.0,0.6,117.67,,121.5,117.06,118.12,102.55,0.472,0.3456,1.0,0.4,121.67,,7.28,16,2,14,0,0,121.0,116.2,0.8,5
779,0022500434,2025-12-27,2025-26,Regular Season,114,123,4,20,NOP,PHX,121.2,114.41,114.46,104.73,0.4852,0.3124,1.0,0.5,125.57,,110.8,112.2,115.74,99.1,0.4693,0.3187,1.0,0.5,108.5,,5.63,1,1,0,1,1,112.125,119.125,0.375,8
782,0022500433,2025-12-27,2025-26,Regular Season,127,126,17,7,ORL,DEN,111.0,108.93,114.59,100.66,0.4431,0.3409,1.0,0.4,112.0,,128.2,124.33,116.56,100.97,0.5232,0.4426,1.0,0.7,130.0,,0.31,1,4,-3,1,0,110.2,118.0,0.4,5
778,0022500439,2025-12-27,2025-26,Regular Season,107,123,14,15,MIN,BKN,116.1,112.86,109.2,101.69,0.4558,0.3319,1.0,0.7,110.14,,110.0,111.56,104.79,98.95,0.4622,0.3731,1.0,0.6,109.25,,2.74,4,4,0,0,0,108.8,94.0,1.0,5
780,0022500436,2025-12-27,2025-26,Regular Season,142,116,12,18,MIA,IND,109.2,107.32,114.36,101.25,0.4449,0.3255,1.0,0.2,99.33,,108.3,108.85,116.6,99.6,0.4434,0.343,1.0,0.2,107.25,,1.65,4,5,-1,0,0,122.85714285714286,124.42857142857143,0.42857142857142855,7
775,0022500441,2025-12-28,2025-26,Regular Season,141,127,25,8,TOR,GSW,104.3,107.53,114.8,97.0,0.4466,0.3503,1.0,0.3,103.2,,114.6,114.34,108.91,100.4,0.4528,0.3601,1.0,0.5,109.8,,3.4,8,10,-2,0,0,114.0,114.0,0.5,4
777,0022500442,2025-12-28,2025-26,Regular Season,129,104,24,19,OKC,PHI,119.4,117.03,107.33,101.9,0.499,0.384,1.0,0.6,122.6,,112.1,112.63,108.55,99.6,0.4204,0.3446,1.0,0.6,112.75,,2.3,3,2,1,0,0,119.75,109.5,0.5,4
776,0022500443,2025-12-28,2025-26,Regular Season,116,112,28,27,WAS,MEM,113.7,113.13,122.93,100.05,0.4603,0.3362,1.0,0.3,118.8,,119.5,117.22,112.06,102.1,0.4836,0.3793,1.0,0.6,119.2,,2.05,2,5,-3,0,0,110.75,124.75,0.25,4
774,0022500446,2025-12-28,2025-26,Regular Season,125,101,11,22,LAL,SAC,111.8,114.35,124.33,97.65,0.475,0.3428,1.0,0.4,107.67,,112.6,109.69,117.39,100.28,0.4553,0.3425,1.0,0.3,112.6,,2.63,3,10,-7,0,0,119.0,116.85714285714286,0.7142857142857143,7
772,0022500444,2025-12-28,2025-26,Regular Season,114,108,21,2,POR,BOS,113.3,111.28,116.97,100.62,0.4479,0.3477,1.0,0.3,116.2,,120.6,125.85,113.19,96.2,0.4976,0.3858,1.0,0.8,124.0,,4.42,2,2,0,0,0,110.0,125.5,0.0,4
773,0022500445,2025-12-28,2025-26,Regular Season,112,99,10,29,LAC,DET,110.9,116.15,115.12,95.9,0.4778,0.3706,1.0,0.4,111.33,,121.0,119.55,111.07,100.3,0.4727,0.3446,1.0,0.8,118.33,,4.4,5,2,3,0,0,117.0,113.0,0.75,4
770,0022500453,2025-12-29,2025-26,Regular Season,126,119,9,18,HOU,IND,117.7,119.93,117.11,94.97,0.5039,0.4101,1.0,0.6,116.33,,107.9,107.49,116.13,100.5,0.441,0.3282,1.0,0.2,109.0,,5.53,2,2,0,0,0,119.5,120.75,0.25,4
765,0022500454,2025-12-29,2025-26,Regular Season,125,130,4,16,NOP,NYK,121.0,115.38,115.72,103.53,0.4836,0.3177,1.0,0.5,125.29,,121.2,120.82,114.68,100.25,0.4919,0.3985,1.0,0.8,119.0,,3.28,2,2,0,0,0,97.66666666666667,104.66666666666667,0.3333333333333333,3
771,0022500449,2025-12-29,2025-26,Regular Season,107,120,15,8,BKN,GSW,112.4,113.86,103.48,99.2,0.4702,0.3625,1.0,0.7,110.5,,116.1,114.7,109.34,100.34,0.4523,0.3536,1.0,0.5,112.67,,1.14,8,1,7,0,1,116.25,118.5,0.25,4
763,0022500448,2025-12-29,2025-26,Regular Season,101,115,28,20,WAS,PHX,115.1,114.06,121.35,100.6,0.4629,0.3354,1.0,0.4,118.33,,111.9,112.58,113.28,99.7,0.4709,0.3309,1.0,0.6,110.57,,0.9,1,2,-1,1,0,113.0,125.25,0.0,4
761,0022500452,2025-12-29,2025-26,Regular Season,101,136,5,14,CHI,MIN,118.2,114.77,118.61,102.15,0.4792,0.3532,1.0,0.6,106.5,,114.3,112.73,111.6,100.19,0.4547,0.3343,1.0,0.6,132.5,,1.96,2,4,-2,0,0,116.25,121.5,0.5,4
762,0022500450,2025-12-29,2025-26,Regular Season,147,123,12,7,MIA,DEN,112.6,109.66,113.08,102.15,0.4567,0.3345,1.0,0.3,110.0,,127.3,123.43,117.26,100.97,0.5154,0.4198,1.0,0.6,128.2,,1.18,2,2,0,0,0,106.4,118.6,0.0,5
768,0022500456,2025-12-29,2025-26,Regular Season,101,113,23,3,SAS,CLE,122.5,120.73,110.8,102.0,0.4849,0.3663,1.0,0.8,118.5,,120.5,116.8,117.98,102.05,0.4743,0.3512,1.0,0.4,116.25,,0.05,2,2,0,0,0,112.4,120.4,0.0,5
769,0022500447,2025-12-29,2025-26,Regular Season,113,123,30,13,CHA,MIL,116.3,116.29,114.59,99.45,0.4577,0.3987,1.0,0.5,122.75,,105.6,107.78,113.31,98.15,0.4623,0.3484,1.0,0.4,103.5,,1.3,6,2,4,0,0,105.33333333333333,120.22222222222223,0.2222222222222222,9
767,0022500457,2025-12-29,2025-26,Regular Season,125,122,21,6,POR,DAL,112.5,110.27,116.88,100.67,0.4516,0.3418,1.0,0.3,115.83,,118.2,113.92,116.75,102.02,0.5068,0.3295,1.0,0.3,115.67,,1.35,1,2,-1,1,0,115.66666666666667,129.66666666666666,0.1111111111111111,9
766,0022500455,2025-12-29,2025-26,Regular Season,140,129,24,1,OKC,ATL,119.9,117.64,106.75,101.75,0.4983,0.3728,1.0,0.6,123.67,,123.2,116.8,122.75,105.75,0.4845,0.3686,1.0,0.3,124.0,,4.0,1,11,-10,1,0,129.5,116.0,0.75,4
764,0022500451,2025-12-29,2025-26,Regular Season,107,106,25,17,TOR,ORL,106.4,107.35,112.91,97.79,0.4481,0.3408,1.0,0.4,107.4,,112.5,111.16,116.33,100.06,0.4493,0.3421,1.0,0.5,110.0,,2.27,1,6,-5,1,0,104.28571428571429,109.14285714285714,0.42857142857142855,7
757,0022500460,2025-12-30,2025-26,Regular Season,106,128,11,29,LAL,DET,113.5,115.91,122.08,97.65,0.4765,0.3429,1.0,0.5,113.33,,120.0,119.07,111.58,99.8,0.4742,0.3361,1.0,0.8,116.67,,2.15,2,2,0,0,0,118.75,112.5,0.5,4
758,0022500461,2025-12-30,2025-26,Regular Season,131,90,10,22,LAC,SAC,109.8,116.59,112.67,94.55,0.4797,0.3808,1.0,0.5,111.5,,113.2,110.19,117.54,100.43,0.4623,0.3407,1.0,0.3,113.8,,5.88,2,2,0,0,0,109.375,105.5,0.75,8
759,0022500459,2025-12-30,2025-26,Regular Season,119,129,26,2,UTA,BOS,124.3,117.69,125.49,103.43,0.4689,0.3878,1.0,0.4,127.0,,119.1,122.62,111.26,97.5,0.4853,0.3828,1.0,0.7,121.33,,5.93,4,2,2,0,0,103.2,117.4,0.2,5
760,0022500458,2025-12-30,2025-26,Regular Season,136,139,27,19,MEM,PHI,118.8,115.6,110.07,103.0,0.4753,0.3728,1.0,0.6,119.8,,110.4,111.17,111.51,99.35,0.4175,0.3416,1.0,0.5,111.0,,3.65,4,2,2,0,0,113.0,110.75,0.75,4
754,0022500467,2025-12-31,2025-26,Regular Season,134,132,23,16,SAS,NYK,120.9,118.72,108.74,102.45,0.4783,0.354,1.0,0.8,115.0,,119.6,119.52,116.19,100.05,0.4843,0.394,1.0,0.8,120.83,,2.4,2,2,0,0,0,121.33333333333333,116.0,0.6666666666666666,3
756,0022500468,2025-12-31,2025-26,Regular Season,103,106,25,7,TOR,DEN,108.5,110.26,113.29,96.99,0.4505,0.3333,1.0,0.5,111.6,,126.2,122.97,119.0,100.57,0.5154,0.4121,1.0,0.6,126.0,,3.58,2,2,0,0,0,116.75,121.5,0.0,4
755,0022500462,2025-12-31,2025-26,Regular Season,125,132,30,8,CHA,GSW,117.2,117.26,114.88,99.5,0.4607,0.4047,1.0,0.5,120.8,,118.3,117.2,110.16,100.24,0.4639,0.3553,1.0,0.6,116.33,,0.74,2,2,0,0,0,93.5,114.75,0.0,4
753,0022500465,2025-12-31,2025-26,Regular Season,129,113,3,20,CLE,PHX,118.8,114.74,115.97,102.5,0.4589,0.3514,1.0,0.4,122.0,,110.9,112.31,113.11,99.15,0.455,0.3298,1.0,0.6,109.14,,3.35,8,2,6,0,0,110.5,113.5,0.25,4
752,0022500466,2025-12-31,2025-26,Regular Season,134,118,5,4,CHI,NOP,117.8,114.18,119.57,102.5,0.4759,0.3503,1.0,0.6,105.83,,123.4,117.45,116.32,103.88,0.4843,0.3206,1.0,0.5,116.0,,1.38,2,8,-6,0,0,116.0,120.5,0.3333333333333333,6
751,0022500463,2025-12-31,2025-26,Regular Season,126,102,1,14,ATL,MIN,122.8,115.96,123.07,106.05,0.4803,0.3714,1.0,0.2,121.17,,117.0,113.7,109.89,101.44,0.4584,0.3308,1.0,0.6,133.67,,4.61,4,2,2,0,0,105.0,104.33333333333333,0.3333333333333333,3
750,0022500464,2025-12-31,2025-26,Regular Season,110,112,18,17,IND,ORL,107.8,107.51,118.59,100.3,0.4374,0.3349,1.0,0.1,106.8,,112.5,111.82,117.3,99.41,0.4487,0.3349,1.0,0.4,109.33,,0.89,5,2,3,0,0,110.71428571428571,113.57142857142857,0.2857142857142857,7
749,0022500470,2025-12-31,2025-26,Regular Season,124,95,24,21,OKC,POR,120.7,117.15,107.25,102.8,0.4964,0.3703,1.0,0.6,125.0,,113.4,110.69,116.41,101.07,0.4566,0.3484,1.0,0.4,104.67,,1.73,2,11,-9,0,0,122.45454545454545,103.45454545454545,0.9090909090909091,11
748,0022500469,2025-12-31,2025-26,Regular Season,113,114,13,28,MIL,WAS,106.6,109.2,114.22,97.8,0.4659,0.366,1.0,0.4,107.33,,115.1,114.38,118.28,100.4,0.4674,0.3437,1.0,0.4,110.25,,2.6,13,8,5,0,0,123.125,117.375,0.75,8
744,0022500473,2026-01-01,2025-26,Regular Season,108,123,6,19,DAL,PHI,119.3,114.32,115.56,102.52,0.5096,0.3207,1.0,0.3,122.0,,114.4,113.48,113.55,99.74,0.4175,0.3503,1.0,0.5,115.67,,2.78,9,2,7,0,0,117.8,118.2,0.2,5
743,0022500471,2026-01-01,2025-26,Regular Season,96,120,15,9,BKN,HOU,111.5,113.17,105.68,98.9,0.4704,0.3659,1.0,0.6,109.0,,118.6,120.97,119.25,94.92,0.5037,0.3915,1.0,0.6,118.29,,3.98,3,7,-4,0,0,105.0,109.6,0.6,5
745,0022500472,2026-01-01,2025-26,Regular Season,112,118,29,12,DET,MIA,120.6,119.54,110.15,100.05,0.4911,0.3402,1.0,0.8,126.0,,116.8,113.78,114.64,102.2,0.4602,0.3455,1.0,0.4,116.2,,2.15,12,6,6,0,0,113.25,116.125,0.5,8
746,0022500474,2026-01-01,2025-26,Regular Season,106,120,22,2,SAC,BOS,109.5,107.19,120.23,99.83,0.4506,0.3316,1.0,0.2,112.6,,117.4,120.34,112.84,97.8,0.4819,0.3697,1.0,0.7,118.5,,2.03,5,2,3,0,0,107.0,113.75,0.25,4
747,0022500475,2026-01-01,2025-26,Regular Season,118,101,10,26,LAC,UTA,111.4,118.52,112.66,94.35,0.4814,0.3863,1.0,0.5,115.4,,125.0,118.6,124.09,103.23,0.4758,0.3902,1.0,0.4,123.0,,8.88,2,5,-3,0,0,121.875,110.25,0.75,8
735,0022500479,2026-01-02,2025-26,Regular Season,99,111,16,1,NYK,ATL,122.2,121.55,119.04,100.55,0.4893,0.4049,1.0,0.7,121.67,,122.3,115.85,121.78,105.85,0.4762,0.3762,1.0,0.2,123.33,,5.3,8,4,4,0,0,118.625,118.375,0.625,8
739,0022500485,2026-01-02,2025-26,Regular Season,128,121,11,27,LAL,MEM,111.8,112.97,121.98,98.5,0.4716,0.3292,1.0,0.4,111.5,,121.7,116.72,112.59,103.34,0.4769,0.375,1.0,0.5,117.8,,4.84,3,5,-2,0,0,123.88888888888889,120.11111111111111,0.7777777777777778,9
737,0022500482,2026-01-02,2025-26,Regular Season,109,122,4,21,NOP,POR,122.0,116.13,116.22,103.88,0.4692,0.3253,1.0,0.5,124.29,,113.3,110.43,116.67,101.27,0.4559,0.3535,1.0,0.4,104.33,,2.61,4,2,2,0,0,110.77777777777777,111.22222222222223,0.5555555555555556,9
736,0022500484,2026-01-02,2025-26,Regular Season,94,131,8,24,GSW,OKC,121.6,119.85,112.65,100.84,0.4809,0.3672,1.0,0.6,121.25,,120.0,115.75,106.13,103.4,0.4873,0.353,1.0,0.6,108.67,,2.56,8,10,-2,0,0,115.75,122.0,0.25,8
738,0022500477,2026-01-02,2025-26,Regular Season,119,99,28,15,WAS,BKN,114.9,114.52,116.85,100.1,0.4597,0.3477,1.0,0.5,118.8,,109.8,112.77,108.67,97.8,0.4664,0.3579,1.0,0.5,116.0,,2.3,4,6,-2,0,0,110.0,113.57142857142857,0.42857142857142855,7
741,0022500483,2026-01-02,2025-26,Regular Season,129,102,20,22,PHX,SAC,112.4,112.97,113.69,99.8,0.456,0.3576,1.0,0.6,115.0,,109.6,107.95,121.4,99.23,0.4511,0.3331,1.0,0.2,106.75,,0.57,10,3,7,0,0,112.9090909090909,115.27272727272727,0.5454545454545454,11
733,0022500476,2026-01-02,2025-26,Regular Season,113,123,18,23,IND,SAS,107.2,106.0,118.47,101.15,0.4371,0.3292,1.0,0.0,105.6,,120.8,119.13,109.36,102.0,0.4777,0.3436,1.0,0.8,124.75,,0.85,2,8,-6,0,0,105.0,117.0,0.0,1
742,0022500480,2026-01-02,2025-26,Regular Season,121,114,5,17,CHI,ORL,122.1,117.36,117.61,103.6,0.491,0.3577,1.0,0.7,113.0,,113.7,111.68,116.35,100.71,0.4582,0.3206,1.0,0.5,111.33,,2.89,2,2,0,0,0,108.11111111111111,111.55555555555556,0.3333333333333333,9
740,0022500481,2026-01-02,2025-26,Regular Season,122,121,13,30,MIL,CHA,107.8,110.41,114.25,97.7,0.4659,0.3726,1.0,0.4,111.33,,118.6,118.86,119.6,99.3,0.4623,0.4086,1.0,0.4,114.25,,1.6,2,7,-5,0,0,120.5,106.1,0.8,10
734,0022500478,2026-01-02,2025-26,Regular Season,113,108,3,7,CLE,DEN,122.3,117.25,116.21,103.5,0.4743,0.3671,1.0,0.5,129.0,,125.3,122.15,118.69,100.52,0.5061,0.4044,1.0,0.6,124.2,,2.98,2,2,0,0,0,124.25,122.0,0.75,4
728,0022500488,2026-01-03,2025-26,Regular Season,134,117,25,1,TOR,ATL,107.5,109.11,111.73,97.04,0.4386,0.3191,1.0,0.5,109.6,,121.9,115.87,117.9,105.55,0.478,0.3789,1.0,0.3,122.0,,8.51,3,1,2,0,1,120.0,118.22222222222223,0.6666666666666666,9
729,0022500493,2026-01-03,2025-26,Regular Season,115,146,10,2,LAC,BOS,113.4,120.56,112.05,94.35,0.4825,0.3859,1.0,0.6,115.83,,116.8,119.85,113.18,97.65,0.4777,0.3579,1.0,0.7,118.71,,3.3,2,2,0,0,0,109.6,121.0,0.2,5
727,0022500489,2026-01-03,2025-26,Regular Season,99,112,5,30,CHI,CHA,121.3,116.93,116.53,103.4,0.4857,0.3561,1.0,0.7,114.14,,120.1,120.4,120.32,99.3,0.4664,0.4232,1.0,0.4,115.6,,4.1,1,1,0,1,1,117.4,110.7,0.8,10
726,0022500492,2026-01-03,2025-26,Regular Season,123,114,8,26,GSW,UTA,118.7,115.8,115.67,101.79,0.4665,0.3499,1.0,0.5,115.8,,125.0,118.91,123.03,102.98,0.4749,0.3791,1.0,0.4,117.5,,1.19,1,2,-1,1,0,126.625,113.375,0.875,8
725,0022500491,2026-01-03,2025-26,Regular Season,110,104,6,9,DAL,HOU,117.9,111.83,116.27,103.27,0.4945,0.3053,1.0,0.2,118.5,,119.7,122.69,117.06,94.47,0.5104,0.3984,1.0,0.7,119.86,,8.8,2,2,0,0,0,112.6,115.5,0.5,10
731,0022500487,2026-01-03,2025-26,Regular Season,119,130,16,19,NYK,PHI,120.4,118.62,118.97,101.55,0.4739,0.3806,1.0,0.6,116.0,,115.1,114.06,113.84,99.99,0.4255,0.3469,1.0,0.5,116.83,,1.56,1,2,-1,1,0,108.33333333333333,101.66666666666667,0.7333333333333333,15
732,0022500490,2026-01-03,2025-26,Regular Season,110,115,23,21,SAS,POR,119.9,118.04,108.69,102.15,0.4726,0.3272,1.0,0.8,118.17,,113.5,112.2,115.27,99.82,0.4564,0.3583,1.0,0.5,105.0,,2.33,3,1,2,0,1,117.0,109.5,0.75,8
730,0022500486,2026-01-03,2025-26,Regular Season,115,125,12,14,MIA,MIN,117.5,113.51,112.44,103.0,0.4554,0.3524,1.0,0.5,119.0,,116.7,112.73,111.01,102.04,0.4539,0.3396,1.0,0.6,125.75,,0.96,5,3,2,0,0,102.33333333333333,104.0,0.3333333333333333,3
719,0022500500,2026-01-04,2025-26,Regular Season,98,115,22,13,SAC,MIL,109.3,107.76,120.47,99.28,0.4475,0.3399,1.0,0.2,112.8,,108.8,111.32,113.94,97.75,0.4736,0.3737,1.0,0.5,105.33,,1.53,3,6,-3,0,0,125.8,122.8,0.4,5
724,0022500501,2026-01-04,2025-26,Regular Season,120,114,11,27,LAL,MEM,114.1,114.23,120.24,99.45,0.4871,0.3236,1.0,0.5,114.8,,121.9,116.8,115.53,103.44,0.4799,0.3797,1.0,0.4,118.33,,3.99,2,2,0,0,0,124.3,120.2,0.8,10
723,0022500499,2026-01-04,2025-26,Regular Season,108,105,20,24,PHX,OKC,114.5,113.76,112.52,100.75,0.4667,0.347,1.0,0.6,118.5,,119.3,115.21,106.61,103.35,0.4804,0.3401,1.0,0.6,114.25,,2.6,2,2,0,0,0,103.57142857142857,124.42857142857143,0.0,7
722,0022500496,2026-01-04,2025-26,Regular Season,127,115,15,7,BKN,DEN,108.7,111.38,107.92,98.1,0.4632,0.3524,1.0,0.5,106.67,,122.5,119.84,120.27,99.97,0.4896,0.3992,1.0,0.5,118.6,,1.87,3,2,1,0,0,115.5,128.5,0.0,4
721,0022500497,2026-01-04,2025-26,Regular Season,125,106,12,4,MIA,NOP,118.2,114.64,113.6,102.65,0.4573,0.366,1.0,0.5,118.2,,118.6,114.73,117.99,102.43,0.4623,0.3145,1.0,0.4,116.67,,0.22,1,4,-3,1,0,116.5,104.5,0.75,4
720,0022500494,2026-01-04,2025-26,Regular Season,110,114,3,29,CLE,DET,120.6,116.52,115.23,102.75,0.482,0.3798,1.0,0.5,126.33,,119.4,117.13,109.31,101.25,0.4886,0.3373,1.0,0.7,118.29,,1.5,2,5,-3,0,0,115.0,106.33333333333333,0.8888888888888888,9
718,0022500498,2026-01-04,2025-26,Regular Season,115,141,28,14,WAS,MIN,114.2,114.19,113.96,99.9,0.462,0.3492,1.0,0.6,117.4,,116.5,113.15,110.87,101.64,0.4541,0.333,1.0,0.6,125.25,,1.74,2,1,1,0,1,109.6,118.2,0.2,5
717,0022500495,2026-01-04,2025-26,Regular Season,135,127,17,18,ORL,IND,113.4,111.61,118.08,100.41,0.4576,0.3175,1.0,0.4,117.33,,108.0,106.05,118.34,101.9,0.4487,0.335,1.0,0.0,109.75,,1.49,8,6,2,0,0,113.375,110.625,0.75,8
714,0022500504,2026-01-05,2025-26,Regular Season,118,100,25,1,TOR,ATL,110.8,110.89,110.11,98.39,0.4486,0.3289,1.0,0.6,116.2,,121.6,115.05,119.17,105.95,0.4808,0.371,1.0,0.2,120.75,,7.56,2,2,0,0,0,121.4,118.1,0.7,10
711,0022500506,2026-01-05,2025-26,Regular Season,97,124,24,30,OKC,CHA,118.9,116.07,107.51,102.2,0.4867,0.3471,1.0,0.6,122.67,,118.7,119.12,117.67,99.1,0.4567,0.4166,1.0,0.5,115.0,,3.1,5,2,3,0,0,120.6,104.0,1.0,5
712,0022500508,2026-01-05,2025-26,Regular Season,103,102,10,8,LAC,GSW,114.3,121.41,115.81,94.5,0.4854,0.3944,1.0,0.6,115.71,,119.0,116.59,115.34,101.19,0.4701,0.3595,1.0,0.6,121.6,,6.69,2,5,-3,0,0,110.77777777777777,109.11111111111111,0.7777777777777778,9
716,0022500503,2026-01-05,2025-26,Regular Season,115,101,2,5,BOS,CHI,119.3,123.12,113.78,97.3,0.4851,0.3624,1.0,0.7,112.33,,120.8,116.63,116.44,103.25,0.4892,0.3564,1.0,0.7,138.0,,5.95,14,13,1,0,0,124.0,109.42857142857143,0.8571428571428571,7
709,0022500505,2026-01-05,2025-26,Regular Season,100,97,9,20,HOU,PHX,118.6,121.01,115.85,95.12,0.5029,0.3875,1.0,0.6,121.5,,116.4,116.57,110.43,99.8,0.4717,0.3542,1.0,0.7,116.4,,4.68,7,5,2,0,0,117.66666666666667,108.0,0.7777777777777778,9
715,0022500509,2026-01-05,2025-26,Regular Season,137,117,21,26,POR,UTA,111.4,111.1,113.78,99.17,0.4498,0.3492,1.0,0.5,114.0,,123.4,118.53,123.8,102.03,0.481,0.38,1.0,0.3,113.5,,2.86,7,2,5,0,0,118.125,123.125,0.5,8
710,0022500507,2026-01-05,2025-26,Regular Season,124,125,19,7,PHI,DEN,117.3,115.65,114.2,100.39,0.4446,0.358,1.0,0.6,114.0,,121.2,119.64,121.5,100.09,0.4872,0.3906,1.0,0.4,118.0,,0.3,13,1,12,0,1,118.5,128.25,0.25,4
713,0022500502,2026-01-05,2025-26,Regular Season,121,90,29,16,DET,NYK,116.6,115.02,109.55,100.65,0.4715,0.3334,1.0,0.7,112.0,,119.1,117.72,119.93,101.4,0.4559,0.3856,1.0,0.5,121.6,,0.75,4,5,-1,0,0,109.15384615384616,112.84615384615384,0.38461538461538464,13
707,0022500513,2026-01-06,2025-26,Regular Season,122,94,14,12,MIN,MIA,118.9,114.88,111.52,102.14,0.4645,0.3303,1.0,0.6,109.4,,121.1,116.61,112.61,103.55,0.4616,0.3779,1.0,0.6,118.2,,1.41,10,5,5,0,0,109.25,105.5,0.75,4
708,0022500510,2026-01-06,2025-26,Regular Season,116,120,18,3,IND,CLE,111.8,108.73,119.84,102.95,0.467,0.3535,1.0,0.0,110.4,,120.5,116.94,115.4,103.2,0.4858,0.3815,1.0,0.5,112.0,,0.25,4,8,-4,0,0,115.6923076923077,116.38461538461539,0.5384615384615384,13
703,0022500512,2026-01-06,2025-26,Regular Season,106,105,27,23,MEM,SAS,120.7,116.65,115.51,102.59,0.4754,0.3578,1.0,0.4,127.67,,119.8,118.68,110.23,101.35,0.4745,0.3285,1.0,0.7,122.5,,1.24,7,4,3,0,0,115.7,110.8,0.6,10
704,0022500515,2026-01-06,2025-26,Regular Season,98,100,22,6,SAC,DAL,108.8,107.46,120.5,99.08,0.4443,0.3164,1.0,0.2,110.33,,117.0,111.07,115.69,103.17,0.5006,0.3101,1.0,0.2,117.5,,4.09,2,8,-6,0,0,115.25,112.5,0.75,8
706,0022500514,2026-01-06,2025-26,Regular Season,103,111,4,11,NOP,LAL,117.8,113.16,119.26,103.18,0.4628,0.3303,1.0,0.3,119.43,,114.9,115.16,120.96,99.35,0.4864,0.3143,1.0,0.5,113.75,,3.83,4,14,-10,0,0,110.55555555555556,124.44444444444444,0.1111111111111111,9
705,0022500511,2026-01-06,2025-26,Regular Season,120,112,28,17,WAS,ORL,114.9,113.27,117.5,101.35,0.4648,0.3468,1.0,0.5,117.0,,114.9,113.44,118.08,100.06,0.4672,0.3334,1.0,0.5,111.71,,1.29,2,4,-2,0,0,105.88888888888889,122.22222222222223,0.0,9
691,0022500518,2026-01-07,2025-26,Regular Season,131,110,19,28,PHI,WAS,118.2,115.96,115.84,99.83,0.4472,0.3634,1.0,0.5,117.0,,117.5,115.08,116.15,102.0,0.4697,0.3542,1.0,0.6,117.67,,2.17,2,7,-5,0,0,125.125,112.625,0.875,8
697,0022500526,2026-01-07,2025-26,Regular Season,120,113,8,13,GSW,MIL,116.1,114.4,113.13,100.44,0.4575,0.3328,1.0,0.6,116.4,,108.7,110.97,113.42,97.95,0.4602,0.3559,1.0,0.5,106.71,,2.49,4,3,1,0,0,116.4,108.6,0.6,5
696,0022500517,2026-01-07,2025-26,Regular Season,108,93,29,5,DET,CHI,117.5,116.24,107.83,100.6,0.4801,0.3489,1.0,0.7,115.0,,118.2,115.5,118.18,102.0,0.4772,0.3523,1.0,0.6,128.75,,1.4,2,2,0,0,0,118.0,111.625,0.625,8
694,0022500525,2026-01-07,2025-26,Regular Season,129,125,24,26,OKC,UTA,116.4,114.67,110.85,101.2,0.4758,0.3392,1.0,0.5,118.5,,121.1,117.94,125.79,101.71,0.4784,0.3858,1.0,0.2,114.2,,0.51,2,2,0,0,0,131.0,113.1,0.9,10
692,0022500520,2026-01-07,2025-26,Regular Season,110,114,2,7,BOS,DEN,120.7,124.71,112.44,97.15,0.4869,0.3723,1.0,0.8,113.0,,121.1,119.41,122.27,99.22,0.4846,0.3948,1.0,0.4,119.0,,2.07,2,2,0,0,0,109.25,106.5,0.5,4
693,0022500527,2026-01-07,2025-26,Regular Season,103,102,21,9,POR,HOU,111.7,113.01,113.69,98.9,0.4549,0.3555,1.0,0.6,114.5,,116.1,119.51,113.74,95.2,0.4961,0.3638,1.0,0.7,116.86,,3.7,2,4,-2,0,0,106.75,119.875,0.25,8
695,0022500522,2026-01-07,2025-26,Regular Season,123,111,16,10,NYK,LAC,116.7,115.89,121.64,100.75,0.4513,0.3894,1.0,0.4,116.6,,113.3,120.14,114.24,94.7,0.4835,0.3921,1.0,0.7,110.0,,6.05,4,12,-8,0,0,110.0,125.0,0.0,3
701,0022500519,2026-01-07,2025-26,Regular Season,117,100,1,4,ATL,NOP,119.0,112.36,117.73,106.05,0.4679,0.3766,1.0,0.2,122.17,,114.8,111.15,118.51,103.4,0.4563,0.3146,1.0,0.2,114.0,,2.65,7,3,4,0,0,117.0,109.25,0.75,4
700,0022500516,2026-01-07,2025-26,Regular Season,96,97,30,25,CHA,TOR,119.2,120.78,117.2,99.15,0.466,0.4294,1.0,0.5,124.25,,112.0,111.53,109.94,98.94,0.4531,0.3213,1.0,0.6,105.25,,0.21,7,12,-5,0,0,110.9,113.8,0.4,10
699,0022500521,2026-01-07,2025-26,Regular Season,103,104,15,17,BKN,ORL,109.5,112.48,109.84,97.8,0.461,0.3548,1.0,0.5,108.0,,114.6,112.84,116.81,100.51,0.4656,0.3365,1.0,0.5,111.29,,2.71,3,1,2,0,1,101.0,108.625,0.125,8
698,0022500523,2026-01-07,2025-26,Regular Season,107,91,23,11,SAS,LAL,118.4,116.66,110.93,101.9,0.4629,0.3232,1.0,0.6,117.8,,114.1,114.93,118.57,98.9,0.4876,0.3066,1.0,0.6,113.2,,3.0,4,1,3,0,1,118.33333333333333,118.11111111111111,0.3333333333333333,9
702,0022500524,2026-01-07,2025-26,Regular Season,98,117,27,20,MEM,PHX,119.2,113.6,114.19,103.94,0.4629,0.3535,1.0,0.4,122.25,,114.7,115.6,109.35,99.2,0.4649,0.3532,1.0,0.7,113.17,,4.74,1,2,-1,1,0,117.5,118.0,0.75,8
689,0022500531,2026-01-08,2025-26,Regular Season,116,114,26,6,UTA,DAL,120.1,115.51,122.84,102.05,0.4707,0.364,1.0,0.2,126.25,,113.7,109.4,113.13,102.9,0.4922,0.3064,1.0,0.3,112.0,,0.85,9,2,7,0,0,109.625,115.875,0.375,8
690,0022500530,2026-01-08,2025-26,Regular Season,131,122,14,3,MIN,CLE,120.1,115.59,109.15,102.54,0.4706,0.3367,1.0,0.7,111.8,,121.4,118.11,114.58,102.95,0.4932,0.3892,1.0,0.6,114.25,,0.41,2,2,0,0,0,108.0,114.0,0.25,4
688,0022500528,2026-01-08,2025-26,Regular Season,112,114,30,18,CHA,IND,115.5,118.54,115.74,97.85,0.4512,0.4172,1.0,0.4,115.0,,112.1,108.48,119.98,103.4,0.467,0.3668,1.0,0.0,113.2,,5.55,1,4,-3,1,0,108.85714285714286,114.14285714285714,0.42857142857142855,7
684,0022500533,2026-01-09,2025-26,Regular Season,91,103,17,19,ORL,PHI,112.2,111.4,115.56,99.7,0.4593,0.3341,1.0,0.4,122.33,,119.6,117.55,114.87,99.73,0.4632,0.3597,1.0,0.6,119.0,,0.03,5,6,-1,0,0,109.33333333333333,109.88888888888889,0.4444444444444444,9
680,0022500532,2026-01-09,2025-26,Regular Season,125,117,2,25,BOS,TOR,121.2,125.38,112.91,97.0,0.4859,0.3862,1.0,0.8,114.25,,110.6,110.75,109.67,98.34,0.4444,0.3048,1.0,0.6,101.75,,1.34,2,2,0,0,0,113.88888888888889,103.66666666666667,0.8888888888888888,9
687,0022500537,2026-01-09,2025-26,Regular Season,87,110,7,1,DEN,ATL,122.4,121.26,122.5,98.72,0.4892,0.4127,1.0,0.5,138.5,,120.9,114.15,115.3,106.05,0.4738,0.3899,1.0,0.3,114.25,,7.33,15,4,11,0,0,137.0,119.2,1.0,5
686,0022500538,2026-01-09,2025-26,Regular Season,112,107,20,16,PHX,NYK,116.5,117.52,109.55,99.05,0.4704,0.3639,1.0,0.7,123.0,,118.3,117.72,121.5,100.55,0.457,0.4068,1.0,0.5,116.8,,1.5,5,4,1,0,0,114.5,125.5,0.25,4
685,0022500535,2026-01-09,2025-26,Regular Season,105,121,15,10,BKN,LAC,108.7,111.9,108.6,96.65,0.4576,0.3445,1.0,0.6,107.29,,114.1,120.89,114.18,94.85,0.4807,0.3917,1.0,0.7,110.33,,1.8,2,2,0,0,0,93.66666666666667,127.66666666666667,0.0,3
682,0022500534,2026-01-09,2025-26,Regular Season,107,128,28,4,WAS,NOP,115.5,113.14,117.03,102.0,0.4716,0.355,1.0,0.5,117.43,,112.0,108.76,119.55,103.15,0.4476,0.3099,1.0,0.1,110.5,,1.15,3,2,1,0,0,116.5,129.25,0.0,4
681,0022500540,2026-01-09,2025-26,Regular Season,111,105,21,9,POR,HOU,112.2,113.74,114.84,98.7,0.4551,0.3511,1.0,0.5,112.86,,113.5,118.4,112.16,94.96,0.4868,0.3547,1.0,0.8,113.14,,3.74,2,2,0,0,0,106.33333333333333,117.88888888888889,0.3333333333333333,9
679,0022500536,2026-01-09,2025-26,Regular Season,116,117,27,24,MEM,OKC,117.4,112.66,115.73,103.14,0.4615,0.3535,1.0,0.3,117.4,,118.6,115.21,110.66,101.54,0.4824,0.3294,1.0,0.6,115.33,,1.6,2,5,-3,0,0,102.46153846153847,120.84615384615384,0.0,13
678,0022500541,2026-01-09,2025-26,Regular Season,101,105,11,13,LAL,MIL,111.6,112.13,117.98,99.0,0.4839,0.3108,1.0,0.5,115.0,,111.8,114.66,112.96,97.6,0.4751,0.3768,1.0,0.5,111.14,,1.4,5,2,3,0,0,113.0,117.0,0.6,5
683,0022500539,2026-01-09,2025-26,Regular Season,137,103,8,22,GSW,SAC,118.3,117.07,115.12,99.99,0.4676,0.3425,1.0,0.7,117.0,,105.3,105.4,118.75,98.86,0.4356,0.3138,1.0,0.1,97.67,,1.13,2,7,-5,0,0,121.42857142857143,120.42857142857143,0.2857142857142857,7
674,0022500542,2026-01-10,2025-26,Regular Season,146,134,3,14,CLE,MIN,121.1,118.16,114.35,102.7,0.4984,0.3866,1.0,0.6,126.4,,122.0,117.2,110.49,102.69,0.4904,0.3542,1.0,0.7,128.4,,0.01,6,6,0,0,0,115.6,112.6,0.6,5
673,0022500546,2026-01-10,2025-26,Regular Season,125,107,5,6,CHI,DAL,113.9,113.01,118.37,100.4,0.4677,0.3522,1.0,0.5,111.17,,113.5,110.22,114.14,103.05,0.4991,0.3296,1.0,0.3,112.29,,2.65,7,2,5,0,0,103.33333333333333,122.0,0.0,3
672,0022500545,2026-01-10,2025-26,Regular Season,95,100,2,23,BOS,SAS,120.8,126.45,114.12,96.0,0.4862,0.3874,1.0,0.8,113.25,,116.5,115.58,110.6,101.35,0.4574,0.3031,1.0,0.6,117.25,,5.35,1,4,-3,1,0,122.0,103.25,1.0,4
675,0022500544,2026-01-10,2025-26,Regular Season,92,98,29,10,DET,LAC,116.9,117.75,107.69,99.65,0.4905,0.3671,1.0,0.7,113.25,,116.1,124.46,114.07,93.45,0.4912,0.4187,1.0,0.8,117.0,,6.2,3,1,2,0,1,110.2,116.0,0.2,5
676,0022500543,2026-01-10,2025-26,Regular Season,123,99,18,12,IND,MIA,112.6,110.11,119.67,102.3,0.4744,0.3922,1.0,0.1,111.0,,119.9,114.48,114.0,104.7,0.4512,0.3782,1.0,0.5,115.8,,2.4,4,4,0,0,0,123.375,125.25,0.5,8
677,0022500547,2026-01-10,2025-26,Regular Season,95,150,26,30,UTA,CHA,119.0,115.33,122.38,102.29,0.4783,0.3608,1.0,0.3,123.5,,118.1,121.93,116.7,97.05,0.465,0.4219,1.0,0.4,121.8,,5.24,2,5,-3,0,0,112.4,118.0,0.2,5
665,0022500549,2026-01-11,2025-26,Regular Season,103,98,27,15,MEM,BKN,116.8,112.54,115.05,102.69,0.4631,0.3512,1.0,0.3,116.2,,106.5,110.36,113.41,96.0,0.4447,0.3322,1.0,0.5,112.0,,6.69,2,9,-7,0,0,107.4,111.4,0.4,5
668,0022500552,2026-01-11,2025-26,Regular Season,104,103,14,23,MIN,SAS,125.1,119.81,114.56,103.09,0.5057,0.3738,1.0,0.6,118.75,,114.1,113.84,109.42,100.75,0.4561,0.2941,1.0,0.6,111.25,,2.34,3,1,2,0,1,114.375,107.875,0.75,8
667,0022500548,2026-01-11,2025-26,Regular Season,128,118,17,4,ORL,NOP,111.6,110.98,113.95,99.55,0.4588,0.322,1.0,0.4,114.5,,112.9,109.59,119.09,103.1,0.4559,0.3188,1.0,0.1,114.0,,3.55,2,2,0,0,0,116.5,98.75,1.0,4
666,0022500557,2026-01-11,2025-26,Regular Season,111,98,22,9,SAC,HOU,106.3,106.89,123.32,98.46,0.4477,0.3203,1.0,0.1,111.17,,112.5,117.49,113.19,94.91,0.4779,0.3231,1.0,0.7,111.71,,3.55,5,2,3,0,0,114.83333333333333,116.33333333333333,0.6666666666666666,6
664,0022500555,2026-01-11,2025-26,Regular Season,112,93,20,28,PHX,WAS,116.1,118.07,109.15,98.3,0.4674,0.3677,1.0,0.8,120.25,,114.9,112.27,116.72,102.45,0.4699,0.362,1.0,0.5,111.0,,4.15,2,4,-2,0,0,123.2,110.6,1.0,5
663,0022500551,2026-01-11,2025-26,Regular Season,114,123,21,16,POR,NYK,113.1,114.55,114.32,98.75,0.4521,0.3656,1.0,0.6,114.14,,115.8,116.03,121.29,99.75,0.4468,0.3932,1.0,0.4,115.17,,1.0,2,2,0,0,0,95.75,110.25,0.0,4
671,0022500554,2026-01-11,2025-26,Regular Season,108,104,7,13,DEN,MIL,117.6,117.68,123.49,97.62,0.4809,0.396,1.0,0.4,114.5,,111.8,115.13,112.15,97.3,0.478,0.3716,1.0,0.6,110.38,,0.32,2,2,0,0,0,111.75,114.25,0.5,4
670,0022500550,2026-01-11,2025-26,Regular Season,116,115,25,19,TOR,PHI,112.7,113.01,110.82,98.44,0.4519,0.3091,1.0,0.6,120.6,,118.3,115.85,112.99,99.98,0.4588,0.3325,1.0,0.6,116.83,,1.54,6,2,4,0,0,117.25,115.25,0.625,8
669,0022500556,2026-01-11,2025-26,Regular Season,111,124,8,1,GSW,ATL,120.1,119.86,114.71,99.24,0.4766,0.35,1.0,0.7,120.0,,116.9,111.72,110.39,104.8,0.4707,0.3782,1.0,0.4,113.4,,5.56,2,2,0,0,0,125.75,118.5,0.5,4
662,0022500553,2026-01-11,2025-26,Regular Season,124,112,24,12,OKC,MIA,118.4,115.82,112.69,100.84,0.4808,0.3152,1.0,0.6,120.17,,118.2,111.87,112.46,105.7,0.4511,0.3527,1.0,0.5,112.4,,4.86,4,1,3,0,1,113.5,104.5,1.0,4
656,0022500559,2026-01-12,2025-26,Regular Season,98,96,18,2,IND,BOS,115.4,111.09,117.81,103.95,0.4805,0.4022,1.0,0.2,113.0,,119.1,123.7,114.22,96.55,0.4808,0.393,1.0,0.7,128.6,,7.4,2,9,-7,0,0,116.23076923076923,123.0,0.3076923076923077,13
661,0022500561,2026-01-12,2025-26,Regular Season,113,105,6,15,DAL,BKN,112.8,109.23,114.3,103.3,0.4878,0.35,1.0,0.3,116.33,,106.8,111.41,114.13,95.2,0.4468,0.3473,1.0,0.5,108.5,,8.1,9,1,8,0,1,116.75,108.0,0.75,4
660,0022500558,2026-01-12,2025-26,Regular Season,112,123,3,26,CLE,UTA,121.8,118.7,114.16,102.9,0.503,0.3805,1.0,0.6,127.8,,117.3,114.17,124.49,101.79,0.4765,0.3493,1.0,0.3,116.8,,1.11,2,5,-3,0,0,124.25,108.25,1.0,4
659,0022500560,2026-01-12,2025-26,Regular Season,102,115,25,19,TOR,PHI,116.2,115.38,111.47,98.57,0.4545,0.2969,1.0,0.7,119.83,,117.7,114.77,112.45,99.55,0.4613,0.3283,1.0,0.5,116.57,,0.98,1,1,0,1,1,117.11111111111111,115.22222222222223,0.6666666666666666,9
658,0022500562,2026-01-12,2025-26,Regular Season,124,112,22,11,SAC,LAL,104.9,107.9,122.66,97.65,0.4498,0.3176,1.0,0.2,108.83,,107.4,108.88,116.16,98.1,0.4741,0.3192,1.0,0.4,99.5,,0.45,1,5,-4,1,0,114.875,119.75,0.25,8
657,0022500563,2026-01-12,2025-26,Regular Season,117,109,10,30,LAC,CHA,115.6,123.18,113.7,94.2,0.4918,0.417,1.0,0.8,117.83,,119.9,123.58,112.38,97.1,0.4686,0.4126,1.0,0.5,125.4,,2.9,7,2,5,0,0,121.8,106.0,1.0,5
649,0022500567,2026-01-13,2025-26,Regular Season,116,122,4,7,NOP,DEN,112.9,111.01,119.24,101.95,0.4677,0.3303,1.0,0.1,111.8,,115.4,116.16,120.95,97.22,0.4636,0.3872,1.0,0.5,116.71,,4.73,7,6,1,0,0,112.0,122.125,0.25,8
652,0022500566,2026-01-13,2025-26,Regular Season,106,139,13,14,MIL,MIN,112.2,115.86,113.36,96.85,0.4825,0.3839,1.0,0.6,117.5,,124.0,119.15,114.66,102.79,0.5038,0.372,1.0,0.6,129.33,,5.94,11,3,8,0,0,106.0,108.6,0.6,5
655,0022500570,2026-01-13,2025-26,Regular Season,119,97,8,21,GSW,POR,119.2,118.62,117.19,99.49,0.4716,0.3441,1.0,0.6,118.5,,113.9,115.13,115.51,98.9,0.4526,0.3683,1.0,0.6,110.67,,0.59,2,10,-8,0,0,120.0,113.0,0.7,10
654,0022500569,2026-01-13,2025-26,Regular Season,141,116,11,1,LAL,ATL,109.8,111.1,118.0,98.4,0.4843,0.3256,1.0,0.4,112.67,,117.0,112.5,109.6,104.2,0.4691,0.3834,1.0,0.5,115.17,,5.8,4,2,2,0,0,122.2,120.2,0.4,5
653,0022500564,2026-01-13,2025-26,Regular Season,127,121,12,20,MIA,PHX,116.9,110.39,111.09,106.05,0.4577,0.3572,1.0,0.5,124.0,,114.1,115.05,106.84,99.1,0.4507,0.3592,1.0,0.8,113.33,,6.95,9,6,3,0,0,108.75,114.25,0.25,4
651,0022500568,2026-01-13,2025-26,Regular Season,119,98,24,23,OKC,SAS,119.8,115.94,109.78,101.84,0.4772,0.3046,1.0,0.7,120.71,,111.4,110.46,108.35,101.2,0.4376,0.2839,1.0,0.5,109.6,,0.64,2,2,0,0,0,119.44444444444444,111.55555555555556,0.5555555555555556,9
650,0022500565,2026-01-13,2025-26,Regular Season,119,113,9,5,HOU,CHI,109.9,116.83,114.2,94.1,0.4729,0.3043,1.0,0.6,114.33,,111.2,110.73,114.67,100.15,0.4616,0.3372,1.0,0.5,106.67,,6.05,8,6,2,0,0,126.5,115.5,0.75,4
648,0022500576,2026-01-14,2025-26,Regular Season,112,101,22,16,SAC,NYK,104.6,108.12,120.85,97.2,0.4626,0.3497,1.0,0.3,108.33,,117.7,118.13,121.52,99.5,0.4559,0.3935,1.0,0.5,118.33,,2.3,2,3,-1,0,0,106.0,123.5,0.0,4
647,0022500577,2026-01-14,2025-26,Regular Season,119,105,10,28,LAC,WAS,114.5,121.41,113.3,94.6,0.4819,0.3996,1.0,0.8,116.0,,113.3,109.74,114.19,103.35,0.4682,0.3567,1.0,0.5,105.67,,8.75,2,3,-1,0,0,124.0,103.25,1.0,4
642,0022500571,2026-01-14,2025-26,Regular Season,101,115,18,25,IND,TOR,115.8,112.14,117.03,103.3,0.4862,0.4196,1.0,0.3,113.67,,115.2,114.32,114.12,98.52,0.447,0.2763,1.0,0.6,110.33,,4.78,2,5,-3,0,0,118.55555555555556,119.88888888888889,0.3333333333333333,9
646,0022500575,2026-01-14,2025-26,Regular Season,109,118,6,7,DAL,DEN,112.8,110.54,114.22,102.1,0.4942,0.3638,1.0,0.4,115.5,,113.4,116.55,120.76,96.48,0.4659,0.383,1.0,0.5,117.38,,5.62,2,1,1,0,1,114.5,119.75,0.5,8
645,0022500572,2026-01-14,2025-26,Regular Season,107,133,19,3,PHI,CLE,118.6,116.29,111.78,99.05,0.4733,0.3468,1.0,0.6,127.5,,118.9,116.29,114.86,102.65,0.4943,0.3812,1.0,0.5,115.8,,3.6,7,6,1,0,0,114.75,119.75,0.375,8
644,0022500573,2026-01-14,2025-26,Regular Season,128,126,5,26,CHI,UTA,109.9,110.83,115.7,98.95,0.4547,0.3363,1.0,0.4,113.14,,116.8,113.92,122.34,101.59,0.4803,0.3576,1.0,0.4,117.83,,2.64,4,2,2,0,0,125.75,124.75,0.5,4
643,0022500574,2026-01-14,2025-26,Regular Season,116,113,4,15,NOP,BKN,113.7,112.12,120.39,101.6,0.4687,0.3482,1.0,0.1,113.4,,107.7,112.45,117.63,95.05,0.4454,0.3316,1.0,0.4,107.8,,6.55,1,2,-1,1,0,107.2,104.2,0.4,5
634,0022500586,2026-01-15,2025-26,Regular Season,117,135,11,30,LAL,CHA,113.1,113.67,115.6,99.0,0.494,0.344,1.0,0.5,116.71,,118.2,121.78,113.36,97.05,0.4723,0.4029,1.0,0.4,122.67,,1.95,2,3,-1,0,0,117.4,109.6,0.8,5
638,0022500585,2026-01-15,2025-26,Regular Season,117,101,21,1,POR,ATL,113.3,113.44,113.96,100.0,0.451,0.3571,1.0,0.6,117.33,,117.5,113.9,112.07,103.3,0.467,0.3784,1.0,0.5,115.29,,3.3,4,2,2,0,0,113.25,111.25,0.75,4
637,0022500581,2026-01-15,2025-26,Regular Season,91,111,9,24,HOU,OKC,111.0,117.36,111.75,94.65,0.474,0.3035,1.0,0.7,115.5,,121.5,118.06,107.91,101.64,0.4902,0.3163,1.0,0.8,117.67,,6.99,2,6,-4,0,0,116.66666666666667,119.66666666666667,0.4444444444444444,9
635,0022500584,2026-01-15,2025-26,Regular Season,126,113,8,16,GSW,NYK,118.5,118.4,115.86,99.04,0.4744,0.3565,1.0,0.6,117.33,,115.2,116.0,120.79,99.15,0.4481,0.3653,1.0,0.4,115.86,,0.11,2,1,1,0,1,108.25,103.5,0.75,4
640,0022500582,2026-01-15,2025-26,Regular Season,119,101,23,13,SAS,MIL,109.5,108.59,110.47,101.0,0.424,0.2811,1.0,0.4,113.2,,111.7,115.15,117.37,97.15,0.4795,0.3867,1.0,0.5,110.86,,3.85,8,4,4,0,0,122.25,124.0,0.25,4
633,0022500580,2026-01-15,2025-26,Regular Season,114,119,12,2,MIA,BOS,120.5,113.14,110.93,106.9,0.4697,0.3647,1.0,0.6,131.2,,118.4,123.51,114.76,96.2,0.4836,0.389,1.0,0.6,123.17,,10.7,2,3,-1,0,0,98.5,111.5,0.16666666666666666,12
636,0022500578,2026-01-15,2025-26,Regular Season,111,118,27,27,MEM,MEM,116.8,114.05,114.37,101.34,0.4641,0.3397,1.0,0.4,114.0,,116.8,114.05,114.37,101.34,0.4641,0.3397,1.0,0.4,121.0,,0.0,4,11,-7,0,0,116.8,116.8,0.5,0
641,0022500583,2026-01-15,2025-26,Regular Season,144,122,6,26,DAL,UTA,110.6,108.52,113.38,101.85,0.4813,0.3378,1.0,0.3,110.0,,116.3,113.67,122.84,101.24,0.4861,0.3388,1.0,0.3,119.0,,0.61,1,1,0,1,1,115.66666666666667,110.33333333333333,0.5555555555555556,9
639,0022500579,2026-01-15,2025-26,Regular Season,108,105,29,20,DET,PHX,114.9,116.28,109.45,99.05,0.4862,0.3686,1.0,0.6,108.25,,114.7,115.63,108.68,99.1,0.4454,0.3684,1.0,0.7,114.33,,0.05,5,2,3,0,0,118.0,122.0,0.3333333333333333,3
628,0022500587,2026-01-16,2025-26,Regular Season,112,109,15,5,BKN,CHI,107.6,112.46,118.76,94.95,0.4501,0.331,1.0,0.3,107.6,,111.8,112.49,117.41,99.35,0.4616,0.3417,1.0,0.4,102.33,,4.4,7,3,4,0,0,114.66666666666667,112.66666666666667,0.6666666666666666,6
632,0022500591,2026-01-16,2025-26,Regular Season,110,105,9,14,HOU,MIN,108.2,113.38,112.53,95.45,0.4544,0.2994,1.0,0.6,110.6,,124.1,120.86,113.23,102.3,0.5146,0.3977,1.0,0.7,129.5,,6.85,1,3,-2,1,0,107.85714285714286,116.0,0.2857142857142857,7
631,0022500589,2026-01-16,2025-26,Regular Season,115,117,19,3,PHI,CLE,119.1,116.16,113.81,99.5,0.4761,0.3465,1.0,0.6,120.67,,119.8,117.29,113.02,102.6,0.4946,0.3806,1.0,0.6,117.6,,3.1,2,2,0,0,0,113.88888888888889,121.22222222222223,0.3333333333333333,9
630,0022500590,2026-01-16,2025-26,Regular Season,117,121,25,10,TOR,LAC,115.0,114.93,111.13,97.87,0.4524,0.2787,1.0,0.7,117.29,,114.5,120.59,112.92,95.15,0.4782,0.3874,1.0,0.8,110.0,,2.72,4,6,-2,0,0,111.25,116.5,0.25,4
629,0022500592,2026-01-16,2025-26,Regular Season,128,115,22,28,SAC,WAS,104.5,108.56,120.56,96.8,0.4666,0.342,1.0,0.3,108.17,,110.0,107.16,115.34,102.65,0.4545,0.3375,1.0,0.4,105.5,,5.85,2,2,0,0,0,119.75,114.0,0.5,4
627,0022500588,2026-01-16,2025-26,Regular Season,127,119,18,4,IND,NOP,113.7,110.71,115.16,102.75,0.4752,0.4073,1.0,0.3,110.17,,113.9,112.44,119.5,101.5,0.4693,0.3482,1.0,0.2,114.0,,1.25,2,5,-3,0,0,114.16666666666667,118.33333333333333,0.5,6
620,0022500600,2026-01-17,2025-26,Regular Season,121,115,7,28,DEN,WAS,112.6,116.24,119.41,96.08,0.4641,0.3872,1.0,0.6,97.5,,109.9,107.69,117.61,102.0,0.461,0.3457,1.0,0.3,107.4,,5.92,6,1,5,0,1,119.75,115.5,0.5,4
626,0022500599,2026-01-17,2025-26,Regular Season,136,116,8,30,GSW,CHA,118.4,120.46,115.29,98.3,0.4835,0.3645,1.0,0.7,118.57,,119.7,123.19,114.47,97.15,0.4795,0.4007,1.0,0.4,125.17,,1.15,2,2,0,0,0,118.2,99.8,1.0,5
625,0022500595,2026-01-17,2025-26,Regular Season,121,78,29,18,DET,IND,114.7,115.74,109.32,99.4,0.4895,0.3734,1.0,0.6,108.2,,114.8,113.3,114.4,101.5,0.4772,0.4106,1.0,0.4,120.0,,2.1,2,9,-7,0,0,116.1,121.2,0.3,10
624,0022500597,2026-01-17,2025-26,Regular Season,122,120,12,24,MIA,OKC,119.3,113.54,113.24,105.5,0.4674,0.3698,1.0,0.5,128.33,,119.7,116.62,106.61,101.49,0.4788,0.3196,1.0,0.8,116.0,,4.01,2,2,0,0,0,106.0,115.6,0.0,5
623,0022500593,2026-01-17,2025-26,Regular Season,138,120,6,26,DAL,UTA,113.4,110.65,112.58,102.25,0.4829,0.3505,1.0,0.4,116.8,,115.8,112.06,124.29,102.34,0.4809,0.3207,1.0,0.2,118.29,,0.09,2,2,0,0,0,118.5,111.5,0.6,10
622,0022500598,2026-01-17,2025-26,Regular Season,126,123,23,14,SAS,MIN,110.0,109.09,108.08,100.9,0.4312,0.3016,1.0,0.5,114.2,,123.9,120.54,111.5,102.5,0.5163,0.3925,1.0,0.7,126.0,,1.6,2,1,1,0,1,107.33333333333333,113.22222222222223,0.2222222222222222,9
621,0022500601,2026-01-17,2025-26,Regular Season,132,116,21,11,POR,LAL,113.6,113.62,113.08,100.15,0.4491,0.3522,1.0,0.6,117.83,,115.2,114.94,116.3,99.75,0.4896,0.3441,1.0,0.5,104.67,,0.4,2,5,-3,0,0,107.125,110.5,0.25,8
619,0022500596,2026-01-17,2025-26,Regular Season,99,106,16,20,NYK,PHX,113.7,115.59,122.05,98.25,0.449,0.3672,1.0,0.3,113.67,,112.9,113.71,107.96,99.2,0.4409,0.3599,1.0,0.6,111.33,,0.95,10,2,8,0,0,121.8,114.0,0.6,5
618,0022500594,2026-01-17,2025-26,Regular Season,106,132,1,2,ATL,BOS,115.1,111.47,110.89,103.4,0.4619,0.3707,1.0,0.5,121.5,,116.3,122.18,114.67,95.6,0.4721,0.371,1.0,0.6,119.67,,7.8,10,2,8,0,0,113.14285714285714,118.85714285714286,0.5714285714285714,7
613,0022500603,2026-01-18,2025-26,Regular Season,124,102,5,15,CHI,BKN,112.4,112.99,117.17,99.5,0.4674,0.3389,1.0,0.4,118.0,,106.5,110.94,118.74,95.2,0.4382,0.351,1.0,0.3,103.75,,4.3,4,4,0,0,0,112.14285714285714,114.28571428571429,0.2857142857142857,7
612,0022500605,2026-01-18,2025-26,Regular Season,87,110,7,30,DEN,CHA,112.4,116.16,116.39,95.98,0.4642,0.3917,1.0,0.7,105.33,,120.0,122.41,114.85,97.95,0.4822,0.4001,1.0,0.4,123.86,,1.97,1,1,0,1,1,112.8,102.6,1.0,5
614,0022500606,2026-01-18,2025-26,Regular Season,110,117,22,21,SAC,POR,107.2,111.11,119.58,96.85,0.4764,0.3628,1.0,0.4,111.0,,114.3,114.68,112.95,99.8,0.454,0.3513,1.0,0.6,107.25,,2.95,2,5,-3,0,0,113.375,109.0,0.375,8
616,0022500604,2026-01-18,2025-26,Regular Season,119,110,9,4,HOU,NOP,107.5,112.66,112.82,95.55,0.4519,0.2966,1.0,0.6,109.2,,113.3,112.33,119.86,101.05,0.4735,0.3512,1.0,0.2,114.83,,5.5,2,2,0,0,0,119.25,114.0,0.625,8
617,0022500607,2026-01-18,2025-26,Regular Season,110,93,11,25,LAL,TOR,114.3,114.29,119.5,99.6,0.4862,0.3465,1.0,0.4,118.83,,112.6,113.7,111.31,97.14,0.4498,0.281,1.0,0.6,109.67,,2.46,3,4,-1,0,0,127.4,118.0,1.0,5
615,0022500602,2026-01-18,2025-26,Regular Season,109,126,17,17,ORL,ORL,114.7,114.17,114.3,99.55,0.4711,0.3284,1.0,0.5,120.25,,114.7,114.17,114.3,99.55,0.4711,0.3284,1.0,0.5,111.0,,0.0,7,11,-4,0,0,126.0,126.0,0.5,2
603,0022500015,2026-01-19,2025-26,Regular Season,104,136,3,24,CLE,OKC,121.5,118.69,112.81,102.75,0.5037,0.4,1.0,0.7,122.0,,117.7,115.66,106.86,100.69,0.4792,0.3269,1.0,0.7,116.8,,2.06,7,2,5,0,0,121.5,128.0,0.5,2
606,0022500016,2026-01-19,2025-26,Regular Season,97,114,16,6,NYK,DAL,110.6,113.48,121.07,97.4,0.4408,0.3535,1.0,0.2,110.0,,116.5,113.79,113.47,102.1,0.4907,0.3463,1.0,0.5,110.75,,4.7,2,9,-7,0,0,117.4,120.6,0.4,5
605,0022500611,2026-01-19,2025-26,Regular Season,123,110,23,26,SAS,UTA,112.5,112.47,109.82,100.1,0.4426,0.3185,1.0,0.6,119.2,,115.9,112.04,125.05,102.44,0.4877,0.3149,1.0,0.2,118.5,,2.34,2,2,0,0,0,116.125,116.0,0.5,8
604,0022500608,2026-01-19,2025-26,Regular Season,106,110,28,10,WAS,LAC,111.3,108.56,117.61,102.5,0.4606,0.3418,1.0,0.3,115.25,,115.4,120.07,113.52,95.32,0.4834,0.3823,1.0,0.8,112.75,,7.18,10,3,7,0,0,103.6,123.0,0.0,5
608,0022500014,2026-01-19,2025-26,Regular Season,110,112,1,13,ATL,MIL,112.8,109.74,110.62,103.0,0.4518,0.357,1.0,0.5,116.33,,111.4,115.16,116.89,96.95,0.4757,0.3862,1.0,0.5,110.43,,6.05,2,4,-2,0,0,122.33333333333333,119.83333333333333,0.5,6
611,0022500017,2026-01-19,2025-26,Regular Season,104,103,29,2,DET,BOS,113.2,113.14,103.65,100.45,0.4853,0.3767,1.0,0.6,110.33,,118.7,124.16,113.7,95.85,0.4786,0.3838,1.0,0.7,123.67,,4.6,2,2,0,0,0,111.7,118.5,0.3,10
610,0022500609,2026-01-19,2025-26,Regular Season,113,104,19,18,PHI,IND,120.2,117.49,112.86,99.3,0.4812,0.3445,1.0,0.6,119.25,,110.7,108.19,112.54,102.75,0.4626,0.3806,1.0,0.4,106.33,,3.45,3,2,1,0,0,110.66666666666667,116.83333333333333,0.3333333333333333,6
609,0022500612,2026-01-19,2025-26,Regular Season,135,112,8,12,GSW,MIA,120.0,121.29,115.63,98.85,0.4851,0.3784,1.0,0.7,120.75,,117.3,112.59,114.48,104.7,0.4529,0.3711,1.0,0.5,105.75,,5.85,2,8,-6,0,0,99.0,108.4,0.2,5
607,0022500610,2026-01-19,2025-26,Regular Season,117,126,15,20,BKN,PHX,106.0,110.88,119.72,94.8,0.439,0.3513,1.0,0.3,108.6,,112.0,113.13,108.2,98.85,0.4418,0.3531,1.0,0.6,109.83,,4.05,3,2,1,0,0,111.75,118.25,0.5,4
596,0022500616,2026-01-20,2025-26,Regular Season,127,122,26,14,UTA,MIN,116.8,112.62,125.31,102.69,0.4817,0.3278,1.0,0.2,105.5,,122.6,119.76,114.42,102.1,0.5093,0.3932,1.0,0.6,124.14,,0.59,10,3,7,0,0,104.55555555555556,121.0,0.1111111111111111,9
602,0022500619,2026-01-20,2025-26,Regular Season,117,130,22,12,SAC,MIA,109.2,112.32,117.37,97.55,0.4842,0.365,1.0,0.4,110.88,,113.8,108.65,115.04,105.2,0.4388,0.3522,1.0,0.4,107.0,,7.65,2,1,1,0,1,115.4,115.0,0.6,5
597,0022500614,2026-01-20,2025-26,Regular Season,138,110,5,10,CHI,LAC,114.7,116.66,115.06,98.4,0.4786,0.3482,1.0,0.5,121.83,,113.3,117.5,114.66,95.72,0.4785,0.3634,1.0,0.8,112.2,,2.68,2,1,1,0,1,110.5,114.75,0.25,4
601,0022500615,2026-01-20,2025-26,Regular Season,111,106,9,23,HOU,SAS,106.8,111.82,111.79,95.65,0.4429,0.2957,1.0,0.6,107.8,,111.4,111.5,107.64,100.05,0.4489,0.3238,1.0,0.6,105.8,,4.4,2,7,-5,0,0,109.625,102.625,0.75,8
599,0022500618,2026-01-20,2025-26,Regular Season,127,145,8,25,GSW,TOR,120.3,120.84,113.72,99.45,0.4813,0.3765,1.0,0.7,122.33,,111.2,112.03,111.61,97.29,0.4522,0.2794,1.0,0.5,105.5,,2.16,1,2,-1,1,0,116.6,119.4,0.4,5
598,0022500617,2026-01-20,2025-26,Regular Season,107,115,7,11,DEN,LAL,110.5,115.24,118.56,94.93,0.4622,0.3834,1.0,0.6,100.75,,114.7,115.46,116.42,99.05,0.4893,0.3572,1.0,0.5,107.5,,4.12,2,3,-1,0,0,113.36363636363636,111.18181818181819,0.7272727272727273,11
600,0022500613,2026-01-20,2025-26,Regular Season,110,116,19,20,PHI,PHX,117.6,116.38,111.22,99.1,0.483,0.3382,1.0,0.6,118.0,,113.3,116.63,108.8,97.3,0.4589,0.3627,1.0,0.7,112.0,,1.8,1,1,0,1,1,105.66666666666667,114.0,0.0,3
592,0022500624,2026-01-21,2025-26,Regular Season,104,112,4,29,NOP,DET,112.5,112.31,119.12,100.4,0.4806,0.3581,1.0,0.2,111.0,,110.7,112.15,102.25,99.2,0.4763,0.3595,1.0,0.7,113.67,,1.2,7,17,-10,0,0,108.33333333333333,121.33333333333333,0.3333333333333333,3
594,0022500626,2026-01-21,2025-26,Regular Season,109,122,22,25,SAC,TOR,110.3,112.3,116.86,98.65,0.4877,0.3684,1.0,0.4,112.25,,115.4,115.35,112.67,98.09,0.4745,0.3145,1.0,0.6,113.4,,0.56,1,1,0,1,1,127.0,114.25,0.75,4
591,0022500625,2026-01-21,2025-26,Regular Season,102,122,13,24,MIL,OKC,111.4,114.36,117.16,97.5,0.4786,0.3945,1.0,0.5,113.67,,118.9,116.67,107.7,100.74,0.4859,0.3431,1.0,0.7,120.0,,3.24,8,2,6,0,0,106.5,116.0,0.25,4
589,0022500622,2026-01-21,2025-26,Regular Season,120,66,16,15,NYK,BKN,107.1,109.65,118.66,97.8,0.4329,0.3402,1.0,0.2,107.4,,108.1,113.09,120.69,94.75,0.4449,0.3575,1.0,0.3,103.4,,3.05,2,3,-1,0,0,114.2,102.9,1.0,10
595,0022500623,2026-01-21,2025-26,Regular Season,122,124,27,1,MEM,ATL,114.3,111.97,114.57,100.89,0.4563,0.3436,1.0,0.3,111.67,,111.2,107.79,111.29,103.3,0.4434,0.3475,1.0,0.4,111.29,,2.41,6,6,0,0,0,118.75,115.5,0.5,4
590,0022500620,2026-01-21,2025-26,Regular Season,87,94,30,3,CHA,CLE,118.5,122.82,111.9,96.45,0.48,0.3925,1.0,0.5,104.0,,120.6,117.85,116.17,102.7,0.4984,0.3919,1.0,0.6,123.0,,6.25,13,5,8,0,0,113.22222222222223,118.11111111111111,0.3333333333333333,9
593,0022500621,2026-01-21,2025-26,Regular Season,119,104,2,18,BOS,IND,116.1,122.47,113.1,95.05,0.4673,0.386,1.0,0.6,111.25,,110.1,108.5,113.67,101.8,0.4668,0.3845,1.0,0.4,105.75,,6.75,11,2,9,0,0,121.07142857142857,114.92857142857143,0.6428571428571429,14
587,0022500632,2026-01-22,2025-26,Regular Season,109,126,26,23,UTA,SAS,118.1,112.84,124.38,103.49,0.4846,0.3321,1.0,0.3,112.67,,109.7,110.61,108.19,99.35,0.443,0.3235,1.0,0.5,102.4,,4.14,2,2,0,0,0,115.33333333333333,116.88888888888889,0.4444444444444444,9
582,0022500630,2026-01-22,2025-26,Regular Season,123,115,6,8,DAL,GSW,115.7,112.92,110.57,102.25,0.489,0.3588,1.0,0.6,120.33,,123.6,123.9,115.06,99.5,0.4973,0.3842,1.0,0.7,102.0,,2.75,5,17,-12,0,0,115.33333333333333,115.88888888888889,0.5555555555555556,9
583,0022500633,2026-01-22,2025-26,Regular Season,112,104,10,11,LAC,LAL,112.5,116.24,117.62,96.22,0.4803,0.3653,1.0,0.7,113.5,,113.4,115.61,116.16,97.95,0.4815,0.3628,1.0,0.5,109.0,,1.73,8,2,6,0,0,108.88888888888889,111.0,0.3333333333333333,9
588,0022500628,2026-01-22,2025-26,Regular Season,128,122,19,9,PHI,HOU,116.3,114.58,111.78,99.46,0.4716,0.3345,1.0,0.5,116.67,,105.9,109.84,111.71,96.55,0.4374,0.2913,1.0,0.6,102.25,,2.91,2,11,-9,0,0,126.75,127.0,0.5,4
581,0022500634,2026-01-22,2025-26,Regular Season,127,110,21,12,POR,MIA,116.5,117.38,112.03,99.3,0.4631,0.3363,1.0,0.7,119.0,,115.0,110.08,115.81,104.9,0.4434,0.3663,1.0,0.4,109.4,,5.6,5,2,3,0,0,104.6,122.0,0.2,5
586,0022500629,2026-01-22,2025-26,Regular Season,97,107,28,7,WAS,DEN,110.5,107.64,117.42,102.5,0.46,0.3302,1.0,0.2,113.4,,110.4,115.48,119.02,94.68,0.4644,0.3877,1.0,0.6,118.8,,7.82,3,8,-5,0,0,115.4,120.0,0.4,5
584,0022500631,2026-01-22,2025-26,Regular Season,115,120,14,5,MIN,CHI,124.6,121.18,113.79,102.65,0.5108,0.388,1.0,0.6,119.0,,115.1,117.17,114.71,98.15,0.484,0.3665,1.0,0.5,104.0,,4.5,11,6,5,0,0,124.4,113.2,0.6,5
585,0022500627,2026-01-22,2025-26,Regular Season,97,124,17,30,ORL,CHA,112.9,112.37,114.05,99.65,0.4636,0.3242,1.0,0.4,115.75,,115.1,119.41,109.11,96.35,0.4649,0.3645,1.0,0.5,122.29,,3.3,4,4,0,0,0,110.8,101.2,0.8,10
576,0022500635,2026-01-23,2025-26,Regular Season,104,111,29,9,DET,HOU,112.0,112.26,100.41,100.2,0.4791,0.3739,1.0,0.8,109.43,,107.7,111.16,113.34,95.81,0.4452,0.3119,1.0,0.6,106.75,,4.39,4,1,3,0,1,108.8,111.2,0.4,5
575,0022500639,2026-01-23,2025-26,Regular Season,127,133,27,4,MEM,NOP,115.3,113.42,115.64,100.49,0.4608,0.3498,1.0,0.3,113.14,,112.0,110.79,117.01,101.3,0.4776,0.3533,1.0,0.2,113.5,,0.81,2,5,-3,0,0,119.66666666666667,115.22222222222223,0.8888888888888888,9
574,0022500641,2026-01-23,2025-26,Regular Season,114,117,24,18,OKC,IND,118.0,116.65,109.18,100.04,0.4881,0.3399,1.0,0.7,117.25,,109.2,108.14,113.85,101.3,0.455,0.3712,1.0,0.4,105.4,,1.26,10,2,8,0,0,115.08333333333333,112.75,0.5833333333333334,12
573,0022500636,2026-01-23,2025-26,Regular Season,110,103,1,20,ATL,PHX,112.5,108.93,113.5,103.35,0.4424,0.3586,1.0,0.4,111.0,,112.0,115.28,109.18,97.55,0.4461,0.3779,1.0,0.7,112.57,,5.8,4,3,1,0,0,121.0,122.0,0.6,5
580,0022500640,2026-01-23,2025-26,Regular Season,100,102,13,7,MIL,DEN,109.3,111.93,117.59,97.8,0.4756,0.3864,1.0,0.4,110.75,,109.6,114.4,115.75,94.83,0.4608,0.3868,1.0,0.7,117.2,,2.97,2,1,1,0,1,112.2,111.0,0.4,5
579,0022500637,2026-01-23,2025-26,Regular Season,126,130,15,2,BKN,BOS,104.8,110.58,121.92,93.8,0.4345,0.3643,1.0,0.3,112.8,,116.0,121.48,112.24,95.7,0.4644,0.3832,1.0,0.6,119.2,,1.9,4,4,0,0,0,104.375,117.25,0.125,8
578,0022500638,2026-01-23,2025-26,Regular Season,123,118,3,22,CLE,SAC,117.1,115.24,114.57,101.8,0.4875,0.3724,1.0,0.6,117.0,,111.0,113.09,116.66,98.4,0.4931,0.36,1.0,0.4,103.0,,3.4,4,14,-10,0,0,122.66666666666667,117.66666666666667,0.3333333333333333,3
577,0022500642,2026-01-23,2025-26,Regular Season,98,110,21,25,POR,TOR,117.0,116.73,110.89,100.3,0.4685,0.3423,1.0,0.7,120.14,,114.2,115.03,112.63,97.39,0.4669,0.3152,1.0,0.6,114.83,,2.91,1,2,-1,1,0,115.75,111.0,0.75,4
570,0022500648,2026-01-24,2025-26,Regular Season,110,116,6,11,DAL,LAL,117.2,113.82,109.04,102.85,0.4943,0.3745,1.0,0.7,122.83,,111.8,113.88,116.08,97.95,0.4795,0.3693,1.0,0.4,108.17,,4.9,2,2,0,0,0,110.57142857142857,114.0,0.42857142857142855,7
571,0022500647,2026-01-24,2025-26,Regular Season,114,111,5,2,CHI,BOS,115.0,116.38,114.37,98.65,0.4782,0.376,1.0,0.5,122.8,,114.4,117.43,111.32,95.55,0.4542,0.3792,1.0,0.6,116.0,,3.1,4,1,3,0,1,108.375,122.875,0.125,8
568,0022500643,2026-01-24,2025-26,Regular Season,109,112,19,16,PHI,NYK,116.1,114.39,111.73,98.62,0.4723,0.3217,1.0,0.5,118.29,,109.2,113.03,115.09,96.7,0.4533,0.3688,1.0,0.3,106.8,,1.92,2,9,-7,0,0,103.4375,109.0,0.3125,16
569,0022500649,2026-01-24,2025-26,Regular Season,116,147,26,12,UTA,MIA,117.3,112.27,123.42,103.34,0.4835,0.3302,1.0,0.3,111.75,,114.5,109.04,115.51,105.35,0.442,0.3485,1.0,0.4,109.5,,2.01,2,2,0,0,0,116.25,108.0,0.5,4
572,0022500645,2026-01-24,2025-26,Regular Season,119,115,30,28,CHA,WAS,116.3,121.26,109.32,95.9,0.4764,0.3751,1.0,0.5,98.33,,108.3,106.07,118.96,101.85,0.447,0.3225,1.0,0.1,107.6,,5.95,3,7,-4,0,0,115.0,115.125,0.375,8
567,0022500646,2026-01-24,2025-26,Regular Season,105,119,17,3,ORL,CLE,112.0,111.42,115.84,99.65,0.4647,0.3339,1.0,0.4,112.0,,118.1,116.02,115.71,101.85,0.4833,0.3675,1.0,0.6,117.2,,2.2,2,3,-1,0,0,102.21428571428571,104.71428571428571,0.42857142857142855,14
564,0022500653,2026-01-25,2025-26,Regular Season,101,103,24,25,OKC,TOR,118.9,116.89,109.51,100.59,0.4893,0.3355,1.0,0.7,116.6,,113.4,114.9,113.3,96.64,0.4676,0.3138,1.0,0.6,114.14,,3.95,2,2,0,0,0,127.0,107.75,1.0,4
563,0022500650,2026-01-25,2025-26,Regular Season,139,116,29,22,DET,SAC,109.6,110.2,101.45,99.8,0.4635,0.35,1.0,0.7,108.75,,113.0,115.25,117.48,98.35,0.4978,0.3794,1.0,0.4,110.5,,1.45,2,2,0,0,0,122.0,123.6,0.6,5
562,0022500656,2026-01-25,2025-26,Regular Season,126,89,10,15,LAC,BKN,112.2,115.42,112.26,96.77,0.4779,0.3645,1.0,0.8,112.75,,104.7,108.66,121.51,93.45,0.4281,0.3514,1.0,0.2,96.8,,3.32,3,4,-1,0,0,126.0,96.5,1.0,4
566,0022500655,2026-01-25,2025-26,Regular Season,102,111,20,12,PHX,MIA,111.5,114.11,109.02,98.15,0.446,0.3708,1.0,0.6,112.0,,116.7,110.71,116.24,105.6,0.439,0.348,1.0,0.4,114.86,,7.45,14,1,13,0,1,115.6,112.4,0.6,5
565,0022500654,2026-01-25,2025-26,Regular Season,95,104,23,4,SAS,NOP,111.3,112.1,107.47,99.45,0.4506,0.3331,1.0,0.6,118.75,,114.7,113.74,117.54,100.95,0.4774,0.3494,1.0,0.3,118.0,,1.5,6,2,4,0,0,114.54545454545455,119.18181818181819,0.5454545454545454,11
561,0022500644,2026-01-25,2025-26,Regular Season,85,111,14,8,MIN,GSW,123.6,119.61,113.6,103.2,0.5029,0.3957,1.0,0.5,118.0,,122.8,122.0,114.57,100.6,0.4927,0.3746,1.0,0.6,108.5,,2.6,3,3,0,0,0,110.63636363636364,106.54545454545455,0.6363636363636364,11
554,0022500657,2026-01-26,2025-26,Regular Season,130,93,30,19,CHA,PHI,115.8,120.5,110.71,96.2,0.4751,0.3626,1.0,0.5,103.5,,114.6,113.59,110.91,99.09,0.476,0.3149,1.0,0.5,111.0,,2.89,2,14,-12,0,0,102.11111111111111,114.77777777777777,0.0,9
555,0022500661,2026-01-26,2025-26,Regular Season,118,129,5,11,CHI,LAL,116.5,118.77,115.24,97.9,0.484,0.3959,1.0,0.6,125.8,,112.3,113.93,116.36,98.35,0.4733,0.375,1.0,0.4,109.0,,0.45,2,2,0,0,0,130.25,120.25,0.75,4
559,0022500660,2026-01-26,2025-26,Regular Season,102,94,2,21,BOS,POR,114.0,117.39,112.97,95.3,0.4582,0.3726,1.0,0.5,112.25,,115.3,115.1,111.0,100.2,0.4643,0.329,1.0,0.6,107.0,,4.9,5,8,-3,0,0,122.0,110.8,0.8,5
556,0022500662,2026-01-26,2025-26,Regular Season,108,99,9,27,HOU,MEM,108.8,111.85,113.63,96.21,0.4509,0.3222,1.0,0.6,110.0,,114.4,113.48,115.79,100.85,0.4543,0.3502,1.0,0.3,120.33,,4.64,6,11,-5,0,0,117.11111111111111,109.11111111111111,0.7777777777777778,9
558,0022500659,2026-01-26,2025-26,Regular Season,132,116,1,18,ATL,IND,111.8,108.99,111.18,102.7,0.4493,0.365,1.0,0.5,110.75,,108.2,107.27,111.77,101.25,0.4467,0.3692,1.0,0.5,103.4,,1.45,3,3,0,0,0,123.75,133.25,0.375,8
560,0022500658,2026-01-26,2025-26,Regular Season,114,98,3,17,CLE,ORL,119.0,117.15,114.92,101.7,0.4926,0.3783,1.0,0.7,121.25,,111.3,111.64,117.77,98.7,0.4576,0.3471,1.0,0.3,112.0,,3.0,3,8,-5,0,0,105.66666666666667,102.4,0.6,15
557,0022500663,2026-01-26,2025-26,Regular Season,108,83,14,8,MIN,GSW,118.0,114.43,113.32,103.05,0.4848,0.4002,1.0,0.4,111.4,,123.7,122.26,112.2,101.2,0.4968,0.3816,1.0,0.7,113.0,,1.85,1,1,0,1,1,108.5,106.91666666666667,0.5833333333333334,12
549,0022500667,2026-01-27,2025-26,Regular Season,104,95,24,4,OKC,NOP,119.3,117.3,107.24,100.64,0.4967,0.3329,1.0,0.7,117.4,,114.8,114.27,116.44,100.5,0.4736,0.3509,1.0,0.4,116.0,,0.14,2,2,0,0,0,115.58333333333333,97.16666666666667,1.0,12
548,0022500668,2026-01-27,2025-26,Regular Season,107,109,7,29,DEN,DET,107.3,112.78,114.24,95.1,0.4479,0.3675,1.0,0.7,102.0,,112.3,113.73,102.11,99.0,0.4709,0.367,1.0,0.8,113.0,,3.9,7,6,1,0,0,126.5,114.25,1.0,4
547,0022500664,2026-01-27,2025-26,Regular Season,115,111,28,21,WAS,POR,108.3,106.51,117.55,101.35,0.4439,0.325,1.0,0.1,107.5,,111.0,111.13,109.83,99.9,0.4526,0.3144,1.0,0.5,102.67,,1.45,5,1,4,0,1,109.5,116.5,0.25,4
553,0022500669,2026-01-27,2025-26,Regular Season,106,102,20,15,PHX,BKN,112.0,113.89,109.26,98.9,0.441,0.3567,1.0,0.6,108.67,,103.3,107.09,123.66,94.5,0.4203,0.339,1.0,0.1,95.5,,4.4,2,2,0,0,0,119.8,112.8,0.6,5
552,0022500665,2026-01-27,2025-26,Regular Season,103,87,16,22,NYK,SAC,108.5,112.79,113.83,96.15,0.4547,0.3629,1.0,0.4,109.75,,114.8,117.13,121.48,98.25,0.5078,0.3944,1.0,0.4,112.33,,2.1,6,2,4,0,0,119.0,107.2,0.8,5
551,0022500666,2026-01-27,2025-26,Regular Season,139,122,19,13,PHI,MIL,110.8,109.87,113.1,98.99,0.4617,0.3071,1.0,0.4,113.67,,108.0,111.05,116.59,97.5,0.4695,0.3762,1.0,0.4,108.33,,1.49,3,8,-5,0,0,112.5,119.5,0.25,8
550,0022500670,2026-01-27,2025-26,Regular Season,103,115,26,10,UTA,LAC,116.4,112.04,125.73,103.8,0.4872,0.3314,1.0,0.3,112.6,,114.5,117.15,110.58,97.22,0.4862,0.378,1.0,0.8,111.83,,6.58,3,7,-4,0,0,109.22222222222223,121.44444444444444,0.2222222222222222,9
539,0022500676,2026-01-28,2025-26,Regular Season,97,112,27,30,MEM,CHA,112.2,112.06,114.51,100.2,0.4435,0.3358,1.0,0.3,111.86,,119.2,122.82,109.17,97.25,0.4927,0.3673,1.0,0.6,124.0,,2.95,5,6,-1,0,0,115.0,111.25,0.5,4
542,0022500677,2026-01-28,2025-26,Regular Season,105,118,6,14,DAL,MIN,117.2,113.72,109.89,103.05,0.4808,0.3709,1.0,0.6,122.83,,116.6,113.53,112.61,102.65,0.4846,0.4043,1.0,0.4,124.6,,0.4,4,8,-4,0,0,107.61538461538461,111.38461538461539,0.46153846153846156,13
541,0022500675,2026-01-28,2025-26,Regular Season,92,119,25,16,TOR,NYK,114.0,114.75,113.16,97.29,0.4693,0.3285,1.0,0.6,111.67,,109.8,114.06,109.88,96.35,0.46,0.3602,1.0,0.5,111.2,,0.94,12,4,8,0,0,107.8,124.4,0.0,10
546,0022500671,2026-01-28,2025-26,Regular Season,129,99,3,11,CLE,LAL,118.4,117.61,114.08,100.8,0.4901,0.3838,1.0,0.7,119.8,,116.1,117.78,117.34,98.35,0.4899,0.4004,1.0,0.5,115.33,,2.45,2,2,0,0,0,117.0,114.25,0.5,4
540,0022500678,2026-01-28,2025-26,Regular Season,124,140,26,8,UTA,GSW,115.1,111.63,126.53,103.1,0.4828,0.3361,1.0,0.2,110.0,,120.0,117.65,110.4,102.3,0.4821,0.3664,1.0,0.6,103.0,,0.8,1,2,-1,1,0,113.44444444444444,126.22222222222223,0.1111111111111111,9
545,0022500673,2026-01-28,2025-26,Regular Season,106,117,2,1,BOS,ATL,113.2,115.84,110.3,95.85,0.4562,0.3713,1.0,0.6,110.25,,115.0,111.45,110.47,103.2,0.46,0.3716,1.0,0.6,115.0,,7.35,2,7,-5,0,0,120.5,112.25,0.5,8
544,0022500674,2026-01-28,2025-26,Regular Season,124,133,12,17,MIA,ORL,118.4,113.12,115.35,104.65,0.4452,0.3413,1.0,0.5,121.0,,109.7,110.45,117.55,98.3,0.448,0.3315,1.0,0.3,108.0,,6.35,11,2,9,0,0,107.36363636363636,108.54545454545455,0.45454545454545453,11
543,0022500672,2026-01-28,2025-26,Regular Season,113,110,18,5,IND,CHI,108.2,106.86,112.12,101.8,0.4467,0.3521,1.0,0.5,112.25,,118.2,119.71,115.9,98.55,0.4922,0.3978,1.0,0.6,108.75,,3.25,12,6,6,0,0,118.0,115.11111111111111,0.6666666666666666,9
538,0022500679,2026-01-28,2025-26,Regular Season,99,111,9,23,HOU,SAS,109.4,111.91,113.0,96.56,0.4581,0.3297,1.0,0.6,109.67,,110.3,112.1,108.2,98.5,0.4528,0.33,1.0,0.6,106.6,,1.94,2,6,-4,0,0,109.77777777777777,103.0,0.7777777777777778,9
535,0022500685,2026-01-29,2025-26,Regular Season,114,96,20,29,PHX,DET,110.9,113.85,110.82,97.95,0.4504,0.3424,1.0,0.6,108.0,,111.8,114.04,102.6,98.3,0.4766,0.3489,1.0,0.8,110.5,,0.35,2,2,0,0,0,117.75,115.5,0.5,4
537,0022500684,2026-01-29,2025-26,Regular Season,107,103,7,15,DEN,BKN,106.6,111.9,113.88,95.25,0.4507,0.3565,1.0,0.6,102.83,,103.0,107.26,122.43,94.15,0.431,0.3477,1.0,0.1,96.43,,1.1,2,2,0,0,0,125.8,117.8,0.8,5
536,0022500529,2026-01-29,2025-26,Regular Season,113,116,5,12,CHI,MIA,119.9,120.83,115.56,99.2,0.4974,0.3996,1.0,0.6,124.5,,120.9,115.95,116.68,104.15,0.4561,0.3721,1.0,0.5,120.33,,4.95,3,4,-1,0,0,114.375,117.0,0.625,8
534,0022500681,2026-01-29,2025-26,Regular Season,109,99,28,13,WAS,MIL,107.8,106.05,117.25,101.45,0.4394,0.3362,1.0,0.1,106.25,,108.0,110.79,118.3,97.65,0.469,0.3771,1.0,0.3,110.29,,3.8,2,2,0,0,0,117.0,122.0,0.3333333333333333,9
533,0022500683,2026-01-29,2025-26,Regular Season,121,123,6,30,DAL,CHA,117.7,113.82,111.52,103.4,0.4854,0.358,1.0,0.5,120.29,,119.2,123.56,108.08,96.65,0.4963,0.3714,1.0,0.7,122.29,,6.75,1,1,0,1,1,112.66666666666667,103.33333333333333,0.6666666666666666,3
532,0022500682,2026-01-29,2025-26,Regular Season,86,104,1,9,ATL,HOU,115.0,112.47,112.16,102.2,0.4621,0.3762,1.0,0.6,114.5,,108.8,111.09,112.77,96.76,0.4558,0.3418,1.0,0.6,110.33,,5.44,3,6,-3,0,0,116.5,115.25,0.5,4
531,0022500686,2026-01-29,2025-26,Regular Season,123,111,14,24,MIN,OKC,115.3,112.29,110.88,102.7,0.473,0.387,1.0,0.4,103.0,,116.8,117.32,106.35,99.6,0.4933,0.3487,1.0,0.7,121.2,,3.1,3,8,-5,0,0,110.8,114.13333333333334,0.4,15
530,0022500680,2026-01-29,2025-26,Regular Season,113,111,19,22,PHI,SAC,114.4,113.54,116.04,99.09,0.4731,0.3452,1.0,0.4,117.29,,113.2,115.11,117.75,98.45,0.498,0.3852,1.0,0.4,107.0,,0.64,2,2,0,0,0,108.0,104.5,0.5,4
527,0022500690,2026-01-30,2025-26,Regular Season,127,97,16,21,NYK,POR,109.4,112.75,107.01,97.1,0.46,0.3546,1.0,0.5,104.75,,111.8,110.77,109.84,101.05,0.4477,0.3212,1.0,0.5,104.75,,3.95,3,3,0,0,0,112.8,99.4,1.0,5
526,0022500689,2026-01-30,2025-26,Regular Season,112,93,2,22,BOS,SAC,111.3,113.29,109.78,96.25,0.4494,0.3478,1.0,0.5,105.5,,113.2,114.27,118.91,98.95,0.4996,0.3889,1.0,0.3,108.0,,2.7,2,1,1,0,1,115.0,106.8,0.8,5
529,0022500695,2026-01-30,2025-26,Regular Season,122,109,7,10,DEN,LAC,108.6,114.9,114.26,94.45,0.4565,0.3721,1.0,0.7,106.17,,114.9,117.06,108.45,97.42,0.4893,0.3814,1.0,0.9,112.5,,2.97,1,3,-2,1,0,111.4,108.46666666666667,0.5333333333333333,15
528,0022500688,2026-01-30,2025-26,Regular Season,111,142,28,11,WAS,LAL,107.7,106.16,114.12,101.35,0.4296,0.3197,1.0,0.2,106.8,,115.9,117.36,119.35,98.65,0.4951,0.3868,1.0,0.5,113.0,,2.7,1,2,-1,1,0,108.75,126.0,0.0,4
521,0022500693,2026-01-30,2025-26,Regular Season,126,113,20,3,PHX,CLE,111.1,113.69,109.44,98.2,0.4525,0.3424,1.0,0.6,108.5,,119.1,119.18,111.81,100.05,0.49,0.3891,1.0,0.8,115.75,,1.85,1,6,-5,1,0,113.4,114.2,0.6,5
523,0022500687,2026-01-30,2025-26,Regular Season,130,120,17,25,ORL,TOR,109.5,109.39,116.57,98.95,0.442,0.3267,1.0,0.3,106.0,,111.5,111.37,111.35,98.09,0.4584,0.3171,1.0,0.6,114.67,,0.86,6,5,1,0,0,108.75,104.625,0.5,8
524,0022500694,2026-01-30,2025-26,Regular Season,99,109,26,15,UTA,BKN,118.0,113.8,124.76,103.7,0.4908,0.353,1.0,0.2,115.8,,103.5,108.45,123.27,93.75,0.4336,0.348,1.0,0.1,97.14,,9.95,2,1,1,0,1,115.8,114.0,0.8,5
522,0022500696,2026-01-30,2025-26,Regular Season,124,131,8,29,GSW,DET,120.3,116.16,110.8,103.7,0.4809,0.3668,1.0,0.6,125.67,,109.3,111.03,104.91,98.55,0.4644,0.318,1.0,0.7,105.67,,5.15,10,1,9,0,1,111.66666666666667,107.66666666666667,1.0,3
525,0022500691,2026-01-30,2025-26,Regular Season,114,106,4,27,NOP,MEM,114.3,114.71,116.35,99.45,0.4637,0.3473,1.0,0.4,112.0,,110.5,110.97,114.44,99.6,0.4472,0.3464,1.0,0.3,112.5,,0.15,9,4,5,0,0,117.0,120.4,0.2,10
516,0022500699,2026-01-31,2025-26,Regular Season,124,114,19,4,PHI,NOP,114.2,115.41,117.47,98.36,0.4817,0.3514,1.0,0.5,116.75,,112.9,114.15,117.06,98.7,0.4589,0.3391,1.0,0.4,113.17,,0.34,2,4,-2,0,0,105.75,115.5,0.0,4
515,0022500697,2026-01-31,2025-26,Regular Season,111,106,30,23,CHA,SAS,116.5,120.77,110.75,96.65,0.4911,0.3795,1.0,0.7,112.0,,110.7,112.61,109.28,98.3,0.4577,0.3371,1.0,0.6,107.33,,1.65,5,3,2,0,0,121.25,126.25,0.75,4
520,0022500692,2026-01-31,2025-26,Regular Season,118,125,12,5,MIA,CHI,121.3,116.02,115.44,104.4,0.4476,0.3523,1.0,0.6,121.75,,118.7,119.5,116.21,99.4,0.4853,0.4065,1.0,0.5,113.0,,5.0,3,3,0,0,0,116.88888888888889,114.22222222222223,0.4444444444444444,9
519,0022500700,2026-01-31,2025-26,Regular Season,114,131,27,14,MEM,MIN,110.5,111.58,115.73,99.1,0.4504,0.339,1.0,0.2,110.57,,114.2,111.7,108.04,102.25,0.4663,0.3838,1.0,0.5,121.4,,3.15,3,3,0,0,0,110.0,119.5,0.375,8
518,0022500701,2026-01-31,2025-26,Regular Season,111,107,9,6,HOU,DAL,109.4,111.26,109.42,97.16,0.4553,0.3572,1.0,0.7,108.14,,118.4,114.62,112.21,103.35,0.4802,0.3496,1.0,0.5,110.5,,6.19,3,12,-9,0,0,114.45454545454545,112.36363636363636,0.45454545454545453,11
517,0022500698,2026-01-31,2025-26,Regular Season,129,124,18,1,IND,ATL,108.1,106.76,112.03,101.75,0.4414,0.3494,1.0,0.5,112.4,,112.6,110.57,114.43,101.7,0.4498,0.3698,1.0,0.5,116.4,,0.05,3,3,0,0,0,131.33333333333334,124.66666666666667,0.5555555555555556,9
507,0022500704,2026-02-01,2025-26,Regular Season,130,77,29,15,DET,BKN,111.6,110.96,105.66,100.65,0.4639,0.3201,1.0,0.7,111.33,,103.9,109.36,122.15,93.4,0.4359,0.3587,1.0,0.2,97.71,,7.25,7,2,5,0,0,113.375,107.5,0.625,8
506,0022500711,2026-02-01,2025-26,Regular Season,111,121,7,24,DEN,OKC,110.0,116.27,115.03,94.4,0.4711,0.3892,1.0,0.7,108.5,,116.2,116.71,106.93,99.65,0.4937,0.3599,1.0,0.6,120.0,,5.25,2,3,-1,0,0,107.71428571428571,116.28571428571429,0.35714285714285715,14
510,0022500706,2026-02-01,2025-26,Regular Season,107,100,25,26,TOR,UTA,111.9,112.49,113.55,98.42,0.471,0.3265,1.0,0.5,103.67,,115.6,112.62,125.84,102.55,0.4926,0.3436,1.0,0.1,119.5,,4.13,4,13,-9,0,0,119.0,124.5,0.5,4
509,0022500710,2026-02-01,2025-26,Regular Season,111,130,21,3,POR,CLE,110.4,109.03,111.72,101.35,0.4493,0.315,1.0,0.4,117.6,,115.8,115.88,110.92,100.15,0.4766,0.372,1.0,0.7,115.2,,1.2,9,2,7,0,0,112.0,113.8,0.4,5
508,0022500707,2026-02-01,2025-26,Regular Season,116,112,28,22,WAS,SAC,108.1,106.73,115.79,101.1,0.4315,0.3216,1.0,0.2,107.6,,110.1,111.68,119.56,98.4,0.4784,0.3558,1.0,0.2,105.0,,2.7,2,2,0,0,0,114.2,121.4,0.4,5
513,0022500705,2026-02-01,2025-26,Regular Season,134,91,12,5,MIA,CHI,120.4,114.04,114.65,105.5,0.4386,0.3458,1.0,0.5,119.5,,119.9,118.69,114.03,101.25,0.494,0.4241,1.0,0.6,116.0,,4.25,1,1,0,1,1,117.0,115.3,0.4,10
512,0022500702,2026-02-01,2025-26,Regular Season,107,79,2,13,BOS,MIL,113.0,116.04,109.69,95.55,0.4537,0.3489,1.0,0.6,109.75,,106.4,108.77,119.09,98.0,0.466,0.3764,1.0,0.2,108.0,,2.45,2,3,-1,0,0,109.75,113.75,0.625,8
511,0022500709,2026-02-01,2025-26,Regular Season,93,117,20,10,PHX,LAC,112.5,114.94,111.37,98.25,0.4633,0.3576,1.0,0.6,112.0,,113.7,115.65,110.14,97.52,0.4766,0.3581,1.0,0.8,110.5,,0.73,2,2,0,0,0,113.72727272727273,115.81818181818181,0.6363636363636364,11
505,0022500703,2026-02-01,2025-26,Regular Season,112,103,23,17,SAS,ORL,111.3,113.47,111.27,98.05,0.4652,0.3526,1.0,0.5,115.75,,111.3,111.47,117.12,98.55,0.4476,0.3403,1.0,0.4,113.25,,0.5,7,4,3,0,0,107.8,115.0,0.2,5
514,0022500708,2026-02-01,2025-26,Regular Season,112,100,16,11,NYK,LAL,111.4,114.07,104.67,97.75,0.4634,0.3578,1.0,0.6,109.2,,118.9,119.09,117.0,99.6,0.5075,0.407,1.0,0.6,117.29,,1.85,2,2,0,0,0,110.0,115.75,0.25,4
502,0022500713,2026-02-02,2025-26,Regular Season,114,118,18,9,IND,HOU,108.7,107.72,114.65,101.35,0.4504,0.3538,1.0,0.5,113.6,,108.6,109.94,108.46,97.51,0.4459,0.3665,1.0,0.7,112.33,,3.84,2,4,-2,0,0,120.4,120.8,0.6,5
504,0022500715,2026-02-02,2025-26,Regular Season,113,128,10,19,LAC,PHI,115.6,118.17,110.83,96.97,0.4853,0.3601,1.0,0.8,118.5,,115.1,115.34,118.02,99.06,0.4769,0.3542,1.0,0.5,93.0,,2.09,8,7,1,0,0,111.6,107.0,0.6,5
503,0022500714,2026-02-02,2025-26,Regular Season,137,128,27,14,MEM,MIN,112.1,112.86,116.88,99.35,0.4569,0.3336,1.0,0.2,112.86,,116.9,114.16,108.92,102.45,0.4758,0.4016,1.0,0.5,123.0,,3.1,2,2,0,0,0,110.44444444444444,120.77777777777777,0.3333333333333333,9
501,0022500712,2026-02-02,2025-26,Regular Season,102,95,30,4,CHA,NOP,116.7,120.85,109.58,96.7,0.4865,0.3863,1.0,0.8,111.75,,112.5,113.0,115.89,99.3,0.4449,0.327,1.0,0.4,112.5,,2.6,2,2,0,0,0,109.6,110.0,0.2,5
494,0022500717,2026-02-03,2025-26,Regular Season,122,131,18,26,IND,UTA,110.3,108.7,116.26,101.95,0.4534,0.3568,1.0,0.4,116.8,,113.0,110.1,123.46,102.7,0.4735,0.3372,1.0,0.1,113.0,,0.75,1,2,-1,1,0,121.25,126.75,0.5,4
496,0022500718,2026-02-03,2025-26,Regular Season,101,132,28,16,WAS,NYK,110.4,109.63,116.47,100.5,0.4443,0.3402,1.0,0.3,109.0,,110.3,113.81,104.02,97.05,0.4602,0.3637,1.0,0.6,111.25,,3.45,2,6,-4,0,0,107.75,123.875,0.0,8
495,0022500720,2026-02-03,2025-26,Regular Season,115,127,12,1,MIA,ATL,122.4,114.93,110.75,106.5,0.4443,0.3469,1.0,0.6,124.5,,112.6,109.67,115.49,102.4,0.4483,0.3706,1.0,0.4,116.4,,4.1,2,3,-1,0,0,115.25,110.375,0.625,8
492,0022500725,2026-02-03,2025-26,Regular Season,125,130,21,20,POR,PHX,110.1,108.3,112.17,101.65,0.4466,0.316,1.0,0.4,117.0,,109.7,113.08,111.36,97.4,0.4535,0.3697,1.0,0.6,111.2,,4.25,2,11,-9,0,0,109.33333333333333,114.77777777777777,0.3333333333333333,9
493,0022500723,2026-02-03,2025-26,Regular Season,128,92,24,17,OKC,ORL,115.9,117.23,107.37,99.05,0.4903,0.3701,1.0,0.6,109.5,,111.2,111.37,117.91,99.55,0.4489,0.3463,1.0,0.4,113.0,,0.5,7,2,5,0,0,111.5,99.5,1.0,4
500,0022500721,2026-02-03,2025-26,Regular Season,100,110,6,2,DAL,BOS,118.4,115.24,111.63,102.7,0.4819,0.356,1.0,0.5,120.38,,114.1,118.05,108.23,94.95,0.4528,0.3589,1.0,0.7,119.0,,7.75,5,10,-5,0,0,105.55555555555556,111.88888888888889,0.2222222222222222,9
498,0022500719,2026-02-03,2025-26,Regular Season,109,125,15,11,BKN,LAL,100.3,105.45,123.31,93.65,0.4214,0.3441,1.0,0.2,118.33,,114.8,116.02,117.55,98.75,0.4949,0.3797,1.0,0.5,115.13,,5.1,11,2,9,0,0,111.5,109.5,0.5,4
499,0022500722,2026-02-03,2025-26,Regular Season,131,115,13,5,MIL,CHI,103.0,105.96,119.16,97.05,0.4473,0.362,1.0,0.2,102.67,,116.2,114.52,114.44,101.7,0.4751,0.3992,1.0,0.5,111.0,,4.65,11,2,9,0,0,118.22222222222223,111.66666666666667,0.6666666666666666,9
497,0022500724,2026-02-03,2025-26,Regular Season,94,113,8,19,GSW,PHI,121.6,116.25,110.32,104.75,0.4786,0.3776,1.0,0.6,127.83,,117.2,118.42,117.13,98.21,0.4844,0.3699,1.0,0.6,110.5,,6.54,4,1,3,0,1,120.4,108.2,0.6,5
491,0022500716,2026-02-03,2025-26,Regular Season,124,121,29,7,DET,DEN,115.4,114.76,103.48,100.7,0.4806,0.3347,1.0,0.8,117.67,,108.9,115.16,115.65,94.35,0.4717,0.3949,1.0,0.6,109.0,,6.35,2,11,-9,0,0,113.2,122.6,0.2,5
486,0022500726,2026-02-04,2025-26,Regular Season,134,127,16,7,NYK,DEN,113.4,116.78,102.71,97.2,0.4734,0.3901,1.0,0.7,109.67,,109.2,114.85,116.7,94.8,0.4669,0.3861,1.0,0.5,110.0,,2.4,3,1,2,0,1,122.25,106.75,0.75,4
485,0022500730,2026-02-04,2025-26,Regular Season,116,106,23,24,SAS,OKC,112.2,114.26,110.86,98.25,0.4766,0.346,1.0,0.6,115.0,,116.8,117.9,106.44,99.3,0.49,0.3677,1.0,0.6,120.17,,1.05,3,3,0,0,0,110.2,119.4,0.4,10
484,0022500732,2026-02-04,2025-26,Regular Season,91,124,10,3,LAC,CLE,115.2,117.87,112.7,96.97,0.4997,0.358,1.0,0.7,117.5,,117.6,117.86,109.76,100.05,0.4869,0.3776,1.0,0.8,117.67,,3.08,2,3,-1,0,0,117.4,120.4,0.4,5
490,0022500729,2026-02-04,2025-26,Regular Season,141,137,13,4,MIL,NOP,105.6,107.77,119.8,97.75,0.4507,0.3872,1.0,0.2,109.75,,110.4,111.3,114.09,99.0,0.4389,0.3215,1.0,0.4,110.0,,1.25,1,2,-1,1,0,122.0,110.5,0.75,4
489,0022500731,2026-02-04,2025-26,Regular Season,125,129,22,27,SAC,MEM,110.1,111.92,121.3,98.2,0.4775,0.3569,1.0,0.1,116.0,,114.2,114.86,117.87,99.45,0.4603,0.3458,1.0,0.3,110.33,,1.25,14,5,9,0,0,116.25,114.875,0.625,8
488,0022500728,2026-02-04,2025-26,Regular Season,93,114,9,2,HOU,BOS,111.3,112.88,108.65,97.46,0.4582,0.3691,1.0,0.8,109.67,,113.2,117.23,106.9,94.85,0.4567,0.3589,1.0,0.7,117.2,,2.61,4,1,3,0,1,109.6,116.6,0.4,5
487,0022500727,2026-02-04,2025-26,Regular Season,126,128,25,14,TOR,MIN,112.4,111.93,111.03,99.37,0.4725,0.3446,1.0,0.6,105.33,,115.8,113.59,112.26,102.15,0.4649,0.3882,1.0,0.4,121.17,,2.78,3,2,1,0,0,98.66666666666667,116.66666666666667,0.3333333333333333,3
481,0022500734,2026-02-05,2025-26,Regular Season,118,98,17,15,ORL,BKN,111.3,111.38,120.6,99.55,0.4462,0.3642,1.0,0.4,113.8,,100.0,104.6,124.44,94.1,0.4264,0.321,1.0,0.1,92.57,,5.45,6,4,2,0,0,108.11111111111111,101.22222222222223,0.8888888888888888,9
476,0022500737,2026-02-05,2025-26,Regular Season,99,109,9,30,HOU,CHA,109.6,111.88,110.61,96.71,0.4533,0.3629,1.0,0.7,106.83,,113.4,117.59,107.66,96.5,0.4722,0.3638,1.0,0.8,117.0,,0.21,1,7,-6,1,0,119.0,105.0,0.6666666666666666,3
483,0022500733,2026-02-05,2025-26,Regular Season,117,126,29,28,DET,WAS,117.0,116.36,104.96,100.75,0.4794,0.348,1.0,0.8,120.33,,110.0,108.81,117.14,100.95,0.4394,0.3494,1.0,0.3,115.0,,0.2,2,12,-10,0,0,118.125,114.875,0.625,8
482,0022500740,2026-02-05,2025-26,Regular Season,119,115,11,19,LAL,PHI,115.6,116.34,114.35,99.2,0.5028,0.3655,1.0,0.6,110.0,,117.0,119.11,115.64,97.46,0.4823,0.3666,1.0,0.7,111.33,,1.74,18,2,16,0,0,105.4,112.8,0.6,5
479,0022500735,2026-02-05,2025-26,Regular Season,121,119,1,26,ATL,UTA,113.7,110.05,112.42,102.95,0.4518,0.3843,1.0,0.5,108.8,,113.9,111.61,122.11,102.1,0.4813,0.3542,1.0,0.2,115.25,,0.85,7,2,5,0,0,129.8,119.6,0.8,5
478,0022500736,2026-02-05,2025-26,Regular Season,123,107,25,5,TOR,CHI,113.5,112.3,112.93,100.02,0.4759,0.3573,1.0,0.5,110.5,,116.8,114.78,116.11,101.95,0.4714,0.4051,1.0,0.5,112.2,,1.93,1,2,-1,1,0,115.57142857142857,119.57142857142857,0.2857142857142857,7
477,0022500739,2026-02-05,2025-26,Regular Season,97,101,20,8,PHX,GSW,112.2,115.98,113.32,97.15,0.4636,0.3815,1.0,0.7,108.2,,119.1,114.91,113.23,103.65,0.4788,0.3768,1.0,0.5,112.25,,6.5,4,8,-4,0,0,111.9,113.1,0.5,10
480,0022500738,2026-02-05,2025-26,Regular Season,123,135,6,23,DAL,SAS,117.1,113.89,112.27,102.65,0.4729,0.34,1.0,0.4,118.75,,114.0,114.99,108.43,99.25,0.4812,0.3442,1.0,0.7,112.25,,3.4,2,5,-3,0,0,118.0,112.625,0.75,8
472,0022500741,2026-02-06,2025-26,Regular Season,98,96,2,12,BOS,MIA,111.4,117.33,107.02,93.4,0.4495,0.3539,1.0,0.7,109.2,,121.7,113.6,110.74,107.1,0.4512,0.3319,1.0,0.5,121.0,,13.7,5,8,-3,0,0,112.07692307692308,99.6923076923077,0.8461538461538461,13
470,0022500746,2026-02-06,2025-26,Regular Season,111,114,22,10,SAC,LAC,109.8,111.62,122.55,98.25,0.4645,0.3391,1.0,0.0,115.25,,112.4,114.66,114.41,97.22,0.499,0.3416,1.0,0.6,113.67,,1.03,2,5,-3,0,0,103.77777777777777,111.77777777777777,0.2222222222222222,9
471,0022500743,2026-02-06,2025-26,Regular Season,105,99,13,18,MIL,IND,109.3,110.24,121.24,97.85,0.4669,0.3907,1.0,0.3,116.0,,112.4,109.91,117.0,102.7,0.4686,0.3641,1.0,0.4,103.8,,4.85,2,11,-9,0,0,115.76190476190476,117.0,0.42857142857142855,21
474,0022500744,2026-02-06,2025-26,Regular Season,115,119,14,4,MIN,NOP,118.1,115.19,113.27,102.7,0.4691,0.3925,1.0,0.5,107.75,,112.5,112.51,115.86,98.76,0.4425,0.3404,1.0,0.3,113.38,,3.94,8,2,6,0,0,120.125,115.625,0.625,8
475,0022500742,2026-02-06,2025-26,Regular Season,118,80,29,16,DET,NYK,116.6,116.83,110.28,99.9,0.4765,0.3282,1.0,0.7,119.67,,115.5,116.83,100.75,96.99,0.4772,0.3893,1.0,0.8,121.0,,2.91,1,3,-2,1,0,110.0,111.21428571428571,0.42857142857142855,14
473,0022500745,2026-02-06,2025-26,Regular Season,135,115,21,27,POR,MEM,112.9,111.55,113.9,101.2,0.4527,0.3208,1.0,0.4,118.33,,116.8,116.06,119.47,100.55,0.4683,0.3573,1.0,0.3,115.0,,0.65,3,2,1,0,0,104.5,111.16666666666667,0.5,6
465,0022500749,2026-02-07,2025-26,Regular Season,138,125,23,6,SAS,DAL,115.6,115.71,109.62,100.05,0.4811,0.3425,1.0,0.7,114.4,,118.5,114.04,112.72,103.7,0.4773,0.364,1.0,0.4,110.5,,3.65,3,7,-4,0,0,115.11111111111111,118.55555555555556,0.3333333333333333,9
469,0022500747,2026-02-07,2025-26,Regular Season,127,113,15,28,BKN,WAS,99.6,103.63,123.12,94.6,0.4221,0.3086,1.0,0.1,117.33,,111.1,109.89,116.06,100.95,0.4443,0.3609,1.0,0.4,118.67,,6.35,4,2,2,0,0,111.75,111.125,0.5,8
468,0022500753,2026-02-07,2025-26,Regular Season,105,99,11,8,LAL,GSW,115.9,116.18,112.32,99.55,0.5091,0.3596,1.0,0.7,114.5,,116.6,112.73,112.11,103.2,0.4683,0.3688,1.0,0.5,110.0,,3.65,2,2,0,0,0,119.33333333333333,123.22222222222223,0.4444444444444444,9
463,0022500754,2026-02-07,2025-26,Regular Season,103,109,20,19,PHX,PHI,111.3,115.48,113.78,96.85,0.4684,0.383,1.0,0.6,106.33,,117.2,118.87,116.68,97.86,0.4882,0.358,1.0,0.6,112.25,,1.01,2,2,0,0,0,114.5,106.75,1.0,4
467,0022500750,2026-02-07,2025-26,Regular Season,120,117,17,26,ORL,UTA,110.3,110.21,118.05,99.8,0.4475,0.3465,1.0,0.4,111.8,,113.8,111.87,120.8,101.8,0.4739,0.3619,1.0,0.2,115.0,,2.0,2,2,0,0,0,108.5,113.0,0.5,4
466,0022500751,2026-02-07,2025-26,Regular Season,119,126,1,30,ATL,CHA,115.7,112.56,113.19,102.45,0.4576,0.3754,1.0,0.6,110.83,,112.7,117.57,104.54,95.95,0.4679,0.3669,1.0,0.9,115.6,,6.5,2,2,0,0,0,119.22222222222223,111.88888888888889,0.6666666666666666,9
461,0022500748,2026-02-07,2025-26,Regular Season,106,112,24,9,OKC,HOU,116.3,116.67,108.39,99.9,0.4837,0.3691,1.0,0.5,111.75,,107.6,110.07,110.85,96.46,0.4491,0.3616,1.0,0.6,113.75,,3.44,4,5,-1,0,0,118.8,114.1,0.6,10
460,0022500756,2026-02-07,2025-26,Regular Season,126,132,22,3,SAC,CLE,109.9,112.28,122.49,97.9,0.4603,0.3306,1.0,0.0,115.5,,116.7,117.35,108.56,99.7,0.4853,0.3731,1.0,0.8,116.17,,1.8,1,3,-2,1,0,117.75,122.75,0.5,4
464,0022500755,2026-02-07,2025-26,Regular Season,122,115,21,27,POR,MEM,114.7,113.28,115.25,101.2,0.4618,0.3309,1.0,0.4,121.33,,117.2,116.13,120.77,100.85,0.4702,0.3467,1.0,0.3,115.0,,0.35,1,1,0,1,1,108.85714285714286,111.71428571428571,0.5714285714285714,7
462,0022500752,2026-02-07,2025-26,Regular Season,120,136,5,7,CHI,DEN,115.1,112.45,118.23,102.2,0.4644,0.3983,1.0,0.4,120.75,,109.8,114.31,117.38,93.89,0.4578,0.3721,1.0,0.4,114.25,,8.31,9,3,6,0,0,123.5,120.25,0.75,4
456,0022500757,2026-02-08,2025-26,Regular Season,89,111,2,16,BOS,NYK,110.9,116.9,106.16,93.35,0.4514,0.35,1.0,0.8,107.33,,113.6,114.49,102.04,97.14,0.4724,0.3817,1.0,0.8,110.75,,3.79,2,2,0,0,0,113.8,108.93333333333334,0.6,15
459,0022500758,2026-02-08,2025-26,Regular Season,101,132,28,12,WAS,MIA,110.9,109.91,116.91,100.75,0.4453,0.3609,1.0,0.4,107.86,,120.1,113.45,108.77,105.65,0.4535,0.3355,1.0,0.5,118.33,,4.9,5,2,3,0,0,103.66666666666667,113.5,0.3333333333333333,6
458,0022500760,2026-02-08,2025-26,Regular Season,96,115,14,10,MIN,LAC,117.3,114.75,112.81,102.45,0.4645,0.3838,1.0,0.5,109.2,,111.7,114.66,114.49,97.6,0.4992,0.3484,1.0,0.6,112.5,,4.85,2,2,0,0,0,106.75,97.25,0.875,8
457,0022500759,2026-02-08,2025-26,Regular Season,122,104,25,18,TOR,IND,114.1,114.03,112.56,100.1,0.4839,0.3652,1.0,0.6,112.0,,109.6,107.33,116.14,102.3,0.4614,0.3571,1.0,0.3,103.0,,2.2,3,2,1,0,0,119.4,116.8,0.7,10
447,0022500770,2026-02-09,2025-26,Regular Season,135,118,21,19,POR,PHI,113.7,111.92,114.92,101.45,0.4579,0.334,1.0,0.4,119.67,,117.1,119.61,116.36,97.01,0.4936,0.3635,1.0,0.7,111.6,,4.44,2,2,0,0,0,117.33333333333333,110.33333333333333,0.6666666666666666,3
451,0022500762,2026-02-09,2025-26,Regular Season,123,115,15,5,BKN,CHI,100.6,103.46,120.37,95.55,0.4264,0.3033,1.0,0.2,120.67,,113.3,110.94,121.05,102.0,0.4525,0.3843,1.0,0.3,111.33,,6.45,2,4,-2,0,0,112.75,113.625,0.625,8
450,0022500764,2026-02-09,2025-26,Regular Season,118,99,17,13,ORL,MIL,110.5,109.06,117.23,101.15,0.4472,0.3407,1.0,0.4,113.17,,109.2,111.15,118.39,96.91,0.465,0.3848,1.0,0.4,102.6,,4.24,2,8,-6,0,0,106.42857142857143,111.0,0.2857142857142857,7
449,0022500765,2026-02-09,2025-26,Regular Season,138,116,14,1,MIN,ATL,114.7,112.93,112.57,101.7,0.4651,0.3782,1.0,0.5,107.0,,117.0,114.73,113.61,101.65,0.4692,0.3914,1.0,0.6,123.0,,0.05,1,6,-5,1,0,103.75,110.25,0.5,4
448,0022500769,2026-02-09,2025-26,Regular Season,110,119,11,24,LAL,OKC,115.4,115.54,112.94,99.6,0.5116,0.3614,1.0,0.7,112.0,,114.9,115.72,107.98,99.45,0.4743,0.3632,1.0,0.5,119.2,,0.15,2,5,-3,0,0,112.25,114.875,0.5,8
446,0022500761,2026-02-09,2025-26,Regular Season,104,110,30,29,CHA,DET,114.3,117.77,106.69,97.05,0.4669,0.3807,1.0,0.9,109.8,,118.0,118.34,107.62,100.0,0.4863,0.3393,1.0,0.7,112.0,,2.95,7,10,-3,0,0,102.28571428571429,111.0,0.2857142857142857,7
454,0022500767,2026-02-09,2025-26,Regular Season,117,119,7,3,DEN,CLE,114.7,117.79,116.35,95.39,0.4749,0.3995,1.0,0.5,110.8,,118.2,118.35,109.18,100.1,0.4858,0.3545,1.0,0.8,118.67,,4.71,8,2,6,0,0,119.2,122.0,0.2,5
453,0022500766,2026-02-09,2025-26,Regular Season,120,94,4,22,NOP,SAC,112.5,112.51,114.49,98.8,0.4463,0.3426,1.0,0.4,109.0,,110.8,113.49,123.05,97.6,0.4608,0.3371,1.0,0.0,106.17,,1.2,10,8,2,0,0,124.33333333333333,114.55555555555556,0.6666666666666666,9
452,0022500763,2026-02-09,2025-26,Regular Season,111,115,12,26,MIA,UTA,120.3,113.76,107.16,105.65,0.4526,0.3302,1.0,0.5,122.75,,114.5,111.15,119.03,103.2,0.4815,0.3591,1.0,0.2,116.75,,2.45,6,2,4,0,0,115.8,116.2,0.6,5
455,0022500768,2026-02-09,2025-26,Regular Season,114,113,8,27,GSW,MEM,112.9,109.61,111.56,102.7,0.4559,0.3521,1.0,0.4,120.0,,116.1,115.05,121.71,101.0,0.4675,0.3517,1.0,0.2,112.8,,1.7,6,2,4,0,0,120.875,118.875,0.75,8
442,0022500773,2026-02-10,2025-26,Regular Season,120,111,20,6,PHX,DAL,109.0,112.05,111.9,97.6,0.4511,0.3556,1.0,0.5,105.86,,116.6,112.43,114.29,103.6,0.4644,0.3632,1.0,0.3,115.33,,6.0,3,3,0,0,0,115.5,112.875,0.625,8
443,0022500772,2026-02-10,2025-26,Regular Season,102,95,9,10,HOU,LAC,107.7,110.53,111.07,96.21,0.4431,0.3595,1.0,0.6,102.0,,112.2,115.3,113.58,97.5,0.5043,0.3824,1.0,0.6,113.33,,1.29,5,2,3,0,0,115.625,114.375,0.625,8
444,0022500771,2026-02-10,2025-26,Regular Season,134,137,16,18,NYK,IND,115.0,117.32,100.65,95.94,0.4806,0.3927,1.0,0.9,119.2,,112.2,110.4,116.87,101.6,0.4709,0.3706,1.0,0.3,107.33,,5.66,6,2,4,0,0,115.05,116.8,0.45,20
445,0022500774,2026-02-10,2025-26,Regular Season,108,136,11,23,LAL,SAS,114.9,114.42,113.7,100.05,0.511,0.3537,1.0,0.6,111.33,,116.8,115.64,108.68,101.05,0.4867,0.343,1.0,0.7,116.8,,1.0,1,5,-4,1,0,115.4,117.2,0.6,10
437,0022500787,2026-02-11,2025-26,Regular Season,122,116,7,27,DEN,MEM,115.7,118.23,116.26,95.84,0.4748,0.3915,1.0,0.5,112.8,,115.2,114.4,121.19,100.7,0.4719,0.3487,1.0,0.2,112.83,,4.86,2,2,0,0,0,121.42857142857143,108.28571428571429,0.8571428571428571,7
436,0022500781,2026-02-11,2025-26,Regular Season,95,113,25,29,TOR,DET,117.0,116.17,111.2,100.8,0.4895,0.38,1.0,0.7,114.0,,117.8,119.43,108.48,99.05,0.4891,0.3208,1.0,0.7,111.5,,1.75,3,2,1,0,0,112.42857142857143,113.71428571428571,0.14285714285714285,7
434,0022500777,2026-02-11,2025-26,Regular Season,108,116,17,13,ORL,MIL,111.4,109.96,114.98,100.95,0.4495,0.3437,1.0,0.5,114.67,,109.0,110.94,118.17,96.96,0.4727,0.3858,1.0,0.4,102.2,,3.99,2,2,0,0,0,107.875,109.5,0.375,8
441,0022500784,2026-02-11,2025-26,Regular Season,111,123,4,12,NOP,MIA,113.5,113.52,111.96,98.8,0.4503,0.3451,1.0,0.5,112.67,,120.4,113.85,105.89,105.7,0.4487,0.3435,1.0,0.5,120.4,,6.9,2,3,-1,0,0,104.8,118.2,0.2,5
440,0022500775,2026-02-11,2025-26,Regular Season,110,107,30,1,CHA,ATL,116.0,119.77,108.86,96.75,0.4747,0.4041,1.0,0.9,113.2,,117.6,114.59,115.52,102.25,0.469,0.3939,1.0,0.6,121.6,,5.5,2,2,0,0,0,113.3,119.2,0.4,10
438,0022500779,2026-02-11,2025-26,Regular Season,110,115,15,18,BKN,IND,106.3,107.75,118.22,97.0,0.4484,0.3238,1.0,0.3,121.25,,115.5,112.02,117.42,101.88,0.4748,0.3724,1.0,0.4,112.83,,4.88,2,1,1,0,1,104.75,110.5,0.375,8
439,0022500785,2026-02-11,2025-26,Regular Season,109,136,20,24,PHX,OKC,109.4,112.65,112.3,97.35,0.4556,0.3466,1.0,0.5,107.63,,113.2,115.03,109.37,98.65,0.467,0.3567,1.0,0.5,115.8,,1.3,1,2,-1,1,0,104.125,122.0,0.125,8
430,0022500782,2026-02-11,2025-26,Regular Season,102,105,9,10,HOU,LAC,105.7,109.88,108.98,96.05,0.4422,0.3645,1.0,0.7,102.0,,110.7,114.74,111.28,96.5,0.4985,0.3758,1.0,0.6,110.83,,0.45,1,1,0,1,1,114.11111111111111,112.22222222222223,0.6666666666666666,9
432,0022500780,2026-02-11,2025-26,Regular Season,89,138,19,16,PHI,NYK,116.1,118.87,117.98,97.75,0.4854,0.3658,1.0,0.6,121.25,,116.4,116.38,105.57,96.87,0.4731,0.3731,1.0,0.8,110.8,,0.88,11,3,8,0,0,103.76470588235294,109.17647058823529,0.29411764705882354,17
431,0022500783,2026-02-11,2025-26,Regular Season,133,109,14,21,MIN,POR,117.0,114.65,111.78,102.1,0.4787,0.3797,1.0,0.6,110.83,,115.5,113.58,115.71,101.5,0.4582,0.3497,1.0,0.4,100.67,,0.6,2,12,-10,0,0,116.55555555555556,105.44444444444444,0.7777777777777778,9
429,0022500778,2026-02-11,2025-26,Regular Season,124,105,2,5,BOS,CHI,107.9,114.59,107.93,92.55,0.4407,0.3284,1.0,0.7,102.33,,112.8,110.26,121.38,102.3,0.4523,0.3685,1.0,0.2,110.5,,9.75,3,2,1,0,0,121.55555555555556,109.0,0.7777777777777778,9
428,0022500786,2026-02-11,2025-26,Regular Season,121,93,26,22,UTA,SAC,113.3,110.11,118.08,103.1,0.4687,0.3455,1.0,0.2,110.2,,109.3,112.19,122.97,97.45,0.4546,0.3227,1.0,0.0,104.43,,5.65,12,2,10,0,0,106.625,121.125,0.125,8
433,0022500776,2026-02-11,2025-26,Regular Season,138,113,3,28,CLE,WAS,119.7,120.77,108.17,99.3,0.4951,0.3649,1.0,0.9,122.0,,110.4,108.73,118.26,101.45,0.4442,0.3571,1.0,0.4,118.0,,2.15,14,4,10,0,0,126.2,107.5,1.0,10
435,0022500788,2026-02-11,2025-26,Regular Season,113,126,8,23,GSW,SAS,110.8,108.28,112.17,102.15,0.4573,0.3383,1.0,0.4,114.75,,118.1,116.17,107.79,101.7,0.4875,0.3403,1.0,0.7,120.0,,0.45,2,1,1,0,1,116.33333333333333,111.66666666666667,0.6666666666666666,9
425,0022500791,2026-02-12,2025-26,Regular Season,124,104,11,6,LAL,DAL,115.3,113.91,114.98,100.95,0.5137,0.3644,1.0,0.6,110.5,,113.9,109.68,114.18,103.7,0.4587,0.342,1.0,0.2,114.25,,2.75,2,2,0,0,0,114.25,110.5,0.625,8
426,0022500789,2026-02-12,2025-26,Regular Season,93,110,24,13,OKC,MIL,114.6,116.77,110.32,98.45,0.471,0.3595,1.0,0.5,110.6,,109.4,112.54,119.13,95.96,0.4714,0.3803,1.0,0.4,103.0,,2.49,5,1,4,0,1,117.2,105.6,0.8,5
427,0022500790,2026-02-12,2025-26,Regular Season,119,135,26,21,UTA,POR,114.5,110.96,114.69,103.3,0.4756,0.346,1.0,0.3,112.6,,113.7,111.16,117.44,102.05,0.4508,0.3453,1.0,0.3,102.75,,1.25,1,1,0,1,1,122.44444444444444,120.22222222222223,0.4444444444444444,9
416,0022500800,2026-02-19,2025-26,Regular Season,94,131,22,17,SAC,ORL,106.8,109.24,122.28,97.85,0.4418,0.3045,1.0,0.0,120.67,,112.5,111.49,114.4,100.7,0.4504,0.3485,1.0,0.5,106.5,,2.85,12,16,-4,0,0,112.25,123.25,0.5,4
420,0022500793,2026-02-19,2025-26,Regular Season,112,84,3,15,CLE,BKN,124.1,124.0,109.87,100.25,0.5102,0.387,1.0,0.9,126.0,,104.7,107.08,117.67,98.1,0.4489,0.3367,1.0,0.3,96.33,,2.15,8,14,-6,0,0,114.375,105.375,0.875,8
419,0022500792,2026-02-19,2025-26,Regular Season,101,105,30,9,CHA,HOU,114.6,117.72,109.46,97.2,0.4578,0.3942,1.0,0.9,112.67,,104.8,109.64,109.66,95.5,0.4391,0.3632,1.0,0.6,111.33,,1.7,8,12,-4,0,0,106.0,114.0,0.5,4
423,0022500795,2026-02-19,2025-26,Regular Season,112,105,28,18,WAS,IND,112.0,109.39,120.13,102.4,0.4465,0.3573,1.0,0.4,108.83,,116.6,112.99,116.42,101.98,0.4843,0.3814,1.0,0.5,114.67,,0.42,11,8,3,0,0,109.375,119.75,0.25,8
418,0022500796,2026-02-19,2025-26,Regular Season,111,126,16,29,NYK,DET,119.0,118.35,102.97,97.42,0.4817,0.3845,1.0,0.8,122.0,,118.7,120.97,107.37,98.55,0.4876,0.3401,1.0,0.8,111.8,,1.13,9,8,1,0,0,109.13333333333334,110.53333333333333,0.5333333333333333,15
417,0022500794,2026-02-19,2025-26,Regular Season,107,117,19,1,PHI,ATL,114.1,116.27,119.95,98.3,0.4723,0.3536,1.0,0.6,116.25,,115.9,113.59,114.79,101.75,0.4663,0.3773,1.0,0.5,118.2,,3.45,8,8,0,0,0,123.0,127.33333333333333,0.2222222222222222,9
424,0022500797,2026-02-19,2025-26,Regular Season,101,110,5,25,CHI,TOR,111.9,108.69,122.09,102.8,0.4478,0.3551,1.0,0.1,117.0,,112.0,112.45,111.25,99.65,0.4729,0.3495,1.0,0.6,113.75,,3.15,12,20,-8,0,0,118.0,116.5,0.625,8
422,0022500799,2026-02-19,2025-26,Regular Season,110,121,8,2,GSW,BOS,109.4,107.59,111.22,101.5,0.4519,0.3351,1.0,0.4,111.25,,107.3,115.55,107.3,93.15,0.4473,0.3253,1.0,0.7,111.67,,8.35,8,15,-7,0,0,105.75,125.75,0.5,4
421,0022500798,2026-02-19,2025-26,Regular Season,121,94,23,20,SAS,PHX,120.1,118.45,107.99,101.6,0.498,0.3379,1.0,0.8,115.25,,110.0,113.92,115.73,96.75,0.4581,0.3499,1.0,0.5,130.0,,4.85,12,16,-4,0,0,105.85714285714286,114.85714285714286,0.2857142857142857,7
415,0022500801,2026-02-19,2025-26,Regular Season,115,114,10,7,LAC,DEN,110.0,114.48,111.86,95.95,0.4977,0.3764,1.0,0.6,110.0,,117.2,119.53,117.88,96.09,0.4833,0.4024,1.0,0.5,121.5,,0.14,15,12,3,0,0,108.5,112.0625,0.4375,16
413,0022500808,2026-02-20,2025-26,Regular Season,105,86,24,15,OKC,BKN,112.5,115.48,110.45,97.7,0.4595,0.3659,1.0,0.5,106.4,,104.2,106.92,116.87,97.65,0.4493,0.3444,1.0,0.3,95.5,,0.05,8,1,7,0,1,123.75,113.5,0.75,4
414,0022500802,2026-02-20,2025-26,Regular Season,113,118,30,3,CHA,CLE,112.8,116.44,109.24,96.6,0.4488,0.3886,1.0,0.8,109.67,,123.0,123.0,106.28,100.25,0.5156,0.3852,1.0,0.9,122.83,,3.65,1,11,-10,1,0,110.6,115.7,0.3,10
412,0022500805,2026-02-20,2025-26,Regular Season,97,128,1,12,ATL,MIA,116.6,113.74,114.68,102.25,0.4559,0.3586,1.0,0.5,114.5,,118.0,112.55,106.22,104.91,0.4464,0.3329,1.0,0.5,115.6,,2.66,13,9,4,0,0,112.22222222222223,115.22222222222223,0.4444444444444444,9
408,0022500807,2026-02-20,2025-26,Regular Season,118,139,4,13,NOP,MIL,114.2,114.1,113.03,98.86,0.4541,0.3587,1.0,0.5,115.0,,110.2,113.85,116.55,95.55,0.4683,0.3818,1.0,0.5,104.17,,3.31,9,8,1,0,0,115.8,125.8,0.2,5
410,0022500803,2026-02-20,2025-26,Regular Season,131,118,28,18,WAS,IND,111.7,108.28,117.92,103.2,0.4446,0.3512,1.0,0.5,109.29,,115.4,111.1,115.41,102.73,0.4784,0.375,1.0,0.4,112.67,,0.47,1,1,0,1,1,109.66666666666667,118.11111111111111,0.3333333333333333,9
407,0022500804,2026-02-20,2025-26,Regular Season,123,114,27,26,MEM,UTA,114.1,114.02,120.97,100.05,0.4692,0.3489,1.0,0.2,116.0,,114.8,111.74,114.19,102.8,0.4761,0.3548,1.0,0.3,116.4,,2.75,18,11,7,0,0,125.85714285714286,113.42857142857143,0.8571428571428571,7
409,0022500809,2026-02-20,2025-26,Regular Season,125,122,11,10,LAL,LAC,116.1,115.16,114.8,100.55,0.5251,0.3555,1.0,0.6,113.2,,108.9,112.88,113.88,96.4,0.4884,0.3526,1.0,0.5,110.0,,4.15,8,9,-1,0,0,110.3,109.2,0.6,10
411,0022500810,2026-02-20,2025-26,Regular Season,103,157,21,7,POR,DEN,117.4,113.8,117.45,102.9,0.4621,0.3555,1.0,0.4,125.6,,118.4,119.65,118.1,97.19,0.4884,0.4056,1.0,0.5,124.5,,5.71,11,1,10,0,1,115.0,121.22222222222223,0.3333333333333333,9
406,0022500806,2026-02-20,2025-26,Regular Season,122,111,14,6,MIN,DAL,121.8,118.71,111.02,102.65,0.4924,0.3867,1.0,0.7,118.83,,112.9,109.22,117.34,103.2,0.4593,0.322,1.0,0.1,111.75,,0.55,9,8,1,0,0,111.85714285714286,107.42857142857143,0.5714285714285714,14
401,0022500816,2026-02-21,2025-26,Regular Season,108,106,16,9,NYK,HOU,119.8,118.61,106.39,97.92,0.4814,0.3668,1.0,0.7,123.6,,104.5,110.01,110.3,95.0,0.4439,0.3616,1.0,0.6,109.75,,2.92,2,2,0,0,0,108.25,106.5,0.5,4
405,0022500811,2026-02-21,2025-26,Regular Season,113,110,20,17,PHX,ORL,109.2,113.51,117.32,96.3,0.4582,0.3585,1.0,0.5,108.5,,115.1,113.83,111.69,100.9,0.4597,0.375,1.0,0.6,111.4,,4.6,10,2,8,0,0,104.75,111.0,0.25,4
404,0022500815,2026-02-21,2025-26,Regular Season,139,122,23,22,SAS,SAC,119.6,118.32,106.67,101.35,0.4991,0.3311,1.0,0.8,116.4,,104.6,107.06,121.22,97.95,0.4301,0.2901,1.0,0.0,98.33,,3.4,2,10,-8,0,0,119.875,123.125,0.375,8
403,0022500813,2026-02-21,2025-26,Regular Season,136,120,12,27,MIA,MEM,119.7,114.1,105.54,105.06,0.4565,0.3443,1.0,0.5,120.4,,116.5,115.0,120.44,101.25,0.481,0.3664,1.0,0.3,115.67,,3.81,12,10,2,0,0,110.25,113.5,0.25,4
402,0022500814,2026-02-21,2025-26,Regular Season,110,126,5,29,CHI,DET,110.2,106.63,119.7,103.25,0.4373,0.3484,1.0,0.1,111.33,,117.4,119.55,106.98,98.55,0.4843,0.3318,1.0,0.8,114.17,,4.7,2,2,0,0,0,109.55555555555556,116.88888888888889,0.3333333333333333,9
400,0022500812,2026-02-21,2025-26,Regular Season,126,111,4,19,NOP,PHI,112.7,112.67,114.43,98.76,0.4616,0.3386,1.0,0.4,115.75,,115.5,117.24,118.12,98.75,0.4714,0.3569,1.0,0.6,116.6,,0.01,1,12,-11,1,0,115.2,109.4,0.8,5
398,0022500818,2026-02-22,2025-26,Regular Season,115,104,1,15,ATL,BKN,113.1,111.27,116.47,101.55,0.4438,0.3588,1.0,0.4,105.75,,102.6,104.06,115.49,98.75,0.4353,0.3209,1.0,0.3,92.83,,2.8,2,2,0,0,0,117.875,119.5,0.5,8
391,0022500817,2026-02-22,2025-26,Regular Season,121,113,24,3,OKC,CLE,112.9,115.47,108.54,98.0,0.4577,0.3774,1.0,0.6,107.2,,122.9,123.95,108.06,99.45,0.5157,0.3887,1.0,0.9,122.67,,1.45,2,2,0,0,0,130.66666666666666,115.66666666666667,0.6666666666666666,3
394,0022500824,2026-02-22,2025-26,Regular Season,108,135,14,19,MIN,PHI,123.2,120.13,113.73,102.55,0.4942,0.3848,1.0,0.7,121.17,,112.7,113.84,118.03,99.2,0.4572,0.3306,1.0,0.5,115.67,,3.35,2,1,1,0,1,116.25,111.75,0.75,4
393,0022500819,2026-02-22,2025-26,Regular Season,94,122,13,25,MIL,TOR,114.1,116.82,117.16,96.41,0.4881,0.3927,1.0,0.6,125.67,,110.8,110.63,110.08,100.15,0.4694,0.3405,1.0,0.6,110.75,,3.74,16,3,13,0,0,115.375,110.625,0.625,8
392,0022500826,2026-02-22,2025-26,Regular Season,77,92,20,21,PHX,POR,109.9,111.91,116.14,96.37,0.4366,0.3626,1.0,0.4,109.38,,118.3,113.41,121.31,104.2,0.4618,0.3624,1.0,0.4,113.0,,7.83,1,10,-9,1,0,116.3,110.9,0.7,10
397,0022500820,2026-02-22,2025-26,Regular Season,128,117,8,7,GSW,DEN,108.9,108.05,112.05,100.6,0.4519,0.3389,1.0,0.4,111.0,,123.4,122.54,115.7,98.89,0.4981,0.4223,1.0,0.6,131.0,,1.71,3,2,1,0,0,115.375,120.75,0.25,8
390,0022500822,2026-02-22,2025-26,Regular Season,112,129,28,30,WAS,CHA,113.3,109.44,118.18,103.55,0.4617,0.3283,1.0,0.5,111.57,,111.1,115.85,113.09,95.6,0.4313,0.3828,1.0,0.7,117.5,,7.95,2,15,-13,0,0,115.11111111111111,115.44444444444444,0.5555555555555556,9
389,0022500821,2026-02-22,2025-26,Regular Season,130,134,18,6,IND,DAL,115.6,111.09,115.43,102.78,0.48,0.3831,1.0,0.4,119.5,,111.7,108.3,118.2,103.0,0.4516,0.3169,1.0,0.0,111.6,,0.22,19,2,17,0,0,128.8,119.2,0.8,5
396,0022500827,2026-02-22,2025-26,Regular Season,109,111,10,17,LAC,ORL,109.6,113.35,115.68,96.7,0.4967,0.3516,1.0,0.4,106.33,,116.3,113.9,109.87,100.37,0.4622,0.3724,1.0,0.7,113.8,,3.67,3,1,2,0,1,100.25,101.5,0.75,4
395,0022500823,2026-02-22,2025-26,Regular Season,89,111,11,2,LAL,BOS,115.7,115.15,115.57,100.25,0.5208,0.3618,1.0,0.6,115.17,,108.3,115.7,106.02,93.85,0.4545,0.3359,1.0,0.8,115.0,,6.4,2,3,-1,0,0,110.4,112.8,0.4,5
399,0022500825,2026-02-22,2025-26,Regular Season,99,105,5,16,CHI,NYK,110.2,105.67,120.06,104.1,0.4348,0.3509,1.0,0.1,111.0,,118.7,118.2,108.23,97.42,0.4808,0.3685,1.0,0.7,115.25,,6.68,1,11,-10,1,0,118.77777777777777,119.88888888888889,0.4444444444444444,9
386,0022500829,2026-02-23,2025-26,Regular Season,114,123,27,22,MEM,SAC,118.8,115.47,120.98,102.85,0.4827,0.3663,1.0,0.3,124.67,,108.1,109.09,123.02,99.4,0.4368,0.3015,1.0,0.0,104.17,,3.45,3,2,1,0,0,116.44444444444444,117.22222222222223,0.4444444444444444,9
387,0022500828,2026-02-23,2025-26,Regular Season,103,114,29,23,DET,SAS,119.1,119.84,105.98,99.75,0.4861,0.3572,1.0,0.8,122.25,,124.0,120.96,106.93,102.8,0.5149,0.342,1.0,0.9,122.8,,3.05,17,12,5,0,0,112.5,114.75,0.5,4
388,0022500830,2026-02-23,2025-26,Regular Season,125,105,9,26,HOU,UTA,105.2,111.05,110.46,94.65,0.452,0.3655,1.0,0.6,101.4,,115.9,111.05,113.29,104.4,0.4805,0.3566,1.0,0.3,116.0,,9.75,12,3,9,0,0,125.44444444444444,115.77777777777777,0.6666666666666666,9
381,0022500831,2026-02-24,2025-26,Regular Season,114,135,18,19,IND,PHI,117.3,111.6,116.61,103.78,0.4853,0.389,1.0,0.3,123.75,,114.9,114.66,116.45,100.3,0.4545,0.3554,1.0,0.5,118.43,,3.48,2,2,0,0,0,115.0,111.0,0.5714285714285714,7
385,0022500840,2026-02-24,2025-26,Regular Season,109,110,11,17,LAL,ORL,114.7,114.21,113.83,100.15,0.5118,0.3637,1.0,0.6,111.43,,114.1,113.4,109.75,99.07,0.4604,0.3651,1.0,0.7,109.4,,1.08,2,2,0,0,0,112.0,118.5,0.0,2
384,0022500832,2026-02-24,2025-26,Regular Season,119,98,1,28,ATL,WAS,112.9,111.19,116.26,101.5,0.4437,0.3553,1.0,0.4,107.6,,113.6,110.56,122.05,102.85,0.4709,0.3483,1.0,0.4,117.33,,1.35,2,13,-11,0,0,122.44444444444444,121.22222222222223,0.5555555555555556,9
383,0022500833,2026-02-24,2025-26,Regular Season,114,123,15,6,BKN,DAL,102.7,103.05,115.31,99.6,0.4365,0.3184,1.0,0.3,117.25,,114.1,110.24,119.09,103.35,0.4644,0.3217,1.0,0.1,115.33,,3.75,13,2,11,0,0,107.4,116.0,0.2,5
380,0022500835,2026-02-24,2025-26,Regular Season,109,94,3,16,CLE,NYK,122.8,123.25,109.95,99.9,0.5108,0.378,1.0,0.8,126.33,,116.5,116.11,108.74,97.22,0.4775,0.362,1.0,0.7,113.2,,2.68,5,2,3,0,0,116.71428571428571,109.71428571428571,0.5714285714285714,7
375,0022500838,2026-02-24,2025-26,Regular Season,113,109,4,8,NOP,GSW,114.9,114.07,115.21,99.51,0.4708,0.3621,1.0,0.4,117.8,,110.6,109.46,114.84,100.85,0.4609,0.3479,1.0,0.4,105.75,,1.34,3,17,-14,0,0,106.875,111.625,0.25,8
379,0022500839,2026-02-24,2025-26,Regular Season,81,97,20,2,PHX,BOS,106.2,108.22,115.93,96.17,0.4263,0.3502,1.0,0.3,104.75,,109.2,116.85,105.7,93.65,0.4594,0.3366,1.0,0.8,114.0,,2.52,2,2,0,0,0,106.0,124.75,0.0,4
378,0022500834,2026-02-24,2025-26,Regular Season,107,116,25,24,TOR,OKC,112.0,112.25,109.87,99.9,0.4633,0.3443,1.0,0.6,110.83,,114.6,116.62,110.05,98.4,0.4663,0.3944,1.0,0.6,118.6,,1.5,13,13,0,0,0,106.8,121.8,0.2,5
377,0022500837,2026-02-24,2025-26,Regular Season,128,117,13,12,MIL,MIA,111.3,114.39,115.82,96.05,0.4781,0.3767,1.0,0.6,117.75,,120.9,115.22,104.24,105.11,0.4581,0.3363,1.0,0.6,119.0,,9.06,2,4,-2,0,0,114.71428571428571,111.42857142857143,0.7142857142857143,7
376,0022500836,2026-02-24,2025-26,Regular Season,99,131,5,30,CHI,CHA,108.8,105.42,119.83,103.15,0.4349,0.3462,1.0,0.1,107.5,,112.8,117.26,114.46,95.85,0.4318,0.3966,1.0,0.7,121.75,,7.3,2,2,0,0,0,115.72727272727273,110.81818181818181,0.7272727272727273,11
382,0022500841,2026-02-24,2025-26,Regular Season,121,124,21,14,POR,MIN,116.4,112.83,118.75,102.9,0.4702,0.3526,1.0,0.5,121.83,,122.2,119.38,116.97,102.3,0.4964,0.3798,1.0,0.6,129.0,,0.6,4,20,-16,0,0,105.8,118.2,0.2,10
370,0022500845,2026-02-25,2025-26,Regular Season,128,97,9,22,HOU,SAC,107.3,111.19,110.53,96.45,0.4666,0.3718,1.0,0.6,105.33,,109.3,108.96,121.67,100.55,0.4368,0.2975,1.0,0.1,106.17,,4.1,2,2,0,0,0,113.71428571428571,114.28571428571429,0.2857142857142857,7
369,0022500846,2026-02-25,2025-26,Regular Season,118,116,13,3,MIL,CLE,114.2,116.87,116.07,96.46,0.4858,0.3914,1.0,0.7,119.8,,120.8,121.3,109.74,99.7,0.5007,0.3765,1.0,0.8,121.29,,3.24,1,3,-2,1,0,108.7,117.6,0.2,10
371,0022500843,2026-02-25,2025-26,Regular Season,107,110,25,23,TOR,SAS,112.4,112.33,110.95,100.25,0.4669,0.3564,1.0,0.5,110.29,,124.3,120.93,106.83,103.2,0.5028,0.3639,1.0,0.9,123.4,,2.95,1,2,-1,1,0,102.25,122.75,0.0,4
372,0022500842,2026-02-25,2025-26,Regular Season,124,116,29,24,DET,OKC,119.8,119.74,105.28,100.45,0.4813,0.3559,1.0,0.8,118.4,,115.1,116.78,108.22,98.65,0.466,0.3989,1.0,0.7,119.6,,1.8,2,1,1,0,1,110.0,112.0,0.3333333333333333,3
373,0022500847,2026-02-25,2025-26,Regular Season,103,84,7,2,DEN,BOS,124.4,121.42,115.94,100.74,0.4968,0.3981,1.0,0.5,118.0,,108.3,117.36,103.4,92.35,0.4522,0.3378,1.0,0.9,110.6,,8.39,14,1,13,0,1,108.0,109.4,0.6,5
374,0022500844,2026-02-25,2025-26,Regular Season,112,133,27,8,MEM,GSW,119.6,115.83,121.63,103.15,0.488,0.3723,1.0,0.3,122.0,,113.2,111.98,115.31,100.8,0.4674,0.3492,1.0,0.4,112.25,,2.35,2,1,1,0,1,118.22222222222223,120.11111111111111,0.2222222222222222,9
360,0022500856,2026-02-26,2025-26,Regular Season,118,129,26,4,UTA,NOP,114.0,109.2,111.78,104.5,0.4683,0.3353,1.0,0.3,113.0,,116.7,114.84,114.54,100.56,0.4791,0.3621,1.0,0.5,116.25,,3.94,14,20,-6,0,0,115.85714285714286,123.42857142857143,0.2857142857142857,7
364,0022500855,2026-02-26,2025-26,Regular Season,113,110,20,11,PHX,LAL,101.7,105.86,116.61,94.12,0.4101,0.3356,1.0,0.2,99.13,,111.4,111.81,114.48,99.45,0.4988,0.3523,1.0,0.5,112.5,,5.33,2,23,-21,0,0,117.2,109.5,0.6,10
363,0022500854,2026-02-26,2025-26,Regular Season,121,130,6,22,DAL,SAC,115.9,112.66,119.14,102.85,0.4777,0.3398,1.0,0.2,114.67,,109.7,108.63,122.43,101.25,0.4393,0.2871,1.0,0.1,106.83,,1.6,21,1,20,0,1,111.11111111111111,113.33333333333333,0.3333333333333333,9
361,0022500851,2026-02-26,2025-26,Regular Season,110,126,15,23,BKN,SAS,103.2,102.49,117.08,100.35,0.4402,0.324,1.0,0.2,116.6,,124.7,120.43,105.54,104.0,0.5018,0.3693,1.0,1.0,124.2,,3.65,2,1,1,0,1,109.0,113.2,0.2,5
362,0022500852,2026-02-26,2025-26,Regular Season,108,113,17,9,ORL,HOU,112.1,111.87,109.11,98.67,0.4548,0.3392,1.0,0.7,116.0,,109.0,113.18,109.72,96.25,0.4796,0.3769,1.0,0.6,110.25,,2.42,15,5,10,0,0,102.75,112.0,0.0,4
367,0022500849,2026-02-26,2025-26,Regular Season,124,117,19,12,PHI,MIA,116.0,114.89,115.41,101.15,0.4642,0.3358,1.0,0.5,98.0,,121.0,115.42,105.97,104.91,0.4555,0.3363,1.0,0.5,119.2,,3.76,7,2,5,0,0,103.44444444444444,111.11111111111111,0.2222222222222222,9
368,0022500848,2026-02-26,2025-26,Regular Season,109,133,18,30,IND,CHA,115.8,110.02,117.62,103.88,0.4746,0.3723,1.0,0.2,120.0,,113.6,118.3,112.48,95.65,0.4361,0.3917,1.0,0.7,123.75,,8.23,2,2,0,0,0,114.125,109.25,0.625,8
366,0022500853,2026-02-26,2025-26,Regular Season,112,121,5,21,CHI,POR,106.2,104.46,122.58,101.7,0.4253,0.3362,1.0,0.0,105.8,,118.8,115.11,118.45,102.95,0.4742,0.3624,1.0,0.5,112.0,,1.25,2,4,-2,0,0,111.2,110.0,0.8,5
365,0022500850,2026-02-26,2025-26,Regular Season,126,96,1,28,ATL,WAS,116.2,112.96,114.16,102.95,0.4464,0.3485,1.0,0.5,114.2,,112.3,109.32,119.86,102.85,0.4705,0.3473,1.0,0.4,112.5,,0.1,2,2,0,0,0,122.1,118.9,0.6,10
359,0022500857,2026-02-26,2025-26,Regular Season,88,94,10,14,LAC,MIN,109.6,113.22,114.51,96.75,0.4984,0.3383,1.0,0.4,107.0,,122.3,119.36,117.62,102.5,0.4992,0.3816,1.0,0.6,127.75,,5.75,4,2,2,0,0,99.22222222222223,105.55555555555556,0.2222222222222222,9
354,0022500860,2026-02-27,2025-26,Regular Season,98,127,13,16,MIL,NYK,118.1,120.34,115.97,97.21,0.5049,0.4042,1.0,0.8,119.5,,114.7,114.07,109.34,97.42,0.4709,0.3461,1.0,0.6,110.0,,0.21,2,3,-1,0,0,116.0,120.55555555555556,0.3333333333333333,9
358,0022500859,2026-02-27,2025-26,Regular Season,148,111,2,15,BOS,BKN,105.5,113.76,103.91,92.85,0.4419,0.3282,1.0,0.8,104.5,,106.5,106.09,117.07,100.05,0.4534,0.3396,1.0,0.2,93.0,,7.2,16,5,11,0,0,118.66666666666667,106.77777777777777,0.8888888888888888,9
357,0022500858,2026-02-27,2025-26,Regular Season,122,119,29,3,DET,CLE,119.1,120.34,105.91,99.25,0.4868,0.3507,1.0,0.8,119.33,,121.1,122.77,110.17,98.7,0.5026,0.3752,1.0,0.8,121.71,,0.55,2,2,0,0,0,107.1,114.5,0.2,10
356,0022500862,2026-02-27,2025-26,Regular Season,127,121,24,7,OKC,DEN,114.6,116.16,109.41,98.75,0.4595,0.396,1.0,0.6,110.6,,122.5,119.28,113.18,100.84,0.4839,0.3759,1.0,0.5,128.67,,2.09,5,5,0,0,0,116.6,107.93333333333334,0.6666666666666666,15
355,0022500861,2026-02-27,2025-26,Regular Season,105,124,6,27,DAL,MEM,115.9,112.31,119.58,103.1,0.4867,0.35,1.0,0.2,114.67,,119.4,115.96,122.09,102.9,0.4879,0.3868,1.0,0.3,118.0,,0.2,1,6,-5,1,0,105.55555555555556,116.66666666666667,0.2222222222222222,9
353,0022500865,2026-02-28,2025-26,Regular Season,125,134,28,25,WAS,TOR,110.3,106.54,119.98,103.8,0.4565,0.3327,1.0,0.3,111.4,,113.9,113.52,109.95,100.45,0.4711,0.3643,1.0,0.5,117.33,,3.35,6,6,0,0,0,110.22222222222223,120.22222222222223,0.3333333333333333,9
352,0022500863,2026-02-28,2025-26,Regular Season,109,93,30,21,CHA,POR,115.8,120.19,112.21,96.05,0.4476,0.4024,1.0,0.7,106.0,,119.8,115.96,116.47,103.1,0.4735,0.3523,1.0,0.6,114.25,,7.05,8,2,6,0,0,91.0,103.0,0.25,4
351,0022500866,2026-02-28,2025-26,Regular Season,101,129,8,11,GSW,LAL,112.5,112.33,115.14,99.95,0.4672,0.3479,1.0,0.4,113.83,,112.4,113.15,115.0,99.2,0.5043,0.3616,1.0,0.5,117.5,,0.75,6,2,4,0,0,120.8,117.9,0.5,10
350,0022500867,2026-02-28,2025-26,Regular Season,105,115,26,4,UTA,NOP,115.9,110.23,112.58,105.4,0.4683,0.3332,1.0,0.3,119.33,,118.2,116.2,115.51,100.71,0.4825,0.3761,1.0,0.5,118.8,,4.69,2,2,0,0,0,116.125,124.125,0.25,8
349,0022500864,2026-02-28,2025-26,Regular Season,115,105,12,9,MIA,HOU,120.9,116.21,106.93,103.96,0.4583,0.3511,1.0,0.5,124.0,,108.5,113.7,110.07,95.45,0.486,0.383,1.0,0.6,109.0,,8.51,7,2,5,0,0,110.25,104.75,0.75,4
338,0022500872,2026-03-01,2025-26,Regular Season,106,125,18,27,IND,MEM,115.3,109.51,119.15,103.88,0.4723,0.3575,1.0,0.2,118.75,,118.1,114.16,119.35,103.3,0.4884,0.378,1.0,0.3,118.86,,0.58,3,2,1,0,0,114.0,120.6,0.4,5
344,0022500871,2026-03-01,2025-26,Regular Season,108,117,7,14,DEN,MIN,123.5,118.59,112.0,101.35,0.4762,0.3677,1.0,0.5,114.0,,118.6,116.18,115.7,101.9,0.4898,0.3638,1.0,0.6,118.5,,0.55,4,3,1,0,0,109.29411764705883,112.94117647058823,0.47058823529411764,17
340,0022500877,2026-03-01,2025-26,Regular Season,137,117,10,4,LAC,NOP,106.7,110.16,114.41,96.85,0.4871,0.3235,1.0,0.3,103.2,,118.3,116.07,113.75,100.76,0.4849,0.3685,1.0,0.6,119.0,,3.91,3,1,2,0,1,112.875,112.75,0.5,8
341,0022500870,2026-03-01,2025-26,Regular Season,120,97,5,13,CHI,MIL,108.3,106.73,121.46,101.5,0.4431,0.3516,1.0,0.0,106.83,,114.8,117.14,117.53,97.01,0.4963,0.3818,1.0,0.7,116.0,,4.49,3,9,-6,0,0,112.0,119.5,0.3,10
342,0022500875,2026-03-01,2025-26,Regular Season,92,106,17,29,ORL,DET,112.6,113.64,110.58,97.57,0.4563,0.3464,1.0,0.7,114.4,,118.3,118.85,109.21,98.94,0.4763,0.3354,1.0,0.8,118.75,,1.37,3,8,-5,0,0,112.77777777777777,105.77777777777777,0.7777777777777778,9
343,0022500868,2026-03-01,2025-26,Regular Season,114,89,16,23,NYK,SAS,114.2,113.83,109.24,97.22,0.471,0.3502,1.0,0.6,121.75,,126.1,122.33,106.66,103.6,0.5012,0.3822,1.0,1.0,124.5,,6.38,8,3,5,0,0,120.0,124.5,0.25,4
348,0022500874,2026-03-01,2025-26,Regular Season,114,98,2,19,BOS,PHI,109.6,117.23,106.77,93.5,0.464,0.3572,1.0,0.8,114.75,,115.6,113.34,114.4,102.2,0.4642,0.3317,1.0,0.5,119.43,,8.7,2,5,-3,0,0,116.3,108.9,0.7,10
347,0022500876,2026-03-01,2025-26,Regular Season,87,100,6,24,DAL,OKC,115.7,111.69,120.41,103.5,0.4841,0.3346,1.0,0.2,112.25,,114.5,114.0,110.54,99.41,0.4544,0.396,1.0,0.6,118.6,,4.09,2,4,-2,0,0,110.25,113.5625,0.5,16
346,0022500878,2026-03-01,2025-26,Regular Season,128,104,11,22,LAL,SAC,112.8,114.31,114.94,98.55,0.5035,0.3853,1.0,0.5,111.13,,111.5,109.58,122.22,101.9,0.4434,0.2798,1.0,0.2,109.83,,3.35,5,3,2,0,0,118.88888888888889,115.88888888888889,0.6666666666666666,9
345,0022500869,2026-03-01,2025-26,Regular Season,102,106,15,3,BKN,CLE,106.7,107.45,120.84,99.05,0.4544,0.3564,1.0,0.2,116.8,,120.0,120.94,111.01,98.14,0.4934,0.3652,1.0,0.7,120.14,,0.91,3,2,1,0,0,103.0,114.11111111111111,0.1111111111111111,9
339,0022500873,2026-03-01,2025-26,Regular Season,135,101,1,21,ATL,POR,116.4,113.25,111.28,102.8,0.4452,0.3425,1.0,0.6,116.17,,116.6,112.89,114.31,103.0,0.4647,0.3411,1.0,0.6,110.0,,0.2,3,1,2,0,1,109.2,114.0,0.2,5
335,0022500881,2026-03-02,2025-26,Regular Season,125,128,26,7,UTA,DEN,116.4,110.92,113.56,105.2,0.4671,0.3389,1.0,0.3,115.75,,122.2,117.3,111.3,101.35,0.4798,0.3617,1.0,0.5,128.67,,3.85,2,3,-1,0,0,109.0,126.375,0.125,8
334,0022500882,2026-03-02,2025-26,Regular Season,101,114,8,10,GSW,LAC,110.2,111.88,116.64,98.4,0.4679,0.3406,1.0,0.4,110.0,,109.1,111.44,112.64,97.55,0.482,0.3361,1.0,0.4,110.2,,0.85,2,10,-8,0,0,108.4,110.0,0.2,10
337,0022500879,2026-03-02,2025-26,Regular Season,118,123,28,9,WAS,HOU,112.7,109.43,120.72,103.4,0.4692,0.3443,1.0,0.3,116.2,,109.7,114.09,109.13,96.25,0.4877,0.3713,1.0,0.6,108.2,,7.15,2,2,0,0,0,109.8,129.8,0.0,5
336,0022500880,2026-03-02,2025-26,Regular Season,81,108,13,2,MIL,BOS,110.4,113.08,115.91,97.95,0.4722,0.3654,1.0,0.6,108.6,,110.0,118.32,107.0,93.05,0.459,0.3566,1.0,0.8,105.4,,4.9,3,5,-2,0,0,109.88888888888889,109.44444444444444,0.3333333333333333,9
329,0022500889,2026-03-03,2025-26,Regular Season,108,116,5,24,CHI,OKC,108.8,106.89,117.6,101.9,0.4503,0.351,1.0,0.1,108.71,,113.9,113.9,108.28,98.87,0.4592,0.3761,1.0,0.7,117.4,,3.03,2,2,0,0,0,104.66666666666667,125.0,0.0,3
328,0022500888,2026-03-03,2025-26,Regular Season,91,131,19,23,PHI,SAS,114.1,111.57,116.74,102.2,0.4588,0.3362,1.0,0.4,106.67,,123.4,120.27,108.08,103.0,0.4982,0.3754,1.0,0.9,119.43,,0.8,5,2,3,0,0,124.25,120.75,0.75,4
327,0022500886,2026-03-03,2025-26,Regular Season,124,98,12,15,MIA,BKN,119.0,115.3,109.04,103.16,0.4578,0.3498,1.0,0.5,119.25,,107.1,107.97,119.61,99.0,0.4636,0.36,1.0,0.2,96.25,,4.16,3,4,-1,0,0,103.28571428571429,101.57142857142857,0.7142857142857143,7
326,0022500887,2026-03-03,2025-26,Regular Season,95,111,25,16,TOR,NYK,115.3,115.57,110.09,99.95,0.4787,0.3802,1.0,0.6,112.43,,112.2,113.28,106.79,97.93,0.4653,0.3496,1.0,0.6,109.17,,2.02,6,4,2,0,0,106.36363636363636,123.9090909090909,0.0,11
325,0022500883,2026-03-03,2025-26,Regular Season,117,90,30,6,CHA,DAL,116.5,120.91,112.0,96.05,0.4494,0.4165,1.0,0.7,107.4,,114.4,110.06,118.83,103.9,0.4813,0.3355,1.0,0.2,118.0,,7.85,3,7,-4,0,0,108.25,114.75,0.5,4
324,0022500890,2026-03-03,2025-26,Regular Season,117,110,14,27,MIN,MEM,117.5,114.95,112.55,102.05,0.495,0.3637,1.0,0.7,118.67,,117.7,114.53,118.03,102.75,0.4895,0.377,1.0,0.3,118.29,,0.7,9,2,7,0,0,121.5,113.1,0.6,10
332,0022500884,2026-03-03,2025-26,Regular Season,113,109,3,29,CLE,DET,118.2,119.34,112.34,97.94,0.491,0.3743,1.0,0.7,119.67,,116.5,116.74,106.34,99.09,0.4758,0.3073,1.0,0.8,116.2,,1.15,7,2,5,0,0,114.9090909090909,108.45454545454545,0.7272727272727273,11
333,0022500891,2026-03-03,2025-26,Regular Season,110,101,11,4,LAL,NOP,113.7,115.54,114.07,98.3,0.4978,0.3955,1.0,0.5,112.25,,120.5,117.87,116.66,101.21,0.4905,0.3725,1.0,0.6,123.4,,2.91,2,2,0,0,0,123.1,109.8,0.9,10
331,0022500885,2026-03-03,2025-26,Regular Season,126,109,17,28,ORL,WAS,112.6,113.36,107.67,98.02,0.4558,0.3425,1.0,0.7,110.67,,111.9,108.54,121.19,103.5,0.4638,0.3547,1.0,0.2,105.0,,5.48,2,5,-3,0,0,121.2,107.3,0.9,10
330,0022500892,2026-03-03,2025-26,Regular Season,103,114,22,20,SAC,PHX,109.4,107.63,122.37,101.75,0.4451,0.2723,1.0,0.2,110.33,,103.7,108.53,116.38,93.72,0.4228,0.3383,1.0,0.3,112.0,,8.03,12,12,0,0,0,114.16666666666667,114.25,0.4166666666666667,12
318,0022500894,2026-03-04,2025-26,Regular Season,89,118,2,30,BOS,CHA,109.4,117.65,105.78,93.0,0.4589,0.3593,1.0,0.8,114.6,,117.3,121.62,110.88,96.2,0.4557,0.4162,1.0,0.7,129.75,,3.2,3,6,-3,0,0,118.14285714285714,102.14285714285714,0.8571428571428571,7
323,0022500896,2026-03-04,2025-26,Regular Season,114,122,27,21,MEM,POR,117.2,114.05,116.19,102.8,0.4874,0.3799,1.0,0.3,116.33,,113.2,109.53,116.11,103.1,0.4505,0.3357,1.0,0.5,108.5,,0.3,7,3,4,0,0,112.125,110.5,0.375,8
322,0022500897,2026-03-04,2025-26,Regular Season,113,131,13,1,MIL,ATL,108.0,110.67,117.26,97.7,0.4624,0.3713,1.0,0.5,103.8,,117.2,114.24,110.15,102.6,0.4521,0.338,1.0,0.6,113.33,,4.9,2,13,-11,0,0,118.71428571428571,120.57142857142857,0.5714285714285714,7
321,0022500895,2026-03-04,2025-26,Regular Season,106,102,19,26,PHI,UTA,111.7,108.9,117.66,102.5,0.4399,0.3392,1.0,0.4,102.75,,115.8,110.82,114.49,104.85,0.4615,0.3326,1.0,0.2,114.0,,2.35,1,9,-8,1,0,119.0,119.25,0.75,4
320,0022500898,2026-03-04,2025-26,Regular Season,130,107,10,18,LAC,IND,111.4,114.13,110.74,97.2,0.4851,0.3437,1.0,0.5,112.25,,113.7,108.82,119.44,103.13,0.4675,0.3601,1.0,0.2,113.0,,5.93,3,12,-9,0,0,122.5,127.0,0.25,4
319,0022500893,2026-03-04,2025-26,Regular Season,100,103,16,24,NYK,OKC,115.3,116.67,104.21,97.93,0.4867,0.3599,1.0,0.7,116.75,,114.9,114.02,106.8,99.77,0.4575,0.361,1.0,0.8,117.17,,1.84,3,1,2,0,1,110.0,121.25,0.0,4
313,0022500903,2026-03-05,2025-26,Regular Season,115,107,14,25,MIN,TOR,116.4,113.78,110.9,102.15,0.4921,0.3521,1.0,0.7,118.43,,114.1,115.39,112.19,99.0,0.4825,0.3745,1.0,0.5,122.0,,3.15,2,5,-3,0,0,119.5,105.5,0.75,4
312,0022500901,2026-03-05,2025-26,Regular Season,126,110,12,15,MIA,BKN,119.9,116.83,106.97,102.51,0.4635,0.3609,1.0,0.6,121.5,,104.2,104.94,120.48,99.15,0.4471,0.3446,1.0,0.1,96.6,,3.36,2,2,0,0,0,105.875,101.125,0.75,8
311,0022500902,2026-03-05,2025-26,Regular Season,113,115,9,8,HOU,GSW,112.1,115.82,109.24,96.9,0.4908,0.3725,1.0,0.7,114.25,,110.9,112.18,116.1,98.85,0.4592,0.3364,1.0,0.4,110.5,,1.95,8,8,0,0,0,104.46666666666667,106.6,0.4,15
310,0022500907,2026-03-05,2025-26,Regular Season,123,133,22,4,SAC,NOP,108.6,106.59,122.37,101.85,0.4461,0.2712,1.0,0.2,107.67,,116.9,114.63,114.04,101.96,0.4848,0.3479,1.0,0.6,116.2,,0.11,2,2,0,0,0,112.5,123.9,0.3,10
309,0022500905,2026-03-05,2025-26,Regular Season,103,105,20,5,PHX,CHI,102.1,106.65,114.02,93.87,0.417,0.3283,1.0,0.3,101.63,,108.9,105.93,115.56,102.95,0.4485,0.349,1.0,0.1,110.0,,9.08,7,22,-15,0,0,121.0,117.0,1.0,3
314,0022500904,2026-03-05,2025-26,Regular Season,121,106,23,29,SAS,DET,123.0,119.89,105.08,103.0,0.5028,0.3739,1.0,0.9,132.67,,115.7,116.74,106.01,98.34,0.4798,0.3175,1.0,0.8,115.0,,4.66,12,2,10,0,0,114.6,110.6,0.6,5
315,0022500906,2026-03-05,2025-26,Regular Season,120,113,7,11,DEN,LAL,122.3,118.41,111.73,102.27,0.4901,0.3767,1.0,0.6,112.5,,114.2,115.4,113.67,98.9,0.4941,0.3845,1.0,0.5,119.5,,3.37,4,5,-1,0,0,112.83333333333333,111.5,0.6666666666666666,12
316,0022500900,2026-03-05,2025-26,Regular Season,112,122,28,26,WAS,UTA,111.5,108.03,120.96,103.6,0.4637,0.3399,1.0,0.2,116.5,,114.1,109.65,113.43,104.4,0.4559,0.3234,1.0,0.2,110.6,,0.8,3,1,2,0,1,115.0,125.0,0.25,4
317,0022500899,2026-03-05,2025-26,Regular Season,115,114,17,6,ORL,DAL,113.4,113.8,108.57,98.27,0.4574,0.3544,1.0,0.7,112.0,,111.1,107.65,118.15,103.05,0.4706,0.3104,1.0,0.2,114.0,,4.78,2,2,0,0,0,102.0,113.33333333333333,0.0,3
304,0022500912,2026-03-06,2025-26,Regular Season,118,116,20,4,PHX,NOP,102.7,105.75,112.99,95.22,0.4098,0.3194,1.0,0.3,102.38,,118.3,115.03,113.78,102.81,0.481,0.3391,1.0,0.6,119.0,,7.59,1,1,0,1,1,119.55555555555556,112.33333333333333,0.6666666666666666,9
303,0022500908,2026-03-06,2025-26,Regular Season,120,100,2,6,BOS,DAL,108.5,116.67,108.57,92.85,0.4552,0.3593,1.0,0.7,112.8,,110.0,107.69,117.11,102.05,0.4721,0.3137,1.0,0.2,112.43,,9.2,2,1,1,0,1,111.7,105.0,0.8,10
302,0022500913,2026-03-06,2025-26,Regular Season,116,112,23,10,SAS,LAC,121.3,119.83,104.88,101.6,0.4972,0.369,1.0,0.9,127.0,,113.0,115.11,109.69,97.75,0.4881,0.3383,1.0,0.5,110.2,,3.85,1,4,-3,1,0,110.0,113.66666666666667,0.16666666666666666,6
308,0022500910,2026-03-06,2025-26,Regular Season,106,99,9,21,HOU,POR,112.2,115.45,109.93,96.26,0.4908,0.3788,1.0,0.6,114.0,,113.2,109.65,116.24,102.95,0.4526,0.3294,1.0,0.5,110.43,,6.69,1,2,-1,1,0,116.6,106.8,0.6,10
307,0022500914,2026-03-06,2025-26,Regular Season,128,117,11,18,LAL,IND,114.5,115.94,113.77,98.8,0.4958,0.3941,1.0,0.5,113.29,,114.5,108.56,120.53,104.23,0.4661,0.36,1.0,0.2,114.33,,5.43,3,2,1,0,0,121.0,122.5,0.75,4
306,0022500909,2026-03-06,2025-26,Regular Season,120,128,30,12,CHA,MIA,116.5,121.74,108.28,95.6,0.4534,0.4088,1.0,0.7,109.0,,122.9,118.86,107.0,103.51,0.4745,0.3617,1.0,0.7,123.4,,7.91,3,8,-5,0,0,104.44444444444444,115.66666666666667,0.1111111111111111,9
305,0022500911,2026-03-06,2025-26,Regular Season,103,142,7,16,DEN,NYK,120.7,116.93,111.62,101.97,0.4845,0.3734,1.0,0.6,114.0,,114.2,114.8,105.14,98.48,0.4805,0.3485,1.0,0.6,115.0,,3.49,1,3,-2,1,0,110.8,124.6,0.2,5
297,0022500919,2026-03-07,2025-26,Regular Season,113,99,13,26,MIL,UTA,109.4,112.22,118.83,97.55,0.4656,0.3682,1.0,0.5,105.33,,114.6,112.46,114.81,102.35,0.4592,0.334,1.0,0.3,111.6,,4.8,3,2,1,0,0,118.0,116.25,0.5,4
296,0022500915,2026-03-07,2025-26,Regular Season,92,119,14,17,MIN,ORL,116.4,113.65,109.78,102.15,0.5019,0.3615,1.0,0.8,118.43,,112.9,114.89,109.8,96.77,0.4599,0.356,1.0,0.7,115.5,,5.38,2,11,-9,0,0,110.25,100.0,0.75,4
301,0022500916,2026-03-07,2025-26,Regular Season,105,107,29,15,DET,BKN,114.5,115.21,110.19,98.49,0.467,0.3179,1.0,0.7,116.33,,102.9,104.23,122.08,98.65,0.4392,0.3356,1.0,0.0,98.83,,0.16,8,2,6,0,0,115.22222222222223,104.11111111111111,0.6666666666666666,9
300,0022500917,2026-03-07,2025-26,Regular Season,125,116,1,19,ATL,PHI,118.2,115.39,109.78,102.45,0.4574,0.3595,1.0,0.6,118.5,,111.4,108.94,117.78,102.25,0.4381,0.327,1.0,0.4,119.4,,0.2,6,6,0,0,0,126.3,121.4,0.8,10
299,0022500920,2026-03-07,2025-26,Regular Season,104,97,24,8,OKC,GSW,113.3,112.4,105.89,99.72,0.4544,0.3567,1.0,0.8,111.5,,112.3,112.58,116.5,98.91,0.4637,0.3368,1.0,0.4,114.0,,0.81,8,2,6,0,0,123.0,113.33333333333333,0.7777777777777778,9
298,0022500918,2026-03-07,2025-26,Regular Season,120,123,27,10,MEM,LAC,117.1,114.18,116.31,102.65,0.4822,0.3816,1.0,0.3,115.75,,112.7,114.56,111.73,97.85,0.4856,0.3228,1.0,0.4,109.6,,4.8,3,1,2,0,1,110.22222222222223,113.77777777777777,0.3333333333333333,9
290,0022500925,2026-03-08,2025-26,Regular Season,138,118,4,28,NOP,WAS,117.9,115.12,116.58,102.46,0.4716,0.3338,1.0,0.5,117.0,,112.6,110.41,121.37,102.45,0.4686,0.3495,1.0,0.2,104.0,,0.01,12,5,7,0,0,129.0,114.6,1.0,5
292,0022500928,2026-03-08,2025-26,Regular Season,111,99,20,30,PHX,CHA,104.2,107.31,114.08,95.07,0.4144,0.33,1.0,0.4,104.25,,118.1,122.68,109.25,96.25,0.4546,0.4049,1.0,0.7,127.75,,1.18,2,4,-2,0,0,116.0,110.75,0.75,4
294,0022500929,2026-03-08,2025-26,Regular Season,131,111,21,18,POR,IND,109.6,106.21,115.38,102.75,0.4439,0.3195,1.0,0.4,112.0,,115.8,109.93,121.35,104.08,0.4681,0.3465,1.0,0.2,116.5,,1.33,12,2,10,0,0,114.5,108.75,0.75,4
293,0022500926,2026-03-08,2025-26,Regular Season,91,130,13,17,MIL,ORL,109.1,111.28,117.09,98.15,0.4657,0.3634,1.0,0.5,106.43,,113.0,114.64,108.72,97.12,0.4596,0.3492,1.0,0.7,116.2,,1.03,1,1,0,1,1,110.22222222222223,107.88888888888889,0.6666666666666666,9
295,0022500923,2026-03-08,2025-26,Regular Season,121,110,12,29,MIA,DET,122.5,119.22,109.47,102.91,0.4738,0.3644,1.0,0.7,122.4,,114.0,114.07,110.05,98.94,0.4623,0.3364,1.0,0.6,114.33,,3.97,3,3,0,0,0,116.33333333333333,113.11111111111111,0.5555555555555556,9
287,0022500930,2026-03-08,2025-26,Regular Season,126,110,22,5,SAC,CHI,108.3,105.84,122.22,102.15,0.4455,0.2538,1.0,0.2,106.67,,107.4,104.36,111.96,103.15,0.4516,0.3348,1.0,0.2,108.33,,1.0,3,3,0,0,0,117.0,120.2,0.4,5
289,0022500924,2026-03-08,2025-26,Regular Season,122,92,25,6,TOR,DAL,112.2,114.31,111.61,98.35,0.4791,0.369,1.0,0.5,108.17,,108.9,106.71,117.34,101.9,0.4649,0.331,1.0,0.2,110.86,,3.55,5,2,3,0,0,118.5,131.0,0.0,4
288,0022500927,2026-03-08,2025-26,Regular Season,145,120,23,9,SAS,HOU,119.3,118.84,106.19,100.75,0.4891,0.3711,1.0,0.9,124.25,,112.6,115.19,109.51,96.96,0.4991,0.3551,1.0,0.6,110.4,,3.79,2,6,-4,0,0,103.8,108.7,0.3,10
291,0022500922,2026-03-08,2025-26,Regular Season,110,97,11,16,LAL,NYK,116.5,118.49,112.41,98.3,0.5005,0.396,1.0,0.6,116.14,,115.0,116.9,103.42,98.3,0.4884,0.3652,1.0,0.7,119.5,,0.0,2,2,0,0,0,112.6,110.4,0.6,5
286,0022500921,2026-03-08,2025-26,Regular Season,98,109,3,2,CLE,BOS,116.3,118.54,111.46,97.14,0.4829,0.3799,1.0,0.7,118.0,,111.6,119.08,106.3,93.7,0.4657,0.3755,1.0,0.8,104.2,,3.44,5,6,-1,0,0,107.92857142857143,113.07142857142857,0.2857142857142857,14
282,0022500934,2026-03-09,2025-26,Regular Season,119,116,26,8,UTA,GSW,113.0,111.4,115.67,101.8,0.4512,0.3307,1.0,0.2,117.6,,112.1,112.8,116.86,98.51,0.4622,0.3404,1.0,0.4,113.5,,3.29,7,2,5,0,0,114.5,127.6,0.1,10
285,0022500935,2026-03-09,2025-26,Regular Season,126,118,10,16,LAC,NYK,115.5,117.15,113.0,98.25,0.4947,0.3196,1.0,0.5,115.8,,110.9,113.4,106.12,97.75,0.4784,0.3432,1.0,0.6,112.67,,0.5,5,1,4,0,1,121.5,113.25,0.75,4
284,0022500932,2026-03-09,2025-26,Regular Season,126,115,15,27,BKN,MEM,102.6,104.37,121.63,98.2,0.4383,0.3265,1.0,0.1,108.67,,117.8,115.34,117.83,102.2,0.4799,0.3875,1.0,0.3,119.0,,4.0,8,6,2,0,0,109.16666666666667,106.66666666666667,0.5,6
283,0022500933,2026-03-09,2025-26,Regular Season,129,126,24,7,OKC,DEN,110.1,109.26,104.85,99.52,0.4383,0.3507,1.0,0.8,110.0,,119.3,115.53,113.54,102.12,0.4844,0.3609,1.0,0.6,127.4,,2.6,2,7,-5,0,0,117.25,108.75,0.6875,16
281,0022500931,2026-03-09,2025-26,Regular Season,115,101,3,19,CLE,PHI,114.2,116.94,111.48,96.54,0.4769,0.3755,1.0,0.6,114.0,,111.2,108.63,116.68,102.35,0.4459,0.3288,1.0,0.4,119.0,,5.81,1,2,-1,1,0,120.8,114.0,0.7,10
272,0022500940,2026-03-10,2025-26,Regular Season,113,99,9,25,HOU,TOR,114.4,115.98,112.44,97.86,0.5011,0.3504,1.0,0.6,118.0,,112.1,113.3,109.66,98.9,0.4733,0.3556,1.0,0.5,118.25,,1.04,4,5,-1,0,0,117.2,106.2,0.8,5
271,0022500939,2026-03-10,2025-26,Regular Season,124,112,1,6,ATL,DAL,118.8,115.26,108.05,103.05,0.4639,0.3515,1.0,0.7,119.5,,107.7,105.51,117.02,101.95,0.4553,0.3208,1.0,0.2,109.14,,1.1,3,2,1,0,0,118.75,126.5,0.0,4
270,0022500945,2026-03-10,2025-26,Regular Season,114,109,22,18,SAC,IND,111.5,108.58,120.68,102.6,0.4499,0.2788,1.0,0.3,111.5,,113.2,108.79,122.23,104.05,0.4598,0.3398,1.0,0.1,112.17,,1.45,2,2,0,0,0,112.6,119.4,0.2,5
278,0022500937,2026-03-10,2025-26,Regular Season,100,138,15,29,BKN,DET,106.8,108.66,121.58,98.35,0.4591,0.3494,1.0,0.2,113.0,,113.7,113.26,112.18,99.39,0.4606,0.3249,1.0,0.5,113.83,,1.04,1,2,-1,1,0,104.4,114.2,0.4,10
276,0022500936,2026-03-10,2025-26,Regular Season,139,129,19,27,PHI,MEM,112.4,110.85,115.39,101.45,0.4543,0.3389,1.0,0.4,107.0,,117.7,115.12,118.24,102.25,0.4772,0.389,1.0,0.3,118.8,,0.8,6,1,5,0,1,116.4,117.6,0.4,5
275,0022500942,2026-03-10,2025-26,Regular Season,125,116,23,2,SAS,BOS,121.2,120.07,106.66,101.1,0.4976,0.398,1.0,0.9,128.4,,110.1,118.02,106.02,93.3,0.4581,0.375,1.0,0.8,105.0,,7.8,2,2,0,0,0,102.6,116.6,0.2,5
274,0022500941,2026-03-10,2025-26,Regular Season,114,129,13,20,MIL,PHX,107.2,108.83,120.63,98.5,0.4623,0.3524,1.0,0.4,104.5,,103.3,108.13,114.55,93.62,0.412,0.337,1.0,0.4,104.0,,4.88,2,7,-5,0,0,121.25,118.5,0.5,4
273,0022500938,2026-03-10,2025-26,Regular Season,150,129,12,28,MIA,WAS,123.5,120.9,109.75,102.26,0.4782,0.3675,1.0,0.8,124.4,,113.1,111.0,121.49,102.35,0.4733,0.3524,1.0,0.2,105.25,,0.09,2,2,0,0,0,116.14285714285714,103.28571428571429,0.7142857142857143,7
280,0022500943,2026-03-10,2025-26,Regular Season,124,130,8,5,GSW,CHI,112.3,113.35,117.92,98.16,0.4526,0.3379,1.0,0.3,110.6,,106.9,104.19,112.8,102.75,0.4493,0.3448,1.0,0.2,106.67,,4.59,8,2,6,0,0,129.6,112.8,0.8,5
279,0022500944,2026-03-10,2025-26,Regular Season,101,103,21,30,POR,CHA,111.8,109.14,113.95,102.05,0.4518,0.3205,1.0,0.5,118.33,,117.0,122.93,110.91,95.15,0.4591,0.4009,1.0,0.6,122.0,,6.9,2,2,0,0,0,101.0,94.6,0.6,5
277,0022500946,2026-03-10,2025-26,Regular Season,120,106,11,14,LAL,MIN,115.1,117.43,111.91,98.05,0.4879,0.3978,1.0,0.6,114.14,,116.0,112.87,109.47,102.65,0.493,0.3598,1.0,0.8,111.67,,4.6,2,9,-7,0,0,105.86666666666666,109.0,0.4,15
265,0022500950,2026-03-11,2025-26,Regular Season,129,93,7,9,DEN,HOU,119.7,115.68,114.72,102.27,0.4772,0.3559,1.0,0.5,108.5,,115.2,116.58,112.01,98.06,0.5017,0.364,1.0,0.6,113.4,,4.21,5,3,2,0,0,113.0,115.77777777777777,0.5555555555555556,9
264,0022500948,2026-03-11,2025-26,Regular Season,122,111,4,25,NOP,TOR,120.6,117.48,115.99,102.6,0.4787,0.3287,1.0,0.6,123.75,,109.8,111.88,111.33,98.15,0.4695,0.3439,1.0,0.4,114.4,,4.45,3,1,2,0,1,118.5,107.5,0.5,4
269,0022500952,2026-03-11,2025-26,Regular Season,153,128,10,14,LAC,MIN,117.6,118.34,113.59,99.1,0.4941,0.3265,1.0,0.5,117.5,,112.8,111.13,111.46,101.35,0.4795,0.3467,1.0,0.7,110.25,,2.25,2,1,1,0,1,98.1,104.4,0.2,10
268,0022500947,2026-03-11,2025-26,Regular Season,128,122,17,3,ORL,CLE,115.2,116.44,105.63,97.52,0.4732,0.349,1.0,0.8,110.25,,111.9,116.03,111.58,95.39,0.4679,0.3698,1.0,0.6,114.4,,2.13,6,10,-4,0,0,102.125,106.1875,0.375,16
267,0022500951,2026-03-11,2025-26,Regular Season,109,117,22,30,SAC,CHA,113.6,110.02,119.2,103.05,0.4611,0.2926,1.0,0.4,112.0,,117.2,122.59,109.94,95.65,0.4548,0.4044,1.0,0.7,118.83,,7.4,1,1,0,1,1,120.5,99.75,0.75,4
266,0022500949,2026-03-11,2025-26,Regular Season,117,134,26,16,UTA,NYK,112.8,111.68,118.3,101.45,0.4447,0.3255,1.0,0.2,117.2,,111.6,113.98,106.12,97.8,0.4824,0.3553,1.0,0.6,113.43,,3.65,2,2,0,0,0,111.2,120.4,0.4,5
259,0022500960,2026-03-12,2025-26,Regular Season,142,130,11,5,LAL,CHI,114.6,117.3,110.5,97.8,0.4845,0.3719,1.0,0.6,113.43,,109.4,105.19,111.09,103.1,0.4478,0.3434,1.0,0.3,115.0,,5.3,2,2,0,0,0,122.0,127.8,0.4,5
262,0022500958,2026-03-12,2025-26,Regular Season,131,136,23,7,SAS,DEN,121.6,120.1,108.57,101.4,0.4977,0.4055,1.0,0.9,129.2,,121.2,118.09,113.27,101.52,0.4871,0.3765,1.0,0.5,129.8,,0.12,2,3,-1,0,0,116.0,119.125,0.5,8
261,0022501111,2026-03-12,2025-26,Regular Season,112,120,27,6,MEM,DAL,118.3,116.81,121.6,101.3,0.4778,0.3921,1.0,0.2,115.0,,107.8,106.24,118.04,101.3,0.4607,0.3294,1.0,0.2,109.29,,0.0,5,2,3,0,0,117.4,105.5,0.8,10
260,0022500957,2026-03-12,2025-26,Regular Season,112,105,12,13,MIA,MIL,126.2,121.57,109.81,103.85,0.487,0.3679,1.0,0.8,128.67,,104.7,106.85,122.29,98.05,0.4537,0.3528,1.0,0.3,97.0,,5.8,2,11,-9,0,0,112.125,116.375,0.25,8
255,0022500954,2026-03-12,2025-26,Regular Season,108,123,18,20,IND,PHX,112.6,107.9,122.1,104.45,0.4518,0.3343,1.0,0.0,114.75,,105.3,109.56,111.75,94.07,0.4192,0.3484,1.0,0.5,112.33,,10.38,11,2,9,0,0,117.4,120.0,0.6,5
258,0022500956,2026-03-12,2025-26,Regular Season,108,97,1,15,ATL,BKN,119.6,117.15,106.47,102.15,0.4751,0.3593,1.0,0.8,120.14,,108.2,110.7,125.71,97.75,0.4644,0.3665,1.0,0.2,106.0,,4.4,2,5,-3,0,0,117.55555555555556,117.77777777777777,0.5555555555555556,9
257,0022500953,2026-03-12,2025-26,Regular Season,131,109,29,19,DET,PHI,114.9,115.31,111.72,98.79,0.4655,0.3332,1.0,0.5,113.5,,115.6,114.39,117.12,101.0,0.4682,0.3411,1.0,0.5,116.0,,2.21,5,3,2,0,0,107.0,113.0,0.5,8
256,0022500959,2026-03-12,2025-26,Regular Season,104,102,24,2,OKC,BOS,113.7,112.16,105.62,100.22,0.4515,0.3578,1.0,0.9,117.2,,109.6,117.4,107.41,93.4,0.4537,0.3698,1.0,0.7,104.17,,6.82,3,2,1,0,0,112.5,115.5,0.75,4
263,0022500955,2026-03-12,2025-26,Regular Season,136,131,17,28,ORL,WAS,114.9,116.93,109.16,96.92,0.475,0.3293,1.0,0.8,113.8,,114.8,111.56,124.29,103.45,0.4811,0.3644,1.0,0.1,110.0,,6.53,1,2,-1,1,0,121.63636363636364,107.45454545454545,0.9090909090909091,11
247,0022500963,2026-03-13,2025-26,Regular Season,122,115,25,20,TOR,PHX,111.4,112.54,111.02,99.1,0.4683,0.3444,1.0,0.4,107.75,,108.2,112.68,110.53,93.97,0.4344,0.3604,1.0,0.6,122.0,,5.13,5,1,4,0,1,110.25,115.75,0.5,4
249,0022500961,2026-03-13,2025-26,Regular Season,126,110,29,27,DET,MEM,115.4,116.14,112.03,98.44,0.4708,0.3284,1.0,0.5,117.0,,117.5,116.89,120.65,100.65,0.4722,0.3864,1.0,0.2,120.6,,2.21,1,3,-2,1,0,104.66666666666667,113.33333333333333,0.16666666666666666,6
248,0022500965,2026-03-13,2025-26,Regular Season,105,138,6,3,DAL,CLE,106.4,105.48,117.09,100.7,0.4548,0.3245,1.0,0.2,104.33,,112.9,117.32,116.34,95.19,0.4661,0.3741,1.0,0.5,115.67,,5.51,12,2,10,0,0,113.0,128.0,0.0,4
250,0022500966,2026-03-13,2025-26,Regular Season,117,127,8,14,GSW,MIN,113.4,113.01,116.75,98.41,0.4483,0.3409,1.0,0.3,112.8,,112.3,111.37,116.4,100.7,0.4875,0.3495,1.0,0.6,113.8,,2.29,3,2,1,0,0,105.07692307692308,108.46153846153847,0.38461538461538464,13
251,0022500968,2026-03-13,2025-26,Regular Season,119,108,10,5,LAC,CHI,121.4,122.44,115.39,98.7,0.5104,0.3537,1.0,0.6,123.83,,112.3,108.19,114.5,102.85,0.4596,0.3551,1.0,0.3,118.75,,4.15,2,1,1,0,1,113.8,116.0,0.6,5
252,0022500964,2026-03-13,2025-26,Regular Season,107,105,9,4,HOU,NOP,113.9,114.84,113.8,98.41,0.4975,0.3374,1.0,0.6,117.0,,121.0,118.08,113.37,102.45,0.4758,0.361,1.0,0.7,118.5,,4.04,3,7,-4,0,0,119.22222222222223,113.55555555555556,0.6666666666666666,9
254,0022500967,2026-03-13,2025-26,Regular Season,124,114,21,26,POR,UTA,108.4,106.6,113.12,101.35,0.4429,0.3195,1.0,0.4,114.0,,112.6,112.27,119.37,100.65,0.4447,0.3387,1.0,0.2,108.4,,0.7,3,6,-3,0,0,121.7,122.1,0.6,10
253,0022500962,2026-03-13,2025-26,Regular Season,92,101,18,16,IND,NYK,112.9,109.34,124.63,103.25,0.4559,0.3286,1.0,0.0,113.4,,114.2,116.42,106.9,98.05,0.4852,0.3593,1.0,0.6,116.0,,5.2,1,2,-1,1,0,117.76190476190476,115.95238095238095,0.5714285714285714,21
242,0022500975,2026-03-14,2025-26,Regular Season,109,118,10,22,LAC,SAC,121.1,121.66,113.22,99.1,0.5034,0.3437,1.0,0.7,123.14,,115.1,112.31,118.55,102.4,0.4746,0.295,1.0,0.4,115.2,,3.3,1,13,-12,1,0,112.0,104.5,0.8,10
241,0022500974,2026-03-14,2025-26,Regular Season,127,125,11,7,LAL,DEN,119.9,121.82,111.56,98.5,0.501,0.3891,1.0,0.7,121.0,,119.1,116.53,116.09,101.22,0.4798,0.3586,1.0,0.5,125.6,,2.72,2,2,0,0,0,111.61538461538461,113.38461538461539,0.3076923076923077,13
240,0022500973,2026-03-14,2025-26,Regular Season,115,102,23,30,SAS,CHA,120.8,119.48,110.19,101.2,0.4877,0.4077,1.0,0.8,127.6,,117.6,122.5,108.57,96.0,0.4613,0.4162,1.0,0.8,118.57,,5.2,2,3,-1,0,0,122.2,119.2,0.2,5
246,0022500971,2026-03-14,2025-26,Regular Season,111,100,2,28,BOS,WAS,108.7,117.05,109.7,92.85,0.4457,0.3619,1.0,0.6,117.75,,114.8,111.14,125.38,102.82,0.4689,0.3741,1.0,0.0,113.5,,9.97,8,2,6,0,0,127.0,105.44444444444444,1.0,9
245,0022500969,2026-03-14,2025-26,Regular Season,104,97,19,15,PHI,BKN,115.4,114.3,117.61,100.95,0.4766,0.3379,1.0,0.5,115.0,,107.5,109.77,124.53,98.05,0.4669,0.3655,1.0,0.2,104.6,,2.9,4,2,2,0,0,112.81818181818181,104.72727272727273,0.5454545454545454,11
244,0022500970,2026-03-14,2025-26,Regular Season,122,99,1,13,ATL,MIL,119.7,117.14,105.37,102.1,0.4704,0.3615,1.0,0.9,118.63,,105.8,107.36,120.43,98.7,0.4619,0.3593,1.0,0.3,101.0,,3.4,2,2,0,0,0,121.875,118.0,0.5,8
243,0022500972,2026-03-14,2025-26,Regular Season,117,121,12,17,MIA,ORL,124.6,120.12,110.79,103.7,0.4763,0.3649,1.0,0.8,126.29,,117.5,118.37,110.47,98.32,0.4791,0.3478,1.0,0.8,117.5,,5.38,2,6,-4,0,0,108.75,110.58333333333333,0.4166666666666667,12
239,0022500976,2026-03-15,2025-26,Regular Season,116,103,24,14,OKC,MIN,113.6,113.32,108.23,99.22,0.4569,0.3457,1.0,0.9,117.0,,112.8,112.43,117.51,100.2,0.4961,0.3514,1.0,0.6,116.0,,0.98,3,2,1,0,0,113.9375,111.5625,0.5625,16
238,0022500981,2026-03-15,2025-26,Regular Season,110,107,16,8,NYK,GSW,113.8,116.33,106.17,97.9,0.482,0.3522,1.0,0.6,107.0,,114.1,113.48,117.1,98.61,0.4437,0.3358,1.0,0.3,114.0,,0.71,11,6,5,0,0,105.4,111.8,0.2,5
235,0022500979,2026-03-15,2025-26,Regular Season,134,123,13,18,MIL,IND,102.9,104.97,121.47,98.25,0.4611,0.3507,1.0,0.2,104.0,,110.3,108.19,123.24,101.85,0.4474,0.3182,1.0,0.0,111.0,,3.6,5,5,0,0,0,115.27272727272727,116.18181818181819,0.45454545454545453,22
234,0022500980,2026-03-15,2025-26,Regular Season,109,103,19,21,PHI,POR,112.3,111.36,116.82,100.75,0.4714,0.2931,1.0,0.5,112.8,,110.5,108.99,109.6,100.9,0.4539,0.3246,1.0,0.5,104.67,,0.15,1,9,-8,1,0,112.25,121.75,0.25,4
233,0022500982,2026-03-15,2025-26,Regular Season,116,111,22,26,SAC,UTA,114.7,112.9,116.6,101.55,0.4862,0.3113,1.0,0.5,115.0,,112.6,112.75,119.88,100.2,0.4409,0.3438,1.0,0.2,108.4,,1.35,4,2,2,0,0,118.0,108.22222222222223,0.7777777777777778,9
236,0022500977,2026-03-15,2025-26,Regular Season,120,130,3,6,CLE,DAL,114.9,117.88,114.46,96.19,0.4744,0.3739,1.0,0.5,108.75,,104.6,103.46,119.33,100.85,0.44,0.317,1.0,0.1,104.67,,4.66,6,3,3,0,0,130.0,111.4,1.0,5
237,0022500978,2026-03-15,2025-26,Regular Season,119,108,25,29,TOR,DET,112.6,114.87,113.26,98.2,0.4796,0.3659,1.0,0.4,110.6,,117.7,119.1,111.96,97.99,0.4874,0.3433,1.0,0.6,113.8,,0.21,2,5,-3,0,0,110.25,113.625,0.125,8
226,0022500989,2026-03-16,2025-26,Regular Season,92,100,9,11,HOU,LAL,112.1,114.65,115.34,96.96,0.4831,0.3265,1.0,0.6,113.4,,121.7,122.35,111.6,98.66,0.5044,0.3914,1.0,0.8,117.33,,1.7,3,11,-8,0,0,111.57142857142857,112.28571428571429,0.42857142857142855,7
227,0022500990,2026-03-16,2025-26,Regular Season,115,119,10,23,LAC,SAS,121.1,120.88,113.09,99.8,0.5016,0.3553,1.0,0.7,123.14,,120.9,120.41,110.92,100.45,0.4928,0.396,1.0,0.8,114.0,,0.65,2,13,-11,0,0,113.42857142857143,110.85714285714286,0.7142857142857143,7
232,0022500983,2026-03-16,2025-26,Regular Season,124,112,1,17,ATL,ORL,120.2,118.18,105.08,101.6,0.4772,0.367,1.0,0.9,119.0,,118.5,118.08,110.14,99.37,0.4803,0.3443,1.0,0.8,120.0,,2.23,2,2,0,0,0,112.44444444444444,108.44444444444444,0.6666666666666666,9
225,0022500986,2026-03-16,2025-26,Regular Season,120,112,2,20,BOS,PHX,110.1,116.83,110.04,94.35,0.4498,0.3603,1.0,0.6,116.4,,108.4,114.36,112.96,94.6,0.4477,0.3742,1.0,0.6,120.25,,0.25,2,3,-1,0,0,119.2,101.0,1.0,5
228,0022500988,2026-03-16,2025-26,Regular Season,129,111,4,6,NOP,DAL,118.9,117.02,113.97,101.55,0.4704,0.3516,1.0,0.6,124.33,,105.5,104.58,118.48,100.7,0.4373,0.3235,1.0,0.2,108.29,,0.85,5,1,4,0,1,115.3,116.9,0.5,10
229,0022500987,2026-03-16,2025-26,Regular Season,132,107,5,27,CHI,MEM,112.1,108.4,114.28,102.45,0.4586,0.3419,1.0,0.3,107.6,,117.1,116.93,121.57,100.2,0.4666,0.3877,1.0,0.2,118.83,,2.25,13,3,10,0,0,125.0,117.75,0.75,4
230,0022500984,2026-03-16,2025-26,Regular Season,117,125,28,8,WAS,GSW,113.6,109.33,123.13,103.22,0.4641,0.3697,1.0,0.0,118.33,,112.0,113.03,117.76,97.31,0.4414,0.3322,1.0,0.2,112.83,,5.91,11,1,10,0,1,114.0,124.75,0.0,4
231,0022500985,2026-03-16,2025-26,Regular Season,95,114,15,21,BKN,POR,105.8,108.18,122.41,98.1,0.4516,0.3598,1.0,0.2,109.5,,111.6,109.2,111.79,101.9,0.4461,0.3297,1.0,0.4,106.5,,3.8,6,1,5,0,1,116.0,118.5,0.25,4
222,0022500992,2026-03-17,2025-26,Regular Season,108,113,17,24,ORL,OKC,118.7,117.53,110.94,100.02,0.4767,0.3528,1.0,0.7,117.5,,113.1,112.82,107.33,99.16,0.4497,0.332,1.0,0.9,110.2,,0.86,5,13,-8,0,0,98.0,114.8,0.0,5
219,0022500997,2026-03-17,2025-26,Regular Season,124,96,7,19,DEN,PHI,119.9,116.75,115.66,100.58,0.4799,0.3716,1.0,0.5,112.6,,109.7,109.35,116.46,100.2,0.4592,0.2935,1.0,0.5,106.0,,0.38,6,5,1,0,0,127.6,119.6,0.8,5
224,0022500994,2026-03-17,2025-26,Regular Season,136,110,16,18,NYK,IND,115.4,118.03,106.45,97.7,0.4877,0.3565,1.0,0.7,108.0,,109.6,108.96,124.68,100.7,0.4493,0.3206,1.0,0.0,113.4,,3.0,2,2,0,0,0,115.27272727272727,116.5909090909091,0.45454545454545453,22
220,0022500991,2026-03-17,2025-26,Regular Season,136,106,30,12,CHA,MIA,114.9,119.55,108.77,96.1,0.4495,0.3952,1.0,0.7,115.33,,122.7,118.55,111.3,103.4,0.4713,0.3604,1.0,0.7,120.67,,7.3,11,11,0,0,0,106.0,116.9,0.1,10
221,0022500996,2026-03-17,2025-26,Regular Season,116,104,14,20,MIN,PHX,112.3,112.34,115.87,99.9,0.495,0.3666,1.0,0.6,108.0,,111.9,117.84,115.8,94.75,0.4558,0.381,1.0,0.6,118.6,,5.15,10,1,9,0,1,113.84615384615384,109.76923076923077,0.6153846153846154,13
218,0022500995,2026-03-17,2025-26,Regular Season,116,123,13,3,MIL,CLE,104.5,106.38,121.94,98.45,0.461,0.3608,1.0,0.2,106.29,,115.6,118.23,115.11,96.44,0.4772,0.3796,1.0,0.5,120.2,,2.01,2,4,-2,0,0,109.54545454545455,117.45454545454545,0.2727272727272727,11
217,0022500993,2026-03-17,2025-26,Regular Season,117,130,28,29,WAS,DET,115.5,111.25,124.05,103.02,0.4714,0.3756,1.0,0.0,118.0,,116.1,118.07,112.89,97.49,0.4817,0.3485,1.0,0.5,112.83,,5.53,1,2,-1,1,0,116.11111111111111,118.0,0.4444444444444444,9
223,0022500998,2026-03-17,2025-26,Regular Season,104,132,22,23,SAC,SAS,114.0,112.22,116.2,101.6,0.4844,0.3074,1.0,0.5,115.17,,121.8,121.77,112.15,100.05,0.4925,0.3802,1.0,0.8,116.25,,1.55,2,1,1,0,1,123.0,122.0,0.5555555555555556,9
210,0022500651,2026-03-18,2025-26,Regular Season,125,118,27,7,MEM,DEN,116.6,115.91,121.08,100.6,0.4631,0.3821,1.0,0.2,115.33,,122.0,117.72,116.05,101.53,0.488,0.3852,1.0,0.5,127.2,,0.93,6,4,2,0,0,109.25,121.5,0.125,8
209,0022501005,2026-03-18,2025-26,Regular Season,124,109,4,10,NOP,LAC,120.5,118.29,113.87,101.8,0.4783,0.358,1.0,0.6,129.67,,123.8,123.24,115.44,100.1,0.5094,0.3705,1.0,0.7,116.33,,1.7,2,11,-9,0,0,113.22222222222223,115.55555555555556,0.4444444444444444,9
211,0022501007,2026-03-18,2025-26,Regular Season,116,124,9,11,HOU,LAL,108.5,111.56,116.09,96.46,0.4765,0.3021,1.0,0.5,106.2,,120.7,121.01,109.15,98.81,0.4977,0.377,1.0,0.9,114.0,,2.35,2,2,0,0,0,109.125,110.75,0.375,8
216,0022501002,2026-03-18,2025-26,Regular Season,109,139,5,25,CHI,TOR,115.4,111.13,113.96,102.95,0.4707,0.3446,1.0,0.4,114.2,,112.3,114.56,114.74,98.2,0.4812,0.3597,1.0,0.4,112.75,,4.75,2,7,-5,0,0,116.11111111111111,115.77777777777777,0.5555555555555556,9
212,0022501000,2026-03-18,2025-26,Regular Season,92,121,15,24,BKN,OKC,104.3,106.46,120.94,98.3,0.4439,0.3481,1.0,0.2,105.75,,112.8,112.63,107.43,99.12,0.4467,0.323,1.0,0.9,109.6,,0.82,2,1,1,0,1,108.0,120.0,0.2,5
215,0022501001,2026-03-18,2025-26,Regular Season,119,127,18,21,IND,POR,109.2,110.06,126.46,99.35,0.4579,0.3351,1.0,0.0,103.75,,110.9,108.74,108.89,101.8,0.4502,0.332,1.0,0.5,107.57,,2.45,5,2,3,0,0,109.2,117.8,0.2,5
213,0022501004,2026-03-18,2025-26,Regular Season,147,111,14,26,MIN,UTA,111.5,111.78,114.19,99.8,0.4928,0.3501,1.0,0.6,110.0,,113.2,113.79,119.57,99.7,0.4519,0.3589,1.0,0.2,109.6,,0.1,1,3,-2,1,0,121.1,106.8,0.8,10
214,0022501006,2026-03-18,2025-26,Regular Season,120,135,6,1,DAL,ATL,106.1,104.57,118.27,101.3,0.4376,0.3313,1.0,0.2,96.0,,122.9,120.68,103.32,101.75,0.4855,0.3649,1.0,1.0,131.0,,0.45,5,14,-9,0,0,123.6,119.8,0.8,5
208,0022500999,2026-03-18,2025-26,Regular Season,120,99,2,8,BOS,GSW,113.7,120.62,110.87,94.4,0.4637,0.3749,1.0,0.7,117.0,,113.6,115.0,118.45,96.96,0.4507,0.3359,1.0,0.3,115.5,,2.56,2,2,0,0,0,124.8,106.6,0.6,5
207,0022501014,2026-03-19,2025-26,Regular Season,128,96,26,13,UTA,MIL,112.5,112.29,120.28,100.5,0.4449,0.3598,1.0,0.2,116.5,,106.3,108.56,122.06,98.1,0.4658,0.3671,1.0,0.2,100.33,,2.4,8,5,3,0,0,112.8,117.0,0.4,5
206,0022501013,2026-03-19,2025-26,Regular Season,101,100,23,20,SAS,PHX,122.4,121.98,111.33,100.3,0.4947,0.3907,1.0,0.8,125.5,,114.2,118.38,116.09,96.35,0.4572,0.3828,1.0,0.6,116.17,,3.95,5,2,3,0,0,107.75,112.25,0.375,8
205,0022501010,2026-03-19,2025-26,Regular Season,126,134,12,11,MIA,LAL,121.6,117.61,111.94,103.4,0.4691,0.3465,1.0,0.7,123.57,,120.2,120.63,110.71,98.76,0.5049,0.3776,1.0,0.9,112.33,,4.64,5,1,4,0,1,118.0,109.0,0.5,4
204,0022501015,2026-03-19,2025-26,Regular Season,118,139,22,19,SAC,PHI,114.7,112.62,116.2,101.9,0.4887,0.3244,1.0,0.5,113.57,,106.9,106.66,117.13,100.2,0.4507,0.276,1.0,0.4,104.0,,1.7,2,2,0,0,0,105.8,109.0,0.4,5
203,0022501008,2026-03-19,2025-26,Regular Season,130,111,30,17,CHA,ORL,115.4,119.28,108.87,96.7,0.451,0.3918,1.0,0.7,120.5,,118.7,116.35,109.68,101.02,0.471,0.3463,1.0,0.7,120.5,,4.32,2,3,-1,0,0,103.27272727272727,109.54545454545455,0.2727272727272727,11
202,0022501009,2026-03-19,2025-26,Regular Season,95,117,28,29,WAS,DET,117.6,113.66,125.13,102.52,0.4825,0.3915,1.0,0.0,117.8,,116.9,119.31,113.44,97.95,0.4868,0.367,1.0,0.5,115.29,,4.57,2,2,0,0,0,116.2,119.2,0.4,10
201,0022501012,2026-03-19,2025-26,Regular Season,105,99,4,10,NOP,LAC,120.0,118.69,113.54,101.2,0.479,0.363,1.0,0.6,128.25,,121.0,121.16,116.79,99.55,0.5066,0.3523,1.0,0.6,114.5,,1.65,1,1,0,1,1,114.3,114.9,0.5,10
200,0022501011,2026-03-19,2025-26,Regular Season,110,115,5,3,CHI,CLE,116.4,111.22,113.85,103.75,0.4751,0.3336,1.0,0.4,116.2,,117.0,119.83,117.19,96.49,0.4835,0.3758,1.0,0.5,120.67,,7.26,1,2,-1,1,0,116.0909090909091,122.72727272727273,0.2727272727272727,11
194,0022501018,2026-03-20,2025-26,Regular Season,117,95,9,1,HOU,ATL,108.8,111.08,117.14,97.01,0.4736,0.2986,1.0,0.4,107.83,,124.9,121.56,103.92,102.65,0.4911,0.3655,1.0,1.0,133.0,,5.64,2,2,0,0,0,113.0,110.4,0.6,5
195,0022501020,2026-03-20,2025-26,Regular Season,104,108,14,21,MIN,POR,116.8,115.35,115.11,101.2,0.5036,0.3655,1.0,0.6,117.4,,111.5,110.05,110.26,101.2,0.4506,0.3451,1.0,0.5,108.43,,0.0,2,2,0,0,0,118.72727272727273,107.18181818181819,0.8181818181818182,11
196,0022501017,2026-03-20,2025-26,Regular Season,115,101,29,8,DET,GSW,118.0,120.84,113.93,97.65,0.487,0.3837,1.0,0.5,120.67,,110.2,111.57,119.26,96.96,0.4374,0.3179,1.0,0.2,109.83,,0.69,7,2,5,0,0,113.5,114.75,0.25,4
197,0022501016,2026-03-20,2025-26,Regular Season,92,93,15,16,BKN,NYK,102.4,103.37,116.66,99.4,0.4317,0.3383,1.0,0.2,103.0,,116.3,119.37,108.01,97.4,0.4894,0.3504,1.0,0.7,117.17,,2.0,2,7,-5,0,0,99.54545454545455,114.72727272727273,0.0,11
199,0022501019,2026-03-20,2025-26,Regular Season,112,117,27,2,MEM,BOS,116.7,115.44,121.72,101.15,0.4555,0.3773,1.0,0.2,117.75,,110.9,116.83,108.93,95.0,0.4448,0.3461,1.0,0.7,108.75,,6.15,2,8,-6,0,0,103.2,120.4,0.2,5
198,0022501021,2026-03-20,2025-26,Regular Season,121,115,7,25,DEN,TOR,121.7,118.03,116.58,101.96,0.4952,0.3838,1.0,0.5,116.8,,115.5,116.96,113.34,98.85,0.4917,0.3547,1.0,0.5,118.0,,3.11,3,2,1,0,0,118.4,114.0,1.0,5
189,0022501024,2026-03-21,2025-26,Regular Season,104,105,17,11,ORL,LAL,120.6,118.68,112.52,100.62,0.4752,0.3518,1.0,0.7,122.6,,120.8,120.84,112.64,99.01,0.508,0.3752,1.0,0.9,117.75,,1.61,4,2,2,0,0,115.66666666666667,111.0,1.0,3
188,0022501029,2026-03-21,2025-26,Regular Season,131,138,6,10,DAL,LAC,109.4,107.21,121.13,101.85,0.4476,0.3416,1.0,0.2,112.5,,119.5,119.49,116.87,99.75,0.5033,0.3546,1.0,0.5,110.75,,2.1,3,2,1,0,0,106.07142857142857,109.71428571428571,0.42857142857142855,14
187,0022501026,2026-03-21,2025-26,Regular Season,126,110,1,8,ATL,GSW,122.5,119.54,106.29,102.25,0.4942,0.3672,1.0,0.9,123.43,,110.2,110.95,117.13,97.56,0.4384,0.327,1.0,0.2,108.57,,4.69,5,1,4,0,1,119.6,122.8,0.6,5
186,0022501027,2026-03-21,2025-26,Regular Season,123,122,9,12,HOU,MIA,110.0,112.17,114.72,97.26,0.481,0.3203,1.0,0.5,109.14,,122.5,118.7,112.9,103.3,0.4742,0.3356,1.0,0.7,117.0,,6.04,1,4,-3,1,0,104.8,111.2,0.2,5
185,0022501031,2026-03-21,2025-26,Regular Season,105,108,20,13,PHX,MIL,112.9,116.13,114.52,96.95,0.453,0.3694,1.0,0.5,110.67,,106.2,108.92,123.43,97.6,0.47,0.3729,1.0,0.2,100.0,,0.65,13,2,11,0,0,120.6,119.8,0.6,5
184,0022501022,2026-03-21,2025-26,Regular Season,111,132,28,24,WAS,OKC,114.6,110.37,123.14,102.72,0.473,0.3839,1.0,0.0,111.8,,113.3,112.66,103.88,99.52,0.459,0.3263,1.0,1.0,110.6,,3.2,2,3,-1,0,0,108.4,133.8,0.0,5
193,0022501030,2026-03-21,2025-26,Regular Season,116,126,26,19,UTA,PHI,114.8,114.69,118.61,100.35,0.4644,0.3694,1.0,0.3,122.25,,111.0,109.25,115.81,101.55,0.4609,0.2845,1.0,0.5,112.2,,1.2,2,2,0,0,0,115.8,116.4,0.2,5
192,0022501025,2026-03-21,2025-26,Regular Season,106,111,4,3,NOP,CLE,119.0,118.13,113.35,100.8,0.4805,0.3671,1.0,0.6,123.6,,116.9,118.76,115.32,97.34,0.4792,0.3799,1.0,0.6,120.5,,3.46,2,2,0,0,0,111.6,124.0,0.2,5
191,0022501023,2026-03-21,2025-26,Regular Season,124,101,30,27,CHA,MEM,115.1,118.84,109.3,96.65,0.4477,0.3918,1.0,0.7,122.4,,115.4,114.1,122.85,101.15,0.4511,0.367,1.0,0.1,114.2,,4.5,2,5,-3,0,0,111.4,111.4,0.6,5
190,0022501028,2026-03-21,2025-26,Regular Season,134,119,23,18,SAS,IND,123.6,123.51,110.12,100.05,0.4953,0.3936,1.0,0.9,122.0,,110.2,111.19,125.72,99.35,0.4613,0.3481,1.0,0.0,112.83,,0.7,2,4,-2,0,0,120.0,109.0,1.0,2
179,0022501035,2026-03-22,2025-26,Regular Season,92,102,2,14,BOS,MIN,111.2,116.22,109.83,95.6,0.4457,0.3396,1.0,0.7,112.0,,115.5,114.05,115.22,101.15,0.4891,0.3587,1.0,0.5,116.0,,5.55,4,7,-3,0,0,116.75,114.75,0.75,4
180,0022501034,2026-03-22,2025-26,Regular Season,145,113,16,28,NYK,WAS,114.2,117.44,108.5,97.2,0.4859,0.3426,1.0,0.7,115.33,,113.9,110.01,124.27,102.47,0.4697,0.3706,1.0,0.0,117.4,,5.27,5,8,-3,0,0,124.77777777777777,107.0,1.0,9
183,0022501036,2026-03-22,2025-26,Regular Season,120,98,20,25,PHX,TOR,112.0,116.02,115.86,96.25,0.4522,0.3691,1.0,0.4,109.25,,116.3,118.68,115.16,98.15,0.5007,0.3522,1.0,0.5,117.5,,1.9,1,2,-1,1,0,115.6,112.6,0.4,5
181,0022501032,2026-03-22,2025-26,Regular Season,128,112,7,21,DEN,POR,123.0,119.94,116.99,101.46,0.5013,0.4032,1.0,0.6,119.4,,113.0,111.16,109.42,101.55,0.4523,0.346,1.0,0.6,110.57,,0.09,2,2,0,0,0,124.8,113.8,0.7,10
182,0022501033,2026-03-22,2025-26,Regular Season,126,122,22,15,SAC,BKN,113.5,111.47,117.81,101.95,0.4865,0.3311,1.0,0.4,114.13,,101.4,102.33,115.32,99.4,0.4205,0.3407,1.0,0.2,101.8,,2.55,3,8,-5,0,0,112.75,99.75,0.75,4
170,0022501037,2026-03-23,2025-26,Regular Season,146,107,1,27,ATL,MEM,122.5,120.22,108.01,101.75,0.5019,0.3664,1.0,0.9,123.43,,114.5,113.72,124.24,100.6,0.4462,0.3623,1.0,0.1,112.4,,1.15,2,2,0,0,0,117.2,119.4,0.6,5
178,0022501042,2026-03-23,2025-26,Regular Season,132,124,5,9,CHI,HOU,116.2,111.13,113.6,103.55,0.4698,0.3377,1.0,0.4,115.8,,110.0,113.32,116.1,96.41,0.4844,0.33,1.0,0.5,106.5,,7.14,4,12,-8,0,0,115.0,125.0,0.2,5
177,0022501046,2026-03-23,2025-26,Regular Season,129,96,10,13,LAC,MIL,120.3,120.01,118.96,98.96,0.5049,0.3671,1.0,0.5,124.4,,108.9,111.66,122.84,97.8,0.4835,0.3778,1.0,0.3,102.0,,1.16,7,2,5,0,0,115.0,117.5,0.25,4
176,0022501040,2026-03-23,2025-26,Regular Season,103,123,19,24,PHI,OKC,114.5,113.1,114.71,101.15,0.4762,0.2829,1.0,0.6,114.5,,113.8,114.69,104.46,99.15,0.4663,0.3287,1.0,1.0,114.17,,2.0,8,2,6,0,0,108.4,121.6,0.4,5
175,0022501039,2026-03-23,2025-26,Regular Season,126,128,17,18,ORL,IND,118.4,116.91,112.67,100.16,0.4633,0.3415,1.0,0.6,118.2,,111.5,112.28,126.37,99.55,0.4643,0.3553,1.0,0.0,113.71,,0.61,2,2,0,0,0,115.77777777777777,112.44444444444444,0.7777777777777778,9
174,0022501038,2026-03-23,2025-26,Regular Season,113,110,29,11,DET,LAL,118.6,120.54,111.81,98.45,0.4887,0.37,1.0,0.6,119.25,,120.3,121.21,113.66,98.26,0.5058,0.3705,1.0,0.9,115.2,,0.19,3,2,1,0,0,115.6,116.2,0.6,5
173,0022501044,2026-03-23,2025-26,Regular Season,131,137,6,8,DAL,GSW,113.5,110.6,122.09,101.6,0.4569,0.3662,1.0,0.2,118.67,,111.1,111.1,117.6,98.21,0.4497,0.3273,1.0,0.2,108.75,,3.39,2,2,0,0,0,116.1,115.8,0.6,10
172,0022501043,2026-03-23,2025-26,Regular Season,127,143,26,25,UTA,TOR,113.9,113.45,118.41,100.5,0.4538,0.3534,1.0,0.3,120.0,,112.7,114.97,114.77,98.1,0.49,0.3434,1.0,0.4,111.5,,2.4,2,1,1,0,1,119.6,116.6,0.4,5
171,0022501045,2026-03-23,2025-26,Regular Season,134,99,21,15,POR,BKN,114.1,112.52,109.23,101.2,0.4554,0.3429,1.0,0.6,118.67,,103.8,105.24,116.44,98.85,0.4344,0.3643,1.0,0.2,106.6,,2.35,10,1,9,0,1,117.6,111.8,0.8,5
169,0022501041,2026-03-23,2025-26,Regular Season,111,136,12,23,MIA,SAS,123.2,119.81,115.38,102.9,0.4753,0.3391,1.0,0.6,125.14,,123.9,124.69,113.64,99.3,0.4948,0.3918,1.0,0.9,125.5,,3.6,4,6,-2,0,0,112.5,105.25,0.75,4
167,0022501048,2026-03-24,2025-26,Regular Season,121,116,16,4,NYK,NOP,117.6,120.13,109.69,97.8,0.4876,0.3612,1.0,0.7,122.75,,117.9,117.59,111.6,100.2,0.4789,0.3607,1.0,0.6,113.75,,2.4,2,11,-9,0,0,111.0,104.5,0.75,4
168,0022501047,2026-03-24,2025-26,Regular Season,134,90,30,22,CHA,SAC,116.6,120.13,109.81,96.9,0.4588,0.3956,1.0,0.7,125.4,,115.7,114.57,117.85,101.35,0.4922,0.3599,1.0,0.5,118.0,,4.45,3,10,-7,0,0,103.2,118.2,0.4,5
165,0022501049,2026-03-24,2025-26,Regular Season,136,131,3,17,CLE,ORL,116.1,119.52,114.97,97.1,0.4812,0.3736,1.0,0.7,111.5,,119.5,118.15,114.47,99.97,0.469,0.3435,1.0,0.5,118.6,,2.87,9,5,4,0,0,107.11764705882354,103.6470588235294,0.5882352941176471,17
166,0022501050,2026-03-24,2025-26,Regular Season,123,125,20,7,PHX,DEN,113.7,118.52,115.77,95.6,0.4648,0.3858,1.0,0.5,113.5,,123.0,120.06,115.47,101.51,0.5016,0.4013,1.0,0.6,126.25,,5.91,2,6,-4,0,0,111.22222222222223,119.33333333333333,0.3333333333333333,9
162,0022501054,2026-03-25,2025-26,Regular Season,119,109,2,24,BOS,OKC,109.6,113.33,111.03,96.65,0.4383,0.3269,1.0,0.6,108.67,,116.1,116.87,105.97,99.25,0.475,0.3521,1.0,1.0,118.0,,2.6,3,2,1,0,0,112.8,110.8,0.2,5
161,0022501059,2026-03-25,2025-26,Regular Season,142,135,7,6,DEN,DAL,123.5,120.7,116.24,101.56,0.5007,0.3967,1.0,0.6,121.0,,115.2,110.79,122.38,101.98,0.4702,0.3668,1.0,0.2,110.83,,0.42,3,9,-6,0,0,119.55555555555556,113.88888888888889,0.5555555555555556,9
156,0022501056,2026-03-25,2025-26,Regular Season,98,123,27,23,MEM,SAS,113.8,112.71,126.32,100.85,0.4436,0.3511,1.0,0.1,117.25,,125.4,124.8,112.85,100.45,0.4923,0.3916,1.0,0.9,129.0,,0.4,5,2,3,0,0,114.81818181818181,110.27272727272727,0.6363636363636364,11
155,0022501053,2026-03-25,2025-26,Regular Season,157,137,19,5,PHI,CHI,114.2,112.24,116.04,101.75,0.4743,0.2942,1.0,0.5,113.75,,117.4,111.81,115.74,103.95,0.4686,0.351,1.0,0.4,116.6,,2.2,2,12,-10,0,0,105.33333333333333,110.33333333333333,0.3333333333333333,9
154,0022501062,2026-03-25,2025-26,Regular Season,119,94,10,25,LAC,TOR,122.0,122.0,117.02,98.8,0.5141,0.3754,1.0,0.6,125.17,,117.5,117.98,114.51,99.65,0.5059,0.3689,1.0,0.5,116.0,,0.85,2,2,0,0,0,117.4,112.4,0.8,5
153,0022501055,2026-03-25,2025-26,Regular Season,103,120,3,12,CLE,MIA,119.1,122.76,118.1,97.0,0.4931,0.3655,1.0,0.7,116.4,,121.9,117.9,118.29,103.55,0.4658,0.3338,1.0,0.5,118.67,,6.55,1,4,-3,1,0,116.76923076923077,109.92307692307692,0.6153846153846154,13
160,0022501051,2026-03-25,2025-26,Regular Season,129,130,29,1,DET,ATL,119.3,121.4,110.79,98.35,0.494,0.3694,1.0,0.7,118.0,,123.6,121.4,108.78,101.6,0.4998,0.3752,1.0,0.9,120.33,,3.25,2,5,-3,0,0,123.55555555555556,119.55555555555556,0.6666666666666666,9
159,0022501052,2026-03-25,2025-26,Regular Season,130,137,18,11,IND,LAL,113.6,115.09,126.73,98.95,0.4763,0.3732,1.0,0.1,106.33,,120.0,121.14,113.56,97.91,0.5022,0.3562,1.0,0.9,114.6,,1.04,7,2,5,0,0,121.4,122.4,0.2,5
158,0022501057,2026-03-25,2025-26,Regular Season,110,133,26,28,UTA,WAS,116.4,114.15,120.37,102.0,0.4599,0.3587,1.0,0.3,121.4,,114.3,110.41,126.17,102.47,0.4713,0.387,1.0,0.0,118.2,,0.47,2,3,-1,0,0,124.4,114.4,0.8,5
157,0022501061,2026-03-25,2025-26,Regular Season,130,99,21,13,POR,MIL,115.3,113.08,107.0,101.85,0.4599,0.3554,1.0,0.6,122.5,,107.2,109.91,122.77,97.75,0.4775,0.3835,1.0,0.3,100.8,,4.1,2,2,0,0,0,113.2,108.2,0.8,5
163,0022501058,2026-03-25,2025-26,Regular Season,110,108,14,9,MIN,HOU,114.0,113.11,113.75,100.75,0.4844,0.3657,1.0,0.5,114.8,,111.1,113.4,116.59,98.3,0.4919,0.3156,1.0,0.5,112.33,,2.45,5,2,3,0,0,114.625,108.125,0.625,8
164,0022501060,2026-03-25,2025-26,Regular Season,109,106,8,15,GSW,BKN,113.3,111.39,117.89,99.53,0.4523,0.3267,1.0,0.2,120.5,,102.7,103.73,116.61,99.35,0.4325,0.3529,1.0,0.2,104.4,,0.18,12,2,10,0,0,118.8,114.4,0.8,5
151,0022501063,2026-03-26,2025-26,Regular Season,114,103,30,16,CHA,NYK,118.3,121.88,109.81,96.9,0.4622,0.4037,1.0,0.7,128.8,,119.7,122.94,111.9,97.2,0.4974,0.372,1.0,0.8,114.17,,0.3,2,6,-4,0,0,101.25,115.0,0.125,8
150,0022501065,2026-03-26,2025-26,Regular Season,121,117,17,22,ORL,SAC,120.7,120.25,119.62,99.32,0.4716,0.3529,1.0,0.4,120.4,,114.4,113.26,120.14,101.25,0.4873,0.3661,1.0,0.5,104.0,,1.93,3,2,1,0,0,124.8,108.6,0.6,5
152,0022501064,2026-03-26,2025-26,Regular Season,129,108,29,4,DET,NOP,121.7,122.41,111.58,98.56,0.5026,0.3582,1.0,0.8,122.8,,119.4,120.39,113.93,99.15,0.4878,0.3772,1.0,0.6,117.5,,0.59,1,2,-1,1,0,119.0,107.25,0.75,4
145,0022501072,2026-03-27,2025-26,Regular Season,135,129,7,26,DEN,UTA,127.4,123.8,115.16,102.01,0.5123,0.4267,1.0,0.7,128.8,,115.2,111.08,120.55,103.65,0.4557,0.3399,1.0,0.2,108.75,,1.64,2,9,-7,0,0,126.55555555555556,110.77777777777777,0.8888888888888888,9
144,0022501067,2026-03-27,2025-26,Regular Season,109,102,2,1,BOS,ATL,112.6,115.93,109.27,97.2,0.4472,0.343,1.0,0.7,113.67,,123.5,119.74,108.96,101.81,0.4931,0.3654,1.0,0.8,120.0,,4.61,2,2,0,0,0,118.88888888888889,112.77777777777777,0.4444444444444444,9
143,0022501075,2026-03-27,2025-26,Regular Season,116,99,11,15,LAL,BKN,120.9,121.28,114.35,98.41,0.5055,0.3494,1.0,0.9,124.75,,102.6,103.2,116.37,99.85,0.4368,0.356,1.0,0.1,104.2,,1.44,13,2,11,0,0,112.6,111.0,0.6,5
142,0022501068,2026-03-27,2025-26,Regular Season,149,128,3,12,CLE,MIA,118.1,121.36,119.0,97.25,0.4921,0.3609,1.0,0.6,114.4,,121.3,117.92,118.23,103.0,0.465,0.3405,1.0,0.5,119.0,,5.75,2,2,0,0,0,115.78571428571429,110.64285714285714,0.5714285714285714,14
141,0022501074,2026-03-27,2025-26,Regular Season,93,100,21,6,POR,DAL,118.4,116.41,106.09,101.85,0.4726,0.3709,1.0,0.7,124.0,,118.7,113.97,123.9,102.33,0.4788,0.3611,1.0,0.2,116.67,,0.48,2,2,0,0,0,116.6,128.9,0.2,10
140,0022501073,2026-03-27,2025-26,Regular Season,131,126,8,28,GSW,WAS,114.5,111.54,117.1,100.48,0.4643,0.3289,1.0,0.3,116.67,,116.4,110.59,123.1,104.12,0.4798,0.3847,1.0,0.1,120.67,,3.64,2,2,0,0,0,124.8,114.6,1.0,5
148,0022501071,2026-03-27,2025-26,Regular Season,119,106,25,4,TOR,NOP,116.2,116.72,115.31,99.45,0.4982,0.3605,1.0,0.5,121.0,,116.9,118.21,114.73,98.95,0.4841,0.3779,1.0,0.5,111.25,,0.5,12,1,11,0,1,108.2,119.2,0.4,5
149,0022501069,2026-03-27,2025-26,Regular Season,109,119,27,9,MEM,HOU,111.6,110.08,125.81,101.25,0.4348,0.3459,1.0,0.1,111.75,,111.3,112.69,117.07,98.04,0.4789,0.3203,1.0,0.4,111.25,,3.21,2,2,0,0,0,108.1,116.2,0.2,10
147,0022501066,2026-03-27,2025-26,Regular Season,113,114,18,10,IND,LAC,114.9,115.88,126.87,99.45,0.4852,0.3913,1.0,0.1,112.25,,121.6,121.72,114.67,98.6,0.5153,0.3976,1.0,0.6,115.33,,0.85,2,6,-4,0,0,123.0,124.0,0.6,5
146,0022501070,2026-03-27,2025-26,Regular Season,131,113,24,5,OKC,CHI,115.4,117.17,108.05,98.35,0.4791,0.3607,1.0,0.9,113.25,,120.3,113.74,118.58,104.7,0.4743,0.3482,1.0,0.4,120.0,,6.35,12,2,10,0,0,122.75,105.5,1.0,4
139,0022501081,2026-03-28,2025-26,Regular Season,134,109,20,26,PHX,UTA,114.2,118.65,116.32,95.9,0.4642,0.3875,1.0,0.4,114.75,,118.2,113.25,121.88,104.35,0.4771,0.3427,1.0,0.2,116.25,,8.45,4,1,3,0,1,128.33333333333334,120.55555555555556,0.8888888888888888,9
137,0022501077,2026-03-28,2025-26,Regular Season,114,118,30,19,CHA,PHI,117.9,121.72,111.71,96.65,0.4687,0.4039,1.0,0.7,126.33,,118.3,114.87,116.02,102.75,0.4749,0.3025,1.0,0.6,114.2,,6.1,2,7,-5,0,0,104.9,112.6,0.1,10
138,0022501076,2026-03-28,2025-26,Regular Season,95,127,13,23,MIL,SAS,105.8,108.18,125.9,97.9,0.4697,0.3805,1.0,0.2,113.75,,126.1,125.26,111.15,100.7,0.4956,0.3849,1.0,0.9,127.5,,2.8,11,3,8,0,0,119.4,121.6,0.6,5
134,0022501080,2026-03-28,2025-26,Regular Season,87,109,14,29,MIN,DET,113.5,111.66,112.6,100.79,0.4742,0.3589,1.0,0.5,113.8,,123.6,123.47,109.72,99.16,0.5147,0.3821,1.0,0.9,123.25,,1.63,3,9,-6,0,0,114.5,107.75,0.75,4
136,0022501078,2026-03-28,2025-26,Regular Season,123,113,1,22,ATL,SAC,121.2,118.81,109.68,100.61,0.4768,0.3605,1.0,0.7,125.0,,113.8,113.98,120.34,100.15,0.4879,0.3827,1.0,0.5,108.33,,0.46,5,2,3,0,0,114.8,114.0,0.4,5
135,0022501079,2026-03-28,2025-26,Regular Season,125,124,27,5,MEM,CHI,111.0,109.82,125.22,101.05,0.4353,0.341,1.0,0.1,111.2,,121.1,114.31,121.18,104.85,0.4684,0.3551,1.0,0.3,121.33,,3.8,1,1,0,1,1,115.6,126.4,0.2,5
131,0022501084,2026-03-29,2025-26,Regular Season,116,99,15,22,BKN,SAC,99.9,100.34,116.71,99.8,0.4232,0.3301,1.0,0.0,94.75,,112.5,113.4,122.44,99.5,0.4915,0.3823,1.0,0.4,109.5,,0.3,9,1,8,0,1,104.2,115.4,0.2,5
132,0022501082,2026-03-29,2025-26,Regular Season,113,127,13,10,MIL,LAC,106.2,108.59,125.32,98.0,0.4705,0.3814,1.0,0.2,114.75,,120.4,120.76,114.18,98.51,0.5118,0.3896,1.0,0.6,115.0,,0.51,1,2,-1,1,0,113.2,117.8,0.6,5
129,0022501083,2026-03-29,2025-26,Regular Season,135,118,18,12,IND,MIA,115.1,116.19,125.55,99.25,0.4914,0.4024,1.0,0.1,112.4,,121.3,116.84,119.9,103.9,0.4626,0.3257,1.0,0.4,119.0,,4.65,2,2,0,0,0,123.33333333333333,122.33333333333333,0.5555555555555556,9
128,0022501089,2026-03-29,2025-26,Regular Season,111,100,24,16,OKC,NYK,118.2,119.37,108.61,98.95,0.4804,0.3537,1.0,0.9,116.8,,115.8,120.45,114.55,96.0,0.4907,0.3628,1.0,0.7,107.67,,2.95,2,3,-1,0,0,117.6,108.0,1.0,5
127,0022501087,2026-03-29,2025-26,Regular Season,123,88,21,28,POR,WAS,114.6,112.51,104.83,102.05,0.4613,0.361,1.0,0.6,116.4,,117.2,111.36,122.56,104.07,0.4873,0.3943,1.0,0.1,122.0,,2.02,2,2,0,0,0,115.4,110.6,0.6,5
126,0022501090,2026-03-29,2025-26,Regular Season,116,93,7,8,DEN,GSW,128.3,124.06,114.43,102.56,0.5138,0.4258,1.0,0.8,129.83,,116.0,112.3,117.08,101.08,0.4727,0.3413,1.0,0.4,113.17,,1.48,2,6,-4,0,0,120.33333333333333,116.77777777777777,0.6666666666666666,9
125,0022501088,2026-03-29,2025-26,Regular Season,102,134,4,9,NOP,HOU,115.9,116.6,114.34,99.4,0.4814,0.3672,1.0,0.5,120.67,,111.2,113.08,114.09,97.59,0.4779,0.3281,1.0,0.5,111.0,,1.81,8,2,6,0,0,112.7,118.0,0.3,10
130,0022501086,2026-03-29,2025-26,Regular Season,139,87,25,17,TOR,ORL,115.9,116.54,116.71,99.4,0.4993,0.3684,1.0,0.5,120.0,,119.8,119.58,122.56,99.12,0.4694,0.3586,1.0,0.4,118.75,,0.28,2,5,-3,0,0,106.33333333333333,111.11111111111111,0.4444444444444444,9
133,0022501085,2026-03-29,2025-26,Regular Season,99,114,30,2,CHA,BOS,117.3,121.47,111.07,96.35,0.4635,0.3983,1.0,0.7,125.33,,111.5,116.03,110.68,96.15,0.4466,0.3497,1.0,0.7,111.0,,0.2,1,9,-8,1,0,104.125,114.5,0.25,8
119,0022501093,2026-03-30,2025-26,Regular Season,105,131,27,20,MEM,PHX,110.6,108.31,122.66,102.05,0.4325,0.3331,1.0,0.2,113.5,,116.5,118.94,115.45,97.55,0.4686,0.3806,1.0,0.4,113.83,,4.5,2,11,-9,0,0,115.33333333333333,117.88888888888889,0.6666666666666666,9
117,0022501098,2026-03-30,2025-26,Regular Season,120,101,11,28,LAL,WAS,121.5,121.78,114.45,98.51,0.5166,0.3593,1.0,0.9,126.25,,113.1,109.06,121.89,102.47,0.4724,0.3753,1.0,0.1,115.17,,3.96,3,1,2,0,1,129.2,109.2,1.0,5
118,0022501097,2026-03-30,2025-26,Regular Season,114,110,24,29,OKC,DET,118.9,120.26,108.93,98.9,0.4848,0.3537,1.0,0.9,118.2,,120.7,120.06,107.87,99.56,0.5106,0.369,1.0,0.9,116.0,,0.66,1,2,-1,1,0,113.0,113.5,0.5,4
120,0022501095,2026-03-30,2025-26,Regular Season,94,124,6,14,DAL,MIN,119.5,114.39,120.76,102.68,0.4834,0.3736,1.0,0.3,121.75,,113.0,111.43,112.17,100.39,0.4703,0.3573,1.0,0.5,113.2,,2.29,7,8,-1,0,0,107.66666666666667,112.53333333333333,0.4,15
124,0022501091,2026-03-30,2025-26,Regular Season,119,109,12,19,MIA,PHI,121.0,115.95,121.54,104.5,0.4629,0.3244,1.0,0.3,123.2,,120.0,116.3,115.66,103.0,0.4778,0.3207,1.0,0.7,117.6,,1.5,7,2,5,0,0,111.7,105.5,0.7,10
121,0022501094,2026-03-30,2025-26,Regular Season,129,114,23,5,SAS,CHI,124.3,124.0,109.06,100.3,0.4927,0.3724,1.0,0.9,121.2,,122.5,114.8,120.21,105.65,0.4767,0.3476,1.0,0.3,123.67,,5.35,9,2,7,0,0,113.0,121.16666666666667,0.16666666666666666,6
123,0022501092,2026-03-30,2025-26,Regular Season,112,102,1,2,ATL,BOS,121.1,118.96,110.13,100.36,0.4758,0.3606,1.0,0.7,124.83,,112.0,116.84,111.02,95.95,0.4532,0.3514,1.0,0.7,112.25,,4.41,2,1,1,0,1,111.7,117.9,0.5,10
122,0022501096,2026-03-30,2025-26,Regular Season,113,122,26,3,UTA,CLE,117.2,111.49,122.8,105.05,0.4756,0.3509,1.0,0.1,119.6,,123.2,124.49,119.13,98.8,0.505,0.3783,1.0,0.7,121.8,,6.25,5,9,-4,0,0,111.2,121.8,0.2,5
112,0022501100,2026-03-31,2025-26,Regular Season,86,117,15,30,BKN,CHA,101.5,101.91,112.49,99.9,0.4306,0.3374,1.0,0.1,98.75,,117.3,121.1,111.13,96.6,0.4649,0.3929,1.0,0.7,107.33,,3.3,2,17,-15,0,0,109.875,108.75,0.5,8
116,0022501103,2026-03-31,2025-26,Regular Season,127,113,11,3,LAL,CLE,121.5,120.91,113.51,99.06,0.5239,0.3596,1.0,0.9,126.25,,123.9,124.34,119.35,99.6,0.512,0.3607,1.0,0.7,121.83,,0.54,1,1,0,1,1,111.2,119.4,0.4,5
115,0022501102,2026-03-31,2025-26,Regular Season,111,94,9,16,HOU,NYK,113.3,114.85,113.98,97.94,0.4746,0.3273,1.0,0.5,111.0,,116.1,121.3,115.28,95.5,0.4919,0.3822,1.0,0.7,108.17,,2.44,10,2,8,0,0,106.4,108.2,0.4,5
114,0022501099,2026-03-31,2025-26,Regular Season,115,111,17,20,ORL,PHX,115.7,114.62,122.96,100.02,0.4554,0.348,1.0,0.3,119.0,,116.7,119.27,114.54,97.5,0.4652,0.3713,1.0,0.4,114.17,,2.52,5,1,4,0,1,110.8,106.4,0.6,5
113,0022501104,2026-03-31,2025-26,Regular Season,104,114,10,21,LAC,POR,117.8,118.48,112.82,98.35,0.5068,0.3815,1.0,0.6,118.2,,116.8,114.25,102.97,102.45,0.4703,0.3562,1.0,0.7,112.8,,4.1,6,9,-3,0,0,119.5,107.125,0.875,8
111,0022500652,2026-03-31,2025-26,Regular Season,123,99,13,6,MIL,DAL,106.1,108.26,124.99,98.15,0.4712,0.3848,1.0,0.2,114.5,,117.7,112.32,120.15,103.08,0.4705,0.3571,1.0,0.3,119.2,,4.93,2,4,-2,0,0,129.2,116.0,1.0,5
110,0022501101,2026-03-31,2025-26,Regular Season,127,116,29,25,DET,TOR,118.6,117.82,108.04,98.82,0.499,0.3662,1.0,0.8,122.4,,119.9,119.47,113.31,100.25,0.5131,0.3882,1.0,0.6,116.67,,1.43,5,6,-1,0,0,113.0,111.22222222222223,0.7777777777777778,9
102,0022501110,2026-04-01,2025-26,Regular Season,119,113,9,13,HOU,MIL,115.1,118.31,111.38,96.84,0.4851,0.3581,1.0,0.6,111.0,,107.9,109.04,123.09,98.95,0.4664,0.3872,1.0,0.3,99.6,,2.11,1,7,-6,1,0,110.6,109.8,0.6,5
107,0022501106,2026-04-01,2025-26,Regular Season,129,147,12,2,MIA,BOS,117.9,115.12,121.6,102.65,0.4591,0.3217,1.0,0.3,117.0,,110.6,115.54,109.83,95.85,0.4472,0.3519,1.0,0.7,108.75,,6.8,2,2,0,0,0,99.42857142857143,111.07142857142857,0.14285714285714285,14
106,0022501107,2026-04-01,2025-26,Regular Season,101,130,17,1,ORL,ATL,113.6,113.55,121.65,100.45,0.4527,0.3384,1.0,0.3,114.8,,121.5,119.47,110.53,100.36,0.4832,0.3701,1.0,0.7,115.5,,0.09,1,5,-4,1,0,108.8,113.6,0.3,10
104,0022501003,2026-04-01,2025-26,Regular Season,119,130,27,16,MEM,NYK,109.9,107.83,124.13,101.8,0.4414,0.3406,1.0,0.2,112.33,,113.7,120.18,115.56,94.2,0.4832,0.3766,1.0,0.7,104.17,,7.6,2,1,1,0,1,109.2,123.8,0.0,5
101,0022501109,2026-04-01,2025-26,Regular Season,126,145,5,18,CHI,IND,120.9,114.16,121.66,105.85,0.4783,0.3452,1.0,0.2,120.75,,117.7,118.79,126.36,99.0,0.5081,0.4184,1.0,0.2,120.0,,6.85,9,9,0,0,0,114.6,117.5,0.3,10
109,0022501105,2026-04-01,2025-26,Regular Season,131,153,28,19,WAS,PHI,110.1,107.67,121.93,102.15,0.4708,0.3649,1.0,0.1,110.0,,117.0,113.57,114.67,102.9,0.4672,0.3168,1.0,0.6,116.17,,0.75,11,2,9,0,0,112.33333333333333,125.77777777777777,0.1111111111111111,9
105,0022501112,2026-04-01,2025-26,Regular Season,117,130,26,7,UTA,DEN,116.8,110.75,120.95,105.45,0.475,0.3526,1.0,0.1,118.8,,127.0,123.37,115.13,101.96,0.5086,0.4202,1.0,0.8,126.0,,3.49,2,8,-6,0,0,112.6,127.4,0.1,10
108,0022501113,2026-04-01,2025-26,Regular Season,113,127,8,23,GSW,SAS,112.9,111.23,117.73,100.33,0.473,0.3376,1.0,0.4,119.0,,124.7,124.02,108.64,100.55,0.4919,0.371,1.0,0.9,127.4,,0.22,5,4,1,0,0,116.0,113.1,0.6,10
103,0022501108,2026-04-01,2025-26,Regular Season,115,123,25,22,TOR,SAC,120.4,120.19,114.3,99.95,0.5199,0.3909,1.0,0.6,124.75,,111.0,113.06,124.27,98.45,0.4888,0.3786,1.0,0.3,107.4,,1.5,3,3,0,0,0,115.8,123.4,0.4,5
99,0022501114,2026-04-02,2025-26,Regular Season,127,107,30,20,CHA,PHX,118.7,123.02,109.98,96.2,0.4734,0.3869,1.0,0.7,121.57,,115.5,116.64,113.94,98.75,0.4527,0.3611,1.0,0.3,112.17,,2.55,4,2,2,0,0,108.4,115.0,0.2,5
100,0022501118,2026-04-02,2025-26,Regular Season,118,106,21,4,POR,NOP,115.8,115.05,103.65,100.95,0.4637,0.3525,1.0,0.7,120.0,,112.3,113.66,116.53,98.9,0.4716,0.3678,1.0,0.4,108.75,,2.05,4,6,-2,0,0,112.3,110.6,0.5,10
98,0022501119,2026-04-02,2025-26,Regular Season,99,118,10,23,LAC,SAS,116.3,118.24,114.62,97.3,0.5089,0.3867,1.0,0.5,115.2,,124.3,124.57,107.12,99.85,0.4939,0.3625,1.0,1.0,127.33,,2.55,2,1,1,0,1,113.625,111.875,0.625,8
97,0022501117,2026-04-02,2025-26,Regular Season,111,118,8,3,GSW,CLE,112.5,110.84,117.73,100.33,0.4816,0.3463,1.0,0.4,117.67,,123.0,123.15,118.98,99.8,0.512,0.3554,1.0,0.7,120.33,,0.53,1,2,-1,1,0,103.66666666666667,114.33333333333333,0.3333333333333333,3
96,0022501116,2026-04-02,2025-26,Regular Season,139,96,24,11,OKC,LAL,117.4,118.22,106.81,98.41,0.4812,0.3427,1.0,0.9,115.2,,120.0,120.08,112.54,98.51,0.5225,0.3543,1.0,0.9,118.33,,0.1,3,8,-5,0,0,115.33333333333333,112.0,0.5555555555555556,9
95,0022501115,2026-04-02,2025-26,Regular Season,113,108,29,14,DET,MIN,118.7,117.79,108.53,98.92,0.505,0.3884,1.0,0.8,122.6,,114.8,112.31,108.67,101.19,0.4771,0.3775,1.0,0.6,116.8,,2.27,2,3,-1,0,0,108.0,109.0,0.4,5
87,0022501125,2026-04-03,2025-26,Regular Season,96,128,27,25,MEM,TOR,110.8,109.38,124.95,101.4,0.45,0.3484,1.0,0.2,113.29,,119.7,119.21,115.12,100.05,0.5209,0.3781,1.0,0.5,117.5,,1.35,2,3,-1,0,0,123.2,113.2,0.6,5
89,0022501123,2026-04-03,2025-26,Regular Season,136,96,16,5,NYK,CHI,113.3,120.05,116.4,93.85,0.4862,0.3747,1.0,0.7,128.0,,120.5,112.99,121.3,106.45,0.4731,0.3368,1.0,0.2,119.2,,12.6,10,4,6,0,0,118.4,116.8,0.6,10
88,0022501128,2026-04-03,2025-26,Regular Season,117,113,22,4,SAC,NOP,112.4,114.14,123.81,98.7,0.4803,0.383,1.0,0.4,116.0,,110.7,112.53,117.33,98.65,0.4657,0.3586,1.0,0.3,108.2,,0.05,12,1,11,0,1,113.45454545454545,124.72727272727273,0.2727272727272727,11
86,0022501124,2026-04-03,2025-26,Regular Season,140,106,9,26,HOU,UTA,116.3,119.46,112.36,96.84,0.4896,0.3669,1.0,0.6,113.0,,117.1,110.93,121.51,105.5,0.4756,0.3417,1.0,0.1,115.0,,8.66,2,6,-4,0,0,125.4,114.7,0.7,10
94,0022501127,2026-04-03,2025-26,Regular Season,127,138,6,17,DAL,ORL,115.6,109.64,120.24,103.88,0.4575,0.3505,1.0,0.2,116.2,,111.6,111.65,122.66,100.55,0.4431,0.3259,1.0,0.2,110.25,,3.33,4,5,-1,0,0,113.5,105.25,0.75,4
92,0022501122,2026-04-03,2025-26,Regular Season,107,141,15,1,BKN,ATL,100.4,101.06,114.01,99.5,0.4218,0.3231,1.0,0.1,96.2,,122.3,119.54,110.35,100.86,0.4848,0.3738,1.0,0.7,118.4,,1.36,3,2,1,0,0,115.7,116.6,0.4,10
91,0022501121,2026-04-03,2025-26,Regular Season,115,103,19,14,PHI,MIN,121.4,117.59,114.43,103.1,0.4821,0.3425,1.0,0.7,118.25,,112.8,110.14,104.79,101.29,0.4616,0.3645,1.0,0.6,112.8,,1.81,9,1,8,0,1,116.4,114.6,0.4,5
90,0022501126,2026-04-03,2025-26,Regular Season,101,133,13,2,MIL,BOS,109.3,111.39,123.54,98.25,0.4649,0.3973,1.0,0.3,116.2,,115.1,119.48,111.3,96.6,0.4653,0.3686,1.0,0.8,120.0,,1.65,3,2,1,0,0,107.0,109.3,0.3,10
93,0022501120,2026-04-03,2025-26,Regular Season,129,108,30,18,CHA,IND,119.7,124.06,109.64,96.25,0.4794,0.3761,1.0,0.7,122.25,,121.4,120.97,125.0,100.3,0.5199,0.4301,1.0,0.3,125.0,,4.05,1,2,-1,1,0,111.88888888888889,113.55555555555556,0.4444444444444444,9
85,0022501131,2026-04-04,2025-26,Regular Season,93,116,19,29,PHI,DET,122.5,118.46,114.83,103.3,0.4858,0.3651,1.0,0.7,121.0,,119.2,117.39,106.38,99.77,0.5045,0.3934,1.0,0.9,116.5,,3.53,1,5,-4,1,0,112.55555555555556,109.66666666666667,0.4444444444444444,9
84,0022501130,2026-04-04,2025-26,Regular Season,136,134,7,23,DEN,SAS,126.4,122.81,114.04,101.86,0.507,0.4279,1.0,0.8,127.67,,124.6,124.5,106.49,100.15,0.5006,0.3679,1.0,1.0,126.0,,1.71,6,2,4,0,0,121.0,117.66666666666667,0.5555555555555556,9
83,0022501129,2026-04-04,2025-26,Regular Season,152,136,12,28,MIA,WAS,119.6,117.17,126.35,102.3,0.4641,0.3387,1.0,0.2,120.4,,113.2,110.05,125.31,102.75,0.4789,0.3664,1.0,0.1,112.2,,0.45,3,5,-2,0,0,120.375,106.5,0.75,8
79,0022501139,2026-04-05,2025-26,Regular Season,146,111,24,26,OKC,UTA,120.9,120.16,104.92,99.66,0.4875,0.3629,1.0,0.9,122.2,,116.6,110.55,124.11,105.35,0.4727,0.3269,1.0,0.1,113.75,,5.69,3,2,1,0,0,130.8181818181818,114.18181818181819,0.9090909090909091,11
73,0022501134,2026-04-05,2025-26,Regular Season,110,120,5,20,CHI,PHX,119.3,112.0,123.23,106.25,0.4721,0.3389,1.0,0.2,121.8,,114.7,116.04,114.46,98.65,0.4514,0.3592,1.0,0.3,110.83,,7.6,4,3,1,0,0,114.0,116.5,0.25,4
82,0022501137,2026-04-05,2025-26,Regular Season,108,122,14,30,MIN,CHA,110.4,107.67,104.38,101.44,0.4431,0.3571,1.0,0.5,112.8,,122.4,126.46,108.44,96.6,0.4897,0.3918,1.0,0.8,117.0,,4.84,8,5,3,0,0,121.8,110.6,0.8,5
80,0022501132,2026-04-05,2025-26,Regular Season,115,101,2,25,BOS,TOR,117.3,122.3,112.18,96.05,0.4774,0.3884,1.0,0.8,112.0,,120.6,119.23,113.07,100.8,0.5249,0.387,1.0,0.5,119.0,,4.75,9,2,7,0,0,115.0,105.0,0.9,10
76,0022501142,2026-04-05,2025-26,Regular Season,116,117,8,9,GSW,HOU,112.9,110.2,117.71,101.13,0.4764,0.3368,1.0,0.4,116.0,,121.1,123.21,111.9,97.84,0.4969,0.3946,1.0,0.7,121.25,,3.29,3,7,-4,0,0,107.125,105.0,0.625,16
81,0022501133,2026-04-05,2025-26,Regular Season,121,115,15,28,BKN,WAS,101.4,101.55,117.27,99.9,0.4352,0.3311,1.0,0.1,98.0,,115.1,111.39,127.27,103.2,0.4748,0.3707,1.0,0.1,116.17,,3.3,2,1,1,0,1,113.44444444444444,111.33333333333333,0.5555555555555556,9
77,0022501135,2026-04-05,2025-26,Regular Season,131,115,13,27,MIL,MEM,106.0,108.41,124.88,97.95,0.4527,0.3897,1.0,0.2,109.6,,109.7,108.41,124.56,101.35,0.4447,0.3387,1.0,0.2,104.0,,3.4,2,13,-11,0,0,106.6,120.6,0.0,5
75,0022501136,2026-04-05,2025-26,Regular Season,117,108,3,18,CLE,IND,121.0,121.3,119.57,99.75,0.5017,0.3524,1.0,0.7,127.0,,123.0,122.4,127.51,100.55,0.5268,0.4455,1.0,0.3,122.17,,0.8,9,2,7,0,0,116.64285714285714,115.71428571428571,0.5,14
74,0022501138,2026-04-05,2025-26,Regular Season,108,112,4,17,NOP,ORL,111.5,112.89,117.77,99.1,0.4693,0.3592,1.0,0.3,113.2,,114.2,113.64,122.29,101.05,0.457,0.3471,1.0,0.3,116.75,,1.95,7,2,5,0,0,102.6,118.8,0.0,5
72,0022501141,2026-04-05,2025-26,Regular Season,109,138,22,10,SAC,LAC,112.3,114.28,124.65,98.4,0.4729,0.3689,1.0,0.4,116.2,,115.3,117.55,114.98,97.01,0.5055,0.3719,1.0,0.5,117.4,,1.39,2,7,-5,0,0,105.72727272727273,111.72727272727273,0.2727272727272727,11
78,0022501140,2026-04-05,2025-26,Regular Season,134,128,6,11,DAL,LAL,117.8,110.79,119.37,104.68,0.4601,0.3565,1.0,0.2,120.6,,116.9,117.75,114.78,98.85,0.5139,0.3443,1.0,0.8,115.14,,5.83,2,3,-1,0,0,109.77777777777777,115.33333333333333,0.3333333333333333,9
67,0022501143,2026-04-06,2025-26,Regular Season,105,108,1,16,ATL,NYK,124.0,121.18,109.87,100.86,0.4953,0.3851,1.0,0.7,126.75,,116.8,123.13,116.52,94.2,0.4969,0.3846,1.0,0.7,104.0,,6.66,7,5,2,0,0,117.55555555555556,116.44444444444444,0.4444444444444444,9
68,0022501144,2026-04-06,2025-26,Regular Season,123,107,17,29,ORL,DET,114.6,113.72,121.28,101.45,0.4602,0.3343,1.0,0.4,113.4,,117.8,117.11,104.91,98.87,0.5028,0.392,1.0,0.9,113.0,,2.58,5,2,3,0,0,110.7,105.8,0.7,10
69,0022501146,2026-04-06,2025-26,Regular Season,115,102,23,19,SAS,PHI,126.1,124.65,107.58,100.08,0.5009,0.3734,1.0,0.9,121.33,,120.9,118.08,117.3,102.2,0.4847,0.3647,1.0,0.6,123.5,,2.12,7,5,2,0,0,122.8,117.6,0.4,5
70,0022501147,2026-04-06,2025-26,Regular Season,137,132,7,21,DEN,POR,127.5,124.26,114.68,101.68,0.5092,0.4304,1.0,0.9,128.86,,117.3,116.73,103.98,100.55,0.4703,0.3596,1.0,0.8,115.0,,1.13,2,6,-4,0,0,125.0909090909091,113.63636363636364,0.7272727272727273,11
71,0022501145,2026-04-06,2025-26,Regular Season,126,142,27,3,MEM,CLE,108.7,108.11,126.7,100.65,0.4431,0.343,1.0,0.1,109.14,,120.7,121.47,117.73,99.4,0.4973,0.3474,1.0,0.8,117.0,,1.25,3,4,-1,0,0,109.2,117.6,0.0,5
59,0022501148,2026-04-07,2025-26,Regular Season,98,129,28,5,WAS,CHI,114.9,111.54,126.74,102.9,0.4811,0.3635,1.0,0.1,112.33,,117.1,109.64,124.7,106.25,0.4656,0.327,1.0,0.1,116.8,,3.35,6,4,2,0,0,109.875,121.625,0.25,8
63,0022501155,2026-04-07,2025-26,Regular Season,87,123,11,24,LAL,OKC,119.7,119.43,117.81,99.9,0.5215,0.3504,1.0,0.7,121.0,,123.9,122.2,104.7,100.51,0.5046,0.3787,1.0,0.9,119.6,,0.61,7,13,-6,0,0,110.4,117.7,0.4,10
62,0022501153,2026-04-07,2025-26,Regular Season,156,137,4,26,NOP,UTA,109.4,111.35,118.36,98.65,0.4605,0.3601,1.0,0.2,109.0,,116.6,110.55,124.39,105.2,0.4727,0.3295,1.0,0.1,113.75,,6.55,2,2,0,0,0,123.11111111111111,114.88888888888889,0.7777777777777778,9
61,0022501157,2026-04-07,2025-26,Regular Season,105,119,20,9,PHX,HOU,115.5,116.13,112.41,99.4,0.4574,0.3673,1.0,0.4,120.5,,121.2,123.58,111.32,97.64,0.5024,0.405,1.0,0.8,120.4,,1.76,10,2,8,0,0,106.9,115.9,0.2,10
60,0022501150,2026-04-07,2025-26,Regular Season,96,90,15,13,BKN,MIL,104.0,104.27,117.37,99.85,0.4457,0.3421,1.0,0.2,102.33,,107.5,109.3,123.2,98.55,0.4652,0.3953,1.0,0.3,102.4,,1.3,2,6,-4,0,0,113.5,111.5,0.5,8
64,0022501151,2026-04-07,2025-26,Regular Season,121,95,25,12,TOR,MIA,116.8,116.55,114.84,99.8,0.5154,0.3846,1.0,0.4,124.33,,123.1,120.24,127.42,102.55,0.4756,0.3507,1.0,0.3,118.8,,2.75,6,9,-3,0,0,109.3,111.0,0.4,10
66,0022501149,2026-04-07,2025-26,Regular Season,113,102,2,30,BOS,CHA,116.8,121.53,110.82,96.25,0.482,0.3745,1.0,0.8,111.0,,121.0,126.08,109.47,95.8,0.4855,0.3935,1.0,0.8,119.5,,0.45,2,2,0,0,0,114.44444444444444,103.55555555555556,0.7777777777777778,9
65,0022501154,2026-04-07,2025-26,Regular Season,110,105,8,22,GSW,SAC,112.0,110.29,118.91,100.23,0.4759,0.3437,1.0,0.3,116.0,,111.6,113.6,127.51,98.3,0.4776,0.3664,1.0,0.3,108.4,,1.93,2,6,-4,0,0,123.375,118.25,0.375,8
58,0022501156,2026-04-07,2025-26,Regular Season,116,103,10,6,LAC,DAL,117.6,119.46,113.42,97.41,0.5105,0.3828,1.0,0.6,112.75,,118.2,111.18,120.15,104.68,0.4595,0.3503,1.0,0.2,111.25,,7.27,5,7,-2,0,0,111.6,107.73333333333333,0.6,15
57,0022501152,2026-04-07,2025-26,Regular Season,104,124,18,14,IND,MIN,121.5,120.5,125.37,100.85,0.5133,0.4341,1.0,0.3,124.25,,110.9,108.4,105.23,101.24,0.4421,0.3484,1.0,0.5,109.25,,0.39,9,4,5,0,0,116.2,117.4,0.4,5
52,0022501161,2026-04-08,2025-26,Regular Season,112,101,23,21,SAS,POR,124.4,123.31,107.7,99.78,0.4987,0.3568,1.0,0.9,119.75,,119.1,117.78,107.4,100.16,0.4662,0.3654,1.0,0.7,118.6,,0.38,2,2,0,0,0,116.22222222222223,110.11111111111111,0.6666666666666666,9
56,0022501164,2026-04-08,2025-26,Regular Season,112,107,20,6,PHX,DAL,115.6,116.65,112.71,99.2,0.462,0.3548,1.0,0.4,117.4,,117.4,110.72,119.26,104.38,0.4522,0.3326,1.0,0.2,109.25,,5.18,1,1,0,1,1,116.0,112.66666666666667,0.6666666666666666,9
55,0022501162,2026-04-08,2025-26,Regular Season,136,119,7,27,DEN,MEM,128.8,125.37,118.02,100.79,0.5107,0.4135,1.0,0.9,130.71,,110.1,108.79,128.43,101.25,0.4443,0.3596,1.0,0.1,107.67,,0.46,2,3,-1,0,0,121.11111111111111,111.0,0.7777777777777778,9
54,0022501158,2026-04-08,2025-26,Regular Season,122,116,3,1,CLE,ATL,122.6,122.31,117.88,100.15,0.5069,0.3516,1.0,0.8,126.25,,121.0,119.14,109.81,99.96,0.4814,0.3832,1.0,0.6,119.6,,0.19,3,5,-2,0,0,119.33333333333333,115.22222222222223,0.5555555555555556,9
53,0022501159,2026-04-08,2025-26,Regular Season,132,120,17,14,ORL,MIN,115.8,114.11,118.54,102.0,0.4689,0.3433,1.0,0.5,115.0,,111.7,108.48,105.03,101.64,0.4426,0.3578,1.0,0.5,112.2,,0.36,2,1,1,0,1,103.8,106.6,0.4,5
51,0022501163,2026-04-08,2025-26,Regular Season,110,128,10,24,LAC,OKC,118.3,119.05,110.09,98.46,0.504,0.3916,1.0,0.7,113.4,,124.9,123.71,102.98,100.11,0.5108,0.3989,1.0,0.9,121.6,,1.65,1,1,0,1,1,108.55555555555556,120.66666666666667,0.1111111111111111,9
50,0022501160,2026-04-08,2025-26,Regular Season,137,111,29,13,DET,MIL,116.8,115.68,107.14,99.32,0.5068,0.3953,1.0,0.8,121.0,,106.9,109.38,120.72,97.85,0.4674,0.3945,1.0,0.3,101.2,,1.47,6,1,5,0,1,120.3,127.0,0.2,10
48,0022501167,2026-04-09,2025-26,Regular Season,94,123,15,18,BKN,IND,104.4,105.74,115.42,98.75,0.453,0.3453,1.0,0.3,103.0,,120.9,119.14,123.12,101.6,0.5094,0.424,1.0,0.3,121.6,,2.85,2,4,-2,0,0,105.33333333333333,111.0,0.3333333333333333,9
49,0022501166,2026-04-09,2025-26,Regular Season,108,119,28,5,WAS,CHI,115.2,110.93,126.86,103.85,0.4802,0.3529,1.0,0.1,113.33,,119.1,111.49,120.7,106.35,0.4674,0.3313,1.0,0.2,118.83,,2.5,2,2,0,0,0,108.55555555555556,122.44444444444444,0.2222222222222222,9
46,0022501165,2026-04-09,2025-26,Regular Season,128,114,25,12,TOR,MIA,117.4,116.3,111.55,100.45,0.5137,0.3952,1.0,0.5,123.5,,122.0,119.45,126.45,102.2,0.4715,0.3586,1.0,0.3,116.6,,1.75,2,2,0,0,0,110.36363636363636,109.54545454545455,0.45454545454545453,11
47,0022501170,2026-04-09,2025-26,Regular Season,103,119,8,11,GSW,LAL,113.1,111.75,117.96,99.83,0.481,0.3651,1.0,0.4,115.0,,116.0,115.48,118.54,99.95,0.5048,0.3381,1.0,0.6,118.33,,0.12,2,4,-2,0,0,119.0,118.9090909090909,0.45454545454545453,11
44,0022501169,2026-04-09,2025-26,Regular Season,113,102,9,19,HOU,PHI,121.4,124.02,112.83,97.29,0.4968,0.3951,1.0,0.8,123.25,,121.5,119.37,117.35,101.45,0.4839,0.375,1.0,0.6,124.5,,4.16,6,3,3,0,0,126.0,127.0,0.4,5
45,0022501168,2026-04-09,2025-26,Regular Season,112,106,16,2,NYK,BOS,116.6,122.8,115.71,94.5,0.5005,0.3866,1.0,0.7,134.5,,116.1,121.69,112.03,95.5,0.4836,0.3791,1.0,0.8,122.6,,1.0,6,6,0,0,0,109.0625,112.25,0.4375,16
31,0022501178,2026-04-10,2025-26,Regular Season,132,136,9,14,HOU,MIN,120.4,122.01,109.89,98.09,0.4897,0.3838,1.0,0.8,120.75,,109.0,107.0,107.92,100.79,0.4384,0.3525,1.0,0.4,113.5,,2.7,1,2,-1,1,0,108.11111111111111,114.11111111111111,0.3333333333333333,9
36,0022501177,2026-04-10,2025-26,Regular Season,103,127,5,17,CHI,ORL,120.0,111.93,119.52,106.8,0.4689,0.3272,1.0,0.3,122.67,,118.6,116.35,119.37,102.55,0.4792,0.355,1.0,0.6,117.0,,4.25,5,5,0,0,0,109.4,111.8,0.4,10
35,0022501183,2026-04-10,2025-26,Regular Season,116,97,21,10,POR,LAC,116.5,114.95,106.35,100.41,0.4668,0.363,1.0,0.6,119.6,,119.4,119.95,112.31,98.6,0.5044,0.4041,1.0,0.7,129.25,,1.81,8,5,3,0,0,107.88888888888889,117.77777777777777,0.2222222222222222,9
30,0022501173,2026-04-10,2025-26,Regular Season,124,102,1,3,ATL,CLE,123.1,120.88,109.84,100.31,0.487,0.3928,1.0,0.6,122.4,,123.3,122.77,118.25,100.35,0.5095,0.3539,1.0,0.8,121.2,,0.04,4,4,0,0,0,115.3,119.6,0.4,10
33,0022501175,2026-04-10,2025-26,Regular Season,94,105,18,19,IND,PHI,121.3,118.83,119.33,102.15,0.5109,0.4054,1.0,0.4,120.5,,117.8,116.03,117.08,101.25,0.4786,0.3622,1.0,0.5,118.33,,0.9,3,1,2,0,1,114.875,114.0,0.5,8
32,0022501176,2026-04-10,2025-26,Regular Season,112,95,16,25,NYK,TOR,114.2,121.36,116.3,93.7,0.5003,0.3856,1.0,0.7,128.5,,120.4,119.82,111.18,100.2,0.5156,0.4064,1.0,0.6,116.4,,6.5,1,5,-4,1,0,122.83333333333333,105.41666666666667,1.0,12
40,0022501182,2026-04-10,2025-26,Regular Season,127,107,7,24,DEN,OKC,130.6,128.14,118.35,99.94,0.5207,0.4163,1.0,1.0,131.38,,125.6,125.01,105.24,99.61,0.5157,0.3971,1.0,0.9,123.0,,0.33,2,2,0,0,0,109.76470588235294,117.94117647058823,0.29411764705882354,17
34,0022501185,2026-04-10,2025-26,Regular Season,101,73,11,20,LAL,PHX,114.5,115.53,117.51,98.8,0.513,0.3495,1.0,0.6,112.5,,116.8,118.13,113.45,99.05,0.4664,0.3642,1.0,0.5,117.25,,0.25,3,5,-2,0,0,109.54545454545455,116.81818181818181,0.36363636363636365,11
43,0022501179,2026-04-10,2025-26,Regular Season,125,108,13,15,MIL,BKN,107.2,109.58,123.88,98.0,0.4593,0.3875,1.0,0.2,112.6,,104.6,105.3,117.66,99.45,0.452,0.3296,1.0,0.3,106.5,,1.45,5,14,-9,0,0,109.11111111111111,111.55555555555556,0.4444444444444444,9
41,0022501184,2026-04-10,2025-26,Regular Season,124,118,22,8,SAC,GSW,111.7,114.37,125.77,97.8,0.4806,0.363,1.0,0.3,117.5,,113.3,113.05,119.72,98.78,0.4855,0.3587,1.0,0.4,113.33,,0.98,5,12,-7,0,0,116.77777777777777,121.88888888888889,0.5555555555555556,9
37,0022501174,2026-04-10,2025-26,Regular Season,144,118,2,4,BOS,NOP,115.0,121.68,113.21,94.6,0.4839,0.3901,1.0,0.7,109.6,,112.6,111.09,118.24,101.3,0.465,0.3581,1.0,0.2,109.8,,6.7,3,7,-4,0,0,116.4,105.8,1.0,5
39,0022501172,2026-04-10,2025-26,Regular Season,117,140,28,12,WAS,MIA,114.9,109.92,124.91,104.5,0.4747,0.3382,1.0,0.1,112.33,,120.8,119.35,127.19,101.25,0.4765,0.367,1.0,0.3,116.17,,3.25,1,1,0,1,1,109.77777777777777,123.88888888888889,0.2222222222222222,9
38,0022501180,2026-04-10,2025-26,Regular Season,139,120,23,6,SAS,DAL,125.5,123.88,107.39,100.23,0.5054,0.3653,1.0,0.9,122.5,,116.1,110.55,118.19,103.38,0.445,0.3294,1.0,0.2,108.8,,3.15,2,2,0,0,0,117.4,119.2,0.4,10
42,0022501181,2026-04-10,2025-26,Regular Season,147,101,26,27,UTA,MEM,117.5,108.98,127.58,107.4,0.4698,0.3233,1.0,0.0,116.6,,111.9,110.49,129.5,101.35,0.4493,0.3628,1.0,0.1,113.67,,6.05,9,2,7,0,0,113.5,125.5,0.125,8
29,0022501171,2026-04-10,2025-26,Regular Season,100,118,30,29,CHA,DET,118.2,124.16,110.31,95.15,0.4762,0.3784,1.0,0.7,120.14,,119.0,119.08,109.18,98.42,0.5116,0.4182,1.0,0.8,110.5,,3.27,7,4,3,0,0,102.5,110.875,0.25,8
23,0022501197,2026-04-12,2025-26,Regular Season,118,128,23,7,SAS,DEN,126.0,124.24,107.49,100.28,0.5051,0.3677,1.0,0.9,123.75,,131.2,127.99,116.63,100.64,0.5169,0.4184,1.0,1.0,127.5,,0.36,2,11,-9,0,0,119.3,122.5,0.4,10
16,0022501199,2026-04-12,2025-26,Regular Season,115,110,10,8,LAC,GSW,115.3,117.14,112.04,98.55,0.4911,0.3866,1.0,0.6,112.83,,114.1,113.84,119.53,98.78,0.4836,0.3619,1.0,0.4,116.0,,0.23,4,2,2,0,0,110.36363636363636,107.72727272727273,0.8181818181818182,11
28,0022501190,2026-04-12,2025-26,Regular Season,96,110,16,30,NYK,CHA,116.1,123.81,117.04,93.3,0.5142,0.3838,1.0,0.7,125.2,,115.8,122.05,112.53,94.8,0.4619,0.3642,1.0,0.6,113.67,,1.5,2,5,-3,0,0,113.66666666666667,102.66666666666667,0.7777777777777778,9
27,0022501191,2026-04-12,2025-26,Regular Season,126,106,19,13,PHI,MIL,115.7,113.78,114.77,101.45,0.469,0.3572,1.0,0.5,117.0,,110.1,112.7,121.83,97.9,0.4709,0.3985,1.0,0.3,103.25,,3.55,8,4,4,0,0,115.44444444444444,119.77777777777777,0.3333333333333333,9
26,0022501198,2026-04-12,2025-26,Regular Season,131,107,11,26,LAL,UTA,114.1,115.7,114.79,98.25,0.5189,0.3645,1.0,0.6,110.2,,120.6,109.87,123.58,109.25,0.4856,0.3437,1.0,0.1,118.4,,11.0,2,5,-3,0,0,126.5,118.6,0.8,10
24,0022501192,2026-04-12,2025-26,Regular Season,136,101,25,15,TOR,BKN,115.6,116.92,111.67,98.55,0.5035,0.3923,1.0,0.5,124.4,,103.2,103.84,117.28,99.55,0.4449,0.3272,1.0,0.3,103.0,,1.0,3,2,1,0,0,108.45454545454545,103.0,0.5454545454545454,11
20,0022501187,2026-04-12,2025-26,Regular Season,130,117,3,28,CLE,WAS,122.4,121.09,119.25,101.05,0.5071,0.349,1.0,0.7,125.4,,115.3,109.98,124.0,104.8,0.4764,0.3451,1.0,0.1,116.5,,3.75,4,7,-3,0,0,127.27272727272727,108.0,1.0,11
25,0022501193,2026-04-12,2025-26,Regular Season,149,128,6,5,DAL,CHI,115.0,110.19,119.07,103.78,0.4438,0.3287,1.0,0.2,121.5,,117.1,109.36,120.01,106.65,0.4626,0.3028,1.0,0.2,118.86,,2.87,7,3,4,0,0,118.25,108.75,0.75,4
21,0022501194,2026-04-12,2025-26,Regular Season,132,101,9,27,HOU,MEM,121.2,123.96,111.38,97.14,0.4973,0.3781,1.0,0.8,123.0,,111.3,108.45,127.61,103.1,0.4447,0.3514,1.0,0.1,111.67,,5.96,2,2,0,0,0,116.45454545454545,108.18181818181819,0.8181818181818182,11
19,0022501188,2026-04-12,2025-26,Regular Season,121,133,18,29,IND,DET,118.8,115.76,115.89,102.7,0.4966,0.3877,1.0,0.4,115.2,,119.5,119.48,108.02,98.52,0.5167,0.4092,1.0,0.8,112.0,,4.18,2,2,0,0,0,117.27272727272727,116.54545454545455,0.6363636363636364,11
18,0022501196,2026-04-12,2025-26,Regular Season,103,135,24,20,OKC,PHX,123.1,122.33,106.59,99.81,0.5043,0.3922,1.0,0.8,128.2,,113.6,114.83,112.93,98.85,0.4553,0.3432,1.0,0.5,108.4,,0.96,7,2,5,0,0,123.55555555555556,104.66666666666667,0.8888888888888888,9
17,0022501186,2026-04-12,2025-26,Regular Season,113,108,2,17,BOS,ORL,120.2,126.28,114.25,95.05,0.5023,0.412,1.0,0.8,120.0,,118.7,115.36,115.71,103.55,0.4802,0.3548,1.0,0.7,119.0,,8.5,2,2,0,0,0,109.28571428571429,103.28571428571429,0.6428571428571429,14
15,0022501200,2026-04-12,2025-26,Regular Season,122,110,21,22,POR,SAC,117.3,116.36,106.16,99.91,0.469,0.3695,1.0,0.6,119.0,,112.3,115.18,124.1,97.55,0.4784,0.3641,1.0,0.4,107.83,,2.36,2,5,-3,0,0,109.88888888888889,113.0,0.6666666666666666,9
14,0022501189,2026-04-12,2025-26,Regular Season,143,117,12,1,MIA,ATL,122.6,120.1,125.46,102.1,0.4852,0.3821,1.0,0.4,127.75,,122.9,120.69,109.06,100.31,0.4815,0.3967,1.0,0.6,123.8,,1.79,8,4,4,0,0,116.5,110.7,0.6,10
22,0022501195,2026-04-12,2025-26,Regular Season,132,126,14,4,MIN,NOP,112.2,110.2,110.45,100.74,0.4561,0.3704,1.0,0.5,101.67,,113.9,111.62,121.74,102.05,0.4634,0.348,1.0,0.1,111.17,,1.31,7,2,5,0,0,119.55555555555556,116.0,0.5555555555555556,9
10,0042500171,2026-04-18,2025-26,Playoffs,107,98,11,9,LAL,HOU,116.2,116.48,112.96,99.35,0.5256,0.381,1.0,0.7,113.67,,123.6,126.78,110.91,97.7,0.5021,0.3757,1.0,0.9,122.25,,1.65,6,11,-5,0,0,112.22222222222223,109.88888888888889,0.6666666666666666,9
11,0042500121,2026-04-18,2025-26,Playoffs,113,102,16,1,NYK,ATL,111.2,119.52,117.57,92.65,0.499,0.3632,1.0,0.6,115.4,,120.0,117.79,112.42,100.41,0.4755,0.389,1.0,0.5,122.67,,7.76,6,6,0,0,0,115.6,116.3,0.6,10
12,0042500131,2026-04-18,2025-26,Playoffs,126,113,3,25,CLE,TOR,121.8,119.79,117.3,101.5,0.5005,0.3509,1.0,0.7,124.2,,119.8,120.63,109.24,99.05,0.5256,0.4022,1.0,0.6,110.0,,2.45,6,8,-2,0,0,117.9,111.7,0.6,10
13,0042500161,2026-04-18,2025-26,Playoffs,116,105,7,14,DEN,MIN,131.2,127.99,117.22,100.64,0.5125,0.416,1.0,1.0,132.71,,115.2,112.22,113.12,101.44,0.4638,0.361,1.0,0.5,119.17,,0.8,8,8,0,0,0,109.22222222222223,113.16666666666667,0.4444444444444444,18
6,0042500111,2026-04-19,2025-26,Playoffs,123,91,2,19,BOS,PHI,119.6,124.77,113.19,95.9,0.4968,0.4061,1.0,0.8,118.8,,118.0,115.6,112.78,101.8,0.477,0.3592,1.0,0.6,114.83,,5.9,7,9,-2,0,0,116.0909090909091,107.9090909090909,0.7272727272727273,11
9,0042500101,2026-04-19,2025-26,Playoffs,101,112,29,17,DET,ORL,119.9,120.44,107.83,99.01,0.5219,0.4274,1.0,0.8,126.5,,116.4,112.0,112.3,104.45,0.471,0.3468,1.0,0.7,114.4,,5.44,11,7,4,0,0,105.9090909090909,111.81818181818181,0.2727272727272727,11
8,0042500141,2026-04-19,2025-26,Playoffs,119,84,24,20,OKC,PHX,121.1,120.66,110.07,99.56,0.4942,0.3874,1.0,0.7,124.0,,115.1,116.11,113.34,99.0,0.459,0.347,1.0,0.5,112.83,,0.56,7,7,0,0,0,121.5,107.7,0.8,10
7,0042500151,2026-04-19,2025-26,Playoffs,111,98,23,21,SAS,POR,124.2,123.1,109.79,99.73,0.5031,0.3647,1.0,0.8,122.6,,118.3,117.7,104.71,99.6,0.4722,0.3723,1.0,0.7,115.67,,0.13,7,11,-4,0,0,115.8,109.2,0.7,10
3,0042500122,2026-04-20,2025-26,Playoffs,106,107,16,1,NYK,ATL,110.4,117.92,115.26,93.3,0.4947,0.3718,1.0,0.6,113.8,,117.2,116.38,112.0,100.35,0.4716,0.3922,1.0,0.5,118.0,,7.05,2,2,0,0,0,115.36363636363636,115.0,0.6363636363636364,11
4,0042500132,2026-04-20,2025-26,Playoffs,115,105,3,25,CLE,TOR,124.1,121.9,116.46,101.65,0.5116,0.3685,1.0,0.8,128.8,,119.2,120.26,111.37,98.9,0.5261,0.4146,1.0,0.5,110.6,,2.75,2,2,0,0,0,118.63636363636364,111.81818181818181,0.6363636363636364,11
5,0042500162,2026-04-20,2025-26,Playoffs,114,119,7,14,DEN,MIN,130.3,126.6,114.99,101.04,0.5051,0.4032,1.0,1.0,130.63,,114.7,112.13,114.49,101.95,0.4681,0.3583,1.0,0.4,117.14,,0.91,2,2,0,0,0,109.57894736842105,112.73684210526316,0.47368421052631576,19
1,0042500112,2026-04-21,2025-26,Playoffs,97,111,2,19,BOS,PHI,121.0,125.47,111.36,96.5,0.4999,0.4025,1.0,0.8,121.6,,111.4,111.09,113.34,100.2,0.4606,0.3298,1.0,0.5,111.43,,3.7,2,2,0,0,0,116.66666666666667,106.5,0.75,12
2,0042500152,2026-04-21,2025-26,Playoffs,103,106,23,21,SAS,POR,123.0,122.48,110.39,99.18,0.499,0.3754,1.0,0.8,120.67,,114.7,115.39,107.22,98.41,0.4601,0.3512,1.0,0.6,111.25,,0.77,2,2,0,0,0,115.36363636363636,108.18181818181819,0.7272727272727273,11
